{"hash":0,"title":" Coronation chicken ","description":" Specially created for Queen Elizabeth\u0027s coronation lunch, this curry-flavoured salad with a fruity rice pilaf has become a traditional summer dish. Often made with cream and mayonnaise in the sauce, this updated version cuts the fat content by reducing the amount of mayonnaise and adding yogurt. ","ingredients":["1 chicken, about 1.7 kg (3¾ lb), without giblets","1 onion, sliced","1 large carrot, coarsely chopped","1 celery stick, chopped","6 black peppercorns, lightly crushed","1 bay leaf","1 large banana","2 courgettes, cut into thin ribbons with a vegetable peeler","sprigs of fresh mint to garnish","Curry dressing:","150 g (5½ oz) plain low-fat yogurt","4 tbsp mayonnaise","2 tbsp korma-flavoured curry paste","grated zest of 1 large lemon","1 tbsp lemon juice, or to taste","2 tbsp snipped fresh chives","2 tbsp chopped fresh mint","2 tbsp chopped parsley","salt and pepper","Raisin and mango pilaf:","375 g (13 oz) basmati rice, well rinsed","45 g (1½ oz) raisins","45 g (1½ oz) ready-to-eat dried mango, chopped","75 g (2½ oz) pecan nuts"],"directions":["1. Place the chicken in a large saucepan and cover with water. Add the onion, carrot and celery, and bring almost to boiling point, skimming the surface as necessary. When bubbles begin to break through the surface, reduce the heat so the water is just simmering. Add the peppercorns and bay leaf, and simmer for 45 minutes or until the juices run clear from the chicken when you pierce the thigh.","2. Remove the chicken from the liquid and set aside to cool. Pour the cooking liquid through a fine sieve into a measuring jug. Discard the vegetables.","3. To make the pilaf, put the rice in a saucepan and add 600 ml (1 pint) of the strained cooking liquid. Stir in the raisins and mango. Bring to the boil, then reduce the heat, cover and simmer for 8–10 minutes, or according to the packet instructions, until all the liquid has been absorbed and the rice is tender.","4. Remove the rice from the heat and set aside, covered, for 5 minutes. Then transfer the rice to a bowl and leave to cool completely.","5. Meanwhile, make the dressing. Put the yogurt, mayonnaise, curry paste, and lemon zest and juice in a large mixing bowl and mix until well blended. Stir in the chives, mint and parsley and seasoning to taste.","6. When the chicken is completely cool, remove the skin and cut the meat into bite-sized pieces. Fold them into the curry dressing. (If you like, cover the chicken and chill; remove from the fridge 15 minutes before serving.) Slice the banana and gently stir it into the chicken mixture.","7. Stir the pecans into the rice pilaf and spoon onto 6 plates. Arrange the courgette ribbons on the pilaf and top with the chicken mixture. Garnish with fresh mint sprigs and serve."],"nutritionList":["Calories 618 kcal","protein 42 g","Fat 21 g","Saturated Fat 3 g","Carbohydrates 65 g","Sugars 14 g","Fibre 2 g"],"serves":"serves: 6","preparationTime":"Ready in  2 hours 25 mins"}
