{"hash":0,"title":" Crab Cakes With Mango ","description":" I cooked crab meat in a pan and then topped it with yummy mango salsa. This dish is a huge hit with my friends and family. ","ingredients":["For Crab Cakes:","340 g crabmeat","1 cup plain bread crumbs","3/4 cup mayonnaise","1 egg, beaten","2 green onions, minced","Spicy sauce, to taste","Salt and pepper, to taste","For Mango Salsa:","1 mango, peeled, pitted and diced","1 red onion, diced","3 tablespoons chopped fresh basil","3 tablespoons chopped fresh coriander","1 lime, juiced","Minced green chilli, to taste","Salt and pepper, to taste","2 tablespoons vegetable oil"],"directions":["1. Drain the crabmeat. In a large bowl, mix the crabmeat, bread crumbs, mayonnaise, egg, green onions, hot sauce, and salt and pepper until combined. Shape the mixture into 16 small cakes. Refrigerate for 30 minutes.","2. Meanwhile, in a small bowl combine the diced mango, onion, basil, coriander, lime juice, chill, and salt and pepper. Refrigerate until ready to use.","3. Heat 2 tablespoons vegetable oil in a large skillet over medium heat. Cook crab cake patties until crisp and golden brown on both sides, about 4 minutes per side. Top with salsa."],"serves":"serves: 16","preparationTime":"Ready in  1 hour"}
