{"hash":0,"title":" Cuban Black Beans ","description":" Try this hearty and fragrant combination of black beans, spices, a splash of balsamic vinegar and vegetables. Great with plain rice or even on a jacket potato. ","ingredients":["1 (500g) pack dried black turtle beans, washed","1 onion, chopped","1 red pepper, chopped","1 green pepper, chopped","2 bay leaves","1 1/2 teaspoons paprika","1 1/2 teaspoons ground cumin","1 tablespoon dried oregano","2 minced green or Scotch bonnet chillies","3 cloves garlic, minced","4 tablespoons balsamic vinegar","salt and freshly ground black pepper to taste"],"directions":["1. In a large bowl, soak beans in water to cover overnight.","2. Rinse beans, and transfer to a large stockpot. Add onion, peppers, bay leaves, paprika, cumin, oregano and chillies, along with water to cover. Bring to a boil, reduce heat, and simmer for 1 1/2 hours.","3. Test beans for tenderness, and when tender add garlic and balsamic vinegar. Season with salt and pepper to taste."],"nutritionList":["Calories 296.6 kcal","Calories from Fat 13.6 kcal","Fat 1.5 g","Cholesterol 0 mg","Sodium 10.2 mg","Potassium 1321.7 mg","Carbohydrates 55.9 g","Dietary Fibre 13.3 g","Protein 17.6 g","Vitamin A 537.8 mcg","Vitamin C 94.3 mg","Calcium 127 mg","Iron 5.1 mg"],"serves":"serves: 6","preparationTime":"Ready in  1 hour 50 mins"}
