{"hash":0,"title":" Garlic Fillet Steaks ","description":" This is a very simple preparation for steak. We use loads of garlic! We barbecue them and serve with baked potatoes and a green salad. ","ingredients":["1kg (2 1/4 lb) beef fillet steaks","1 bulb garlic, cloves separated, peeled and sliced","salt and freshly ground black pepper to taste"],"directions":["1. Using a sharp knife, punch holes into steak. Stuff holes with garlic. Cover, and refrigerate for at least 4 hours.","2. Preheat barbecue for hot heat.","3. Place steaks on the barbecue, garlic side up. Cook for 4 to 5 minutes, turn, and season with salt and pepper. Continue cooking until done, another 4 to 5 minutes, or to desired temperature."],"nutritionList":["Calories 304.6 kcal","Total Fat 13.5 g","Saturated Fat 5 g","Sodium 87.1 mg","Protein 38.9 g"],"serves":"serves: 4","preparationTime":"Ready in  40 mins"}
