{"hash":0,"title":" Ponche de Frutas (Mexican Fruit Punch) ","description":" Ponche de Frutas (Mexican Fruit Punch) ","ingredients":["1L strong brewed black tea, cooled","200g caster sugar","3 oranges, juiced","3 lemons, juiced","225g seedless green grapes, halved","225g plums, stones removed and diced","1 pineapple - peeled, cored and diced","crushed ice"],"directions":["1. Brew the black tea and add sugar after removing the tea bags or leaves. Stir until sugar is dissolved. Chill in the refrigerator until cold.","2. In a large punch bowl, combine orange juice, lemon juice, grapes, plums and pineapple. Stir in sugar and tea mixture, and add crushed ice."],"nutritionList":["Calories 80.1 kcal","Total Fat 0.3 g","Saturated Fat 0 g","Salt 4 mg","Protein 0.7 g","Sugars 18.3 g"],"serves":"serves: 20","preparationTime":"Ready in  20 mins"}
