{"hash":0,"title":" Aam Salad In Adraki-Carrot Dressing ","description":" Aam Salad In Adraki-Carrot Dressing ","ingredients":["4 tablespoons rice vinegar","2 tablespoons sesame oil","1 tablespoon grated fresh ginger","1 tablespoon grated carrot","1 teaspoon lime juice","250g (1 cup) mixed salad leaves like lettuce, spinach, cabbage etc","1 mango - peeled, stone removed and diced","2 teaspoons til (sesame seeds)"],"directions":["1. In a small bowl, mix rice vinegar, sesame oil, ginger, carrot and lime juice.","2. In a medium bowl, toss rice vinegar mixture with salad leaves and mango. Sprinkle with sesame seeds to serve."],"nutritionList":["Calories 114.5 kcal","Total Fat 7.9 g","Saturated Fat 1.1 g","Salt 7.2 mg","Protein 1.3 g"],"serves":"serves: 4","preparationTime":"Ready in  35 mins"}
