{"hash":0,"title":" German Biscuits ","description":" Love snuggling with \u0027warm\u0027 spices in winter? Now, in just half an hour, you can whip up atta, cinnamon, nutmeg, cloves, honey and sugar into a \"Lebkuchen\"- a wonderful traditional German Christmas time treat. Enjoy! ","ingredients":["100g honey","100g treacle (can use molasses or honey)","175g dark brown soft sugar or plain sugar","1 egg","1 tablespoon lemon juice","1 teaspoon lemon zest","350g plain flour","1/2 teaspoon bicarbonate of soda","1 teaspoon ground cinnamon","1 teaspoon ground cloves","1 teaspoon ground allspice","1 teaspoon ground nutmeg","85 gms diced candied citron (can use candied orange peel)","30g chopped hazelnuts","For the icing:","200g caster sugar","100ml water","2 tablespoons icing sugar"],"directions":["1. In a medium pan, stir together the honey and treacle. Bring the mixture to a boil, remove from heat and stir in the brown sugar, egg, lemon juice and lemon zest. In a large bowl, stir together the flour, bicarbonate of soda, cinnamon, cloves, allspice and nutmeg. Add the treacle mixture to the dry ingredients and mix well. Stir in the citron and hazelnuts. Cover dough and chill overnight.","2. Preheat oven to 180 C. Grease baking trays. Using a small amount of dough at a time, roll out on a lightly floured surface to .5cm (1/4 in) thickness. Cut into small rectangles and place them 2cm (3/4 in) apart on the prepared baking tray.","3. Bake for 10 to 12 minutes in the preheated oven, until no imprint remains when touched lightly. Brush the icing over the biscuits while they are still hot and quickly remove them to wire cooling racks. Store in airtight container for a few days to mellow.","4. To make the icing: Combine the sugar and water in a small pan. Heat to between 110 to 115 C, or until a small amount dropped into cold water forms a soft ball that flattens when removed from the water and placed on a flat surface. Remove from heat and stir in the icing sugar. If icing becomes grainy while brushing biscuits, re-heat slightly, adding a little water until crystals dissolve."],"nutritionList":["Calories 60 kcal","Total Fat 0.5 g","Saturated Fat 0.1 g","Salt 15 mg","Protein 0.7 g"],"serves":"serves: 72","preparationTime":"Ready in  30 mins"}
