{"hash":0,"title":" Barbecued salmon with soy and brown sugar marinade ","description":" A simple soy sauce and brown sugar marinade, with hints of lemon and garlic, is the perfect salty-sweet complement to rich salmon fillets. Even my 9-year-old loves this recipe! ","ingredients":["1 tablespoon lemon zest","1 tablespoon minced garlic","freshly ground black pepper to taste","5 tablespoons soy sauce","4 tablespoons dark brown soft sugar","5 tablespoons water","4 tablespoons vegetable oil","700g (1.5 lb) salmon fillets"],"directions":["1. In a small bowl, stir together lemon zest, garlic, pepper, soy sauce, sugar, water and vegetable oil until sugar is dissolved. Place fish in a large resealable plastic bag with the marinade, seal, and turn to coat. Refrigerate for at least 2 hours.","2. Preheat barbecue for medium heat.","3. Lightly oil cooking grate. Place salmon on the preheated barbecue, and discard marinade. Cook salmon for 6 to 8 minutes per side, or until it flakes easily with a fork."],"nutritionList":["Calories 317.7 kcal","Total Fat 20.1 g","Saturated Fat 3.4 g","Sodium 1104.3 mg","Protein 20.3 g"],"serves":"serves: 6","preparationTime":"Ready in  2 hours 25 mins"}
