{"hash":0,"title":" Fennel and Mustard Seed Chicken ","description":" Fennel and Mustard Seed Chicken ","ingredients":["4 chicken breasts, skin on and bone in","salt and freshly ground black pepper to taste","1 tablespoon mustard seed","1 tablespoon fennel seed","2 tablespoons olive oil","2 cloves garlic, thinly sliced"],"directions":["1. Sprinkle chicken with salt and pepper to taste. Grind the fennel and mustard seeds in a clean coffee grinder. Sprinkle freshly ground spices over chicken pieces.","2. In a large frying pan, heat olive oil over medium heat. Cook garlic in the olive oil, stirring frequently. Once the garlic begins to brown, place the chicken skin side down in the pan. Increase heat to high, and brown evenly. Reduce heat, and cover. Cook chicken until juices run clear and meat is tender."],"nutritionList":["Calories 377 kcal","Calories from Fat 175.6 kcal","Fat 19.5 g","Saturated Fat 4.3 g","Cholesterol 126.6 mg","Sodium 399.4 mg","Potassium 419.1 mg","Carbohydrates 2.2 g","Dietary Fibre 1 g","Protein 45.9 g","Vitamin A 43.2 mcg","Vitamin C 0.9 mg","Calcium 55.9 mg","Iron 2.2 mg","Thiamin 0.1 mg","Niacin Equivalents 28.3 mg","Magnesium 55 mg"],"serves":"serves: 4","preparationTime":"Ready in  30 mins"}
