{"hash":0,"title":" Cucumber Salad from Mexico ","description":" Cucumber Salad from Mexico ","ingredients":["1 medium cucumber, chopped","1 (198g) tin sweetcorn, drained","2 large tomatoes, chopped","1 green capsicum, chopped","1 red capsicum, chopped","2 tablespoons red wine vinegar","1 tablespoon dried crushed red chilli flakes","1 clove garlic, minced","1/2 teaspoon cumin","1/4 teaspoon salt","1/8 teaspoon ground black pepper","handful fresh chopped coriander"],"directions":["1. In a large bowl, toss together the cucumber, sweetcorn, tomatoes, green and red capsicum and red wine vinegar. Season with remaining ingredients. Cover, and chill at least 30 minutes before serving."],"nutritionList":["Calories 76.4 kcal","Total Fat 0.9 g","Saturated Fat 0.2 g","Salt 351.6 mg","Protein 2.6 g"],"serves":"serves: 6","preparationTime":"Ready in  50 mins"}
