{"hash":0,"title":" Butter Roasted Pecans ","description":" This recipe makes plenty of addictive buttery pecans to snack on. Good for nibbles at parties. You need to use good quality salted butter. ","ingredients":["250g (9 oz) salted butter, melted","800g (1 3/4 lb) pecans","salt to taste"],"directions":["1. Preheat oven to 140 C / Gas mark 1.","2. Pour the butter into a medium bowl, and mix in the pecans. Stir until the pecans are well coated.","3. Arrange coated pecans in a single layer on one or two medium baking trays. Sprinkle with salt.","4. Bake in the preheated oven approximately 1 hour, stirring occasionally. Remove from heat, cool and store in covered containers."],"nutritionList":["Calories 546.8 kcal","Total Fat 58.2 g","Saturated Fat 13.2 g","Sodium 156.3 mg","Protein 5.6 g","Sugars 2.4 g"],"serves":"serves: 12","preparationTime":"Ready in  1 hour 10 mins"}
