{"hash":0,"title":" Fresh and Spicy Salsa ","description":" Great as a starter for a party, this dish is bursting with flavour! The chillies and spicy sauce add heat, and the coriander, lime juice and green onions create freshness. ","ingredients":["5 tomatoes, seeded and chopped","10 green onions","2 fresh green chillies, seeded","1 clove garlic, minced","handful chopped fresh coriander","2 tablespoons fresh lime juice","2 tablespoons spicy-sour chilli sauce","1 teaspoon freshly ground black pepper","1 teaspoon salt"],"directions":["1. In a mixie, pulse the tomatoes, green onions, chillies, garlic and coriander. If you like your salsa almost liquid, pulse for longer or for a coarse texture, pulse little. After you get the desired consistency, transfer salsa to a bowl, and mix in the lime juice, hot sauce, black pepper and salt. Serve immediately with chips. Refrigerate salsa until serving."],"nutritionList":["Calories 9.4 kcal","Total Fat 0.1 g","Saturated Fat 0 g","Salt 160.2 mg","Protein 0.4 g"],"serves":"serves: 16","preparationTime":"Ready in  25 mins"}
