{"hash":0,"title":" Courgettes with Chickpea and Mushroom Stuffing ","description":" Courgettes are hollowed out and filled with a sauté of onions, mushrooms, chickpeas, lemon juice, herbs and spices. A hearty vegan dish that is great to serve with a tomato sauce. ","ingredients":["4 courgettes, halved","1 tablespoon olive oil","1 onion, chopped","2 cloves garlic, crushed","100g (4 oz) mushrooms, sliced","1 teaspoon ground coriander","1 1/2 teaspoons ground cumin, or to taste","1 (400g) tin chickpeas, drained and rinsed","1/2 lemon, juiced","handful chopped fresh parsley","sea salt and freshly ground black pepper to taste"],"directions":["1. Preheat oven to 180 C / Gas mark 4. Grease a shallow baking dish.","2. Scoop out the flesh of the courgettes; chop the flesh and set aside. Place the shells in the prepared dish, hollowed side up.","3. Heat oil in a large frying pan over medium heat. Sauté onions for 5 minutes, then add garlic and sauté 2 minutes more. Stir in chopped courgette and mushrooms; sauté 5 minutes. Stir in coriander, cumin, chickpeas, lemon juice, salt and pepper. Spoon mixture into courgette shells.","4. Bake in preheated oven for 30 to 40 minutes, or until courgettes are tender."],"nutritionList":["Calories 107.4 kcal","Calories from Fat 24.1 kcal","Fat 2.7 g","Saturated Fat 0.3 g","Cholesterol 0 mg","Sodium 170 mg","Potassium 433.5 mg","Carbohydrates 18.4 g","Dietary Fibre 4.5 g","Protein 4.5 g","Vitamin A 116.2 mcg","Vitamin C 17.4 mg","Calcium 47.6 mg","Iron 1.8 mg","Niacin Equivalents 1.8 mg","Magnesium 43.7 mg","Folate 61.5 mcg"],"serves":"serves: 8","preparationTime":"Ready in  1 hour"}
