{"hash":0,"title":" Polenta and corn pudding ","description":" This is a satisfying, sunny yellow dish made with instant polenta and canned sweetcorn kernels baked in a cheesy batter. Serve with a chunky homemade tomato sauce. ","ingredients":["2 tbsp fresh or dried wholemeal breadcrumbs","350g instant polenta","1 tsp mustard powder","400ml boiling water","2 large eggs, separated","2 x 198g cans sweetcorn with peppers, drained","8 spring onions, chopped","2 tbsp snipped fresh chives","75g mature Cheddar cheese, coarsely grated","150ml buttermilk"],"directions":["1. Preheat the oven to 220°C/gas 7. Lightly oil a large ovenproof baking dish of about 2.4 litre capacity, then sprinkle the breadcrumbs around the inside of the dish.","2. Put the polenta in a large heatproof bowl and stir in the mustard, then pour in the boiling water and stir until smooth. Cool slightly, then stir in the egg yolks, sweetcorn, spring onions, chives and about 40g of the cheese. Add the buttermilk and stir to form a thick batter.","3. Whisk the egg whites in a separate bowl until stiff peaks form. Beat 1 large spoonful of the egg whites into the batter to lighten it, then fold in the remaining whites.","4. Spoon the mixture into the prepared dish and sprinkle the remaining cheese over the top. Bake for 40–45 minutes until the top is set and golden brown. Serve at once, straight from the dish."],"nutritionList":["Calories 561 kcal","Protein 20 g","Fat 13 g","Saturates 5 g","Carbohydrates 93 g","Sugars 10 g","Fibre 3 g","Sodium 430 mg","Vegetables 101 g"],"serves":"serves: 4","preparationTime":"Ready in  1 hour 10 mins"}
