{"hash":0,"title":" Creamy Peach Milkshake ","description":" Creamy Peach Milkshake ","ingredients":["400g sliced peaches. Can use fresh or tinned and drained.","4 scoops vanilla ice cream","450ml vanilla flavoured milk","4 tablespoons orange juice"],"directions":["1. In a mixie, combine peaches, ice cream, milk and orange juice. Blend until smooth. Pour into glasses and serve."],"nutritionList":["Calories 190.4 kcal","Total Fat 5.4 g","Saturated Fat 1.9 g","Salt 86.2 mg","Protein 5 g"],"serves":"serves: 4","preparationTime":"Ready in  6 mins"}
