{"hash":0,"title":" Homemade Chai ","description":" Homemade Chai ","ingredients":["450ml (16 fl oz) water","4 tablespoons loose black tea","4 tablespoons honey","1/2 teaspoon vanilla extract","1 cinnamon stick","5 whole cloves","1/4 teaspoon ground cardamom","1/4 teaspoon ground ginger","1 pinch ground nutmeg","450ml (16 fl oz) semi skimmed milk"],"directions":["1. In a saucepan, bring water to the boil. Add tea, honey and vanilla. Season with cinnamon, cloves, cardamom, ginger and nutmeg. Simmer for 5 minutes. Pour in milk, and bring to the boil. Remove from heat, and strain through a fine sieve."],"nutritionList":["Calories 135 kcal","Calories from Fat 22.9 kcal","Fat 2.5 g","Sodium 69.1 mg","Carbohydrates 25 g","Dietary Fibre 1 g","Protein 4.3 g","Vitamin A 76.3 mcg","Vitamin C 1.6 mg","Calcium 170.9 mg","Iron 0.6 mg"],"serves":"serves: 4","preparationTime":"Ready in  15 mins"}
