{"hash":0,"title":" Pan-fried swordfish steaks with Mexican salad ","description":" The lively flavours of Mexico combine in this supper dish of spicy swordfish steaks paired with a salsa-style kidney bean salad based on the famous avocado dip, guacamole. Serve with boiled brown or white rice or, to carry through the Mexican theme, warm flour tortillas. ","ingredients":["2 tbsp extra virgin olive oil","1 garlic clove, crushed","½ tsp ground coriander","4 swordfish steaks, about 450 g (1 lb) in total","2 avocados","6 ripe plum tomatoes, chopped","1 red onion, finely chopped","1 fresh red chilli, seeded and chopped","6 tbsp chopped fresh coriander","juice of 2 limes","1 can red kidney beans, about 400 g, drained","salt and pepper","85 g (3 oz) mixed salad leaves to garnish"],"directions":["1. Mix the oil with the garlic and ground coriander, and season with salt and pepper to taste. Brush this mixture over both sides of the swordfish steaks.","2. Heat a ridged cast-iron grill pan or non-stick frying pan until hot. Fry the fish steaks for 3–5 minutes on each side or until just cooked – they should still be very slightly translucent in the centre, as swordfish becomes dry if overcooked.","3. Meanwhile, make the salad. Peel, stone and chop the avocados, and mix with the tomatoes, onion, chilli, coriander and lime juice. Stir in the red kidney beans and season to taste.","4. Serve the spicy swordfish steaks with the salad and a garnish of mixed salad leaves."],"nutritionList":["Calories 460 kcal","protein 31 g","Fat 26 g","Saturated Fat 5 g","Carbohydrates 27 g","Sugars 10 g","Fibre 11 g"],"serves":"serves: 4","preparationTime":"Ready in  25 mins"}
