{"hash":0,"title":" Ginger Pineapple Punch ","description":" This ginger-cranberry-pineapple punch is perfect for birthday parties, and my kids love it. You might be surprised by how many adults love it too! ","ingredients":["1L cranberry juice","1L pineapple juice","300g caster sugar","1 teaspoon almond extract","1L ginger ale"],"directions":["1. In a large punch bowl, combine cranberry juice, pineapple juice and sugar. Stir until sugar is dissolved. Add almond extract and pour in the ginger ale."],"nutritionList":["Calories 111.2 kcal","Total Fat 0.1 g","Saturated Fat 0 g","Salt 6.4 mg","Protein 0.1 g"],"serves":"serves: 24","preparationTime":"Ready in  8 mins"}
