{"hash":0,"title":" Barbecued Asian Ginger Pork Chops ","description":" Asian ingredients give these barbecued chops loads of flavour. They can also be put in the oven and grilled. ","ingredients":["110ml (4 fl oz) orange juice","2 tablespoons soy sauce","2 tablespoons minced fresh ginger root","2 tablespoons grated orange zest","1 teaspoon minced garlic","1/2 teaspoon minced garlic","1/2 teaspoon crushed chillies, such as Schwartz","1/2 teaspoon salt","6 pork loin chops"],"directions":["1. In a shallow container, mix together orange juice, soy sauce, ginger, orange zest, garlic, chillies and salt. Add pork chops, and turn to coat evenly. Cover, and refrigerate for at least 2 hours, or overnight. Turn the pork chops in the marinade occasionally.","2. Preheat barbecue for medium high heat.","3. Lightly oil cooking grate. Cook pork chops for 5 to 6 minutes per side, or to desired doneness."],"nutritionList":["Calories 149.1 kcal","Total Fat 5.1 g","Saturated Fat 1.8 g","Sodium 548.3 mg","Protein 20.8 g"],"serves":"serves: 6","preparationTime":"Ready in  2 hours 12 mins"}
