{"hash":0,"title":" Cheddar Pudding ","description":" Cheddar Pudding ","ingredients":["6-8 slices of white bread, crusts removed","3 rashers of back bacon, chopped","1 small onion chopped","225g (8 oz) shredded English Cheddar cheese","2 eggs","3 tablespoons butter","300ml (½ pint) milk","1 tablespoon strong mustard","1 dash Worcestershire sauce","¼ teaspoon nutmeg,","1 splash sherry (optional)"],"directions":["1. Preheat the oven to 180 degrees C (Gas Mark 4). Grease a 25cm (10 inch) pie dish.","2. Fry the bacon in a pan over medium heat, adding the onion once some of the bacon fat has rendered. Cook and stir until onion is tender and bacon is browned.","3. Spread butter and mustard onto each slice of bread.","4. Lay some bread slices over base and sides of dish.","5. Lay some of bacon and onion mix over top and sprinkle some of the cheese. Continue with another layer of bread and bacon, finishing with top layer of bread.","6. Beat egg and milk and add remaining ingredients.","7. Pour mixture over dish and top with remaining cheese.","8. Bake in the preheated oven for 30 to 35 minutes, or until a knife inserted into the centre comes out clean."],"nutritionList":["Calories 601.5 kcal","Protein 26.4 g","Sugars 7.3 g","Total Fat 39.6 g","Saturated Fat 22.1 g","Sodium 1061 mg"],"serves":"serves: 4","preparationTime":"Ready in  50 mins"}
