{"hash":0,"title":" Blackberry Spinach Salad ","description":" Rich in colour and texture, and boldly flavoured with fresh blackberries and feta cheese, this salad is gorgeous. ","ingredients":["1 (500g) bag baby leaf spinach, rinsed and dried","280g (10 oz) fresh blackberries","1 (200g) packet feta cheese, crumbled","1 (250g) punnet cherry tomatoes, halved","1 spring onion, sliced","4 tablespoons finely chopped walnuts (optional)"],"directions":["1. In a large bowl, toss together baby spinach leaves, blackberries, feta cheese, cherry tomatoes, spring onion and walnuts."],"nutritionList":["Calories 110.3 kcal","Total Fat 7.3 g","Saturated Fat 3.4 g","Sodium 249.9 mg","Protein 4.5 g"],"serves":"serves: 8","preparationTime":"Ready in  15 mins"}
