{"hash":0,"title":" Braised Tofu and Vegetables ","description":" I love the braised tofu served at Chinese restaurants, but at home I like to make it healthier (without the deep frying). In my version, I use a lot of vegetables to make it more filling. This dish is good on its own or with rice. ","ingredients":["1 (350g) packet tofu firm silken style (such as Blue Dragon)","1 teaspoon rapeseed oil","3 teaspoons sesame oil, divided","1 (220g) tin whole water chestnuts, drained and sliced","90g (3 oz) fresh shiitake mushrooms, stems removed","150g (5 oz) mangetout, trimmed","1/2 teaspoon oyster sauce","225ml (8 fl oz) water"],"directions":["1. Slice tofu block into 3 long slabs lengthwise. Wrap each slice in kitchen roll, and press to squeeze out excess water.","2. In a large frying pan over medium high heat, add rapeseed oil and 2 teaspoons of the sesame oil. Once the oil is hot, add the tofu slices to the frying pan. Fry for about 5 minutes on each side, or until delicately browned.","3. Remove tofu from frying pan, and slice into cubes. Add the remaining teaspoon sesame oil to the frying pan, and stir-fry the water chestnuts, mushrooms and mangetout. Mix together water and oyster sauce, and add to the frying pan along with the tofu. Cover, and cook over low heat for about 10 minutes."],"nutritionList":["Calories 160.2 kcal","Total Fat 8.1 g","Saturated Fat 1.2 g","Sodium 57.8 mg","Protein 9.9 g","Sugars 3.9 g"],"serves":"serves: 4","preparationTime":"Ready in  30 mins"}
