{"hash":0,"title":" Beef and vegetable casserole ","description":" Chunks of tender beef are braised in a rich onion gravy with potatoes. Serve with steamed carrots, cabbage or other vegetables. ","ingredients":["900g (2 lb) beef rump steak, cut into chunks","2 large onions, sliced","2 tablespoons plain flour","salt and pepper to taste","3 tablespoons olive oil","600ml(1 pint) beef stock","6 med-large potatoes, quartered"],"directions":["1. Preheat the oven to 175 degrees C (Gas Mark 4). Place the flour, onions and beef into a large resealable food bag.","2. Add salt and pepper , seal bag and shake well so all of the meat and onions are lightly covered in flour.","3. Heat the olive oil in a large frying pan over medium-high heat, and then add the contents of the bag into the pan to sear the meat. Next, pour in all of the beef stock and let simmer gently for a few minutes.","4. Pour contents of the frying pan into a casserole dish. Place the potatoes in the casserole dish so half of the potato quarter is above the surface, half below.","5. Bake in a preheated oven for 2 hours, or until meat is tender and the potatoes are cooked through."],"serves":"serves: 4","preparationTime":"Ready in  2 hours 20 mins"}
