{"hash":0,"title":" Strawberry Soya Breakfast Smoothie ","description":" This is a quick vegan smoothie with a rich, creamy texture. It keeps you full and is perfect for people in a rush in the morning. You don\u0027t have to give up a good breakfast when it\u0027s this easy! ","ingredients":["225ml (8 fl oz) soya milk","75g (3 oz) porridge oats","1 banana, broken into chunks","14 frozen strawberries","1/2 teaspoon vanilla extract","1 1/2 teaspoons caster sugar"],"directions":["1. In a blender, combine soya milk, oats, banana and strawberries. Add vanilla and sugar if desired. Blend until smooth. Pour into glasses and serve."],"nutritionList":["Calories 213.6 kcal","Total Fat 4 g","Saturated Fat 0.6 g","Sodium 17.7 mg","Protein 7.5 g"],"serves":"serves: 2","preparationTime":"Ready in  5 mins"}
