{"hash":0,"title":" Chicken and banana korma ","description":" This mild chicken and banana curry, enriched with almonds and yogurt, has a wonderfully smooth, creamy texture. Boneless, skinless chicken thighs add plenty of flavour, while being convenient to eat, quick to cook and quite low in fat. Serve with basmati rice and crispy grilled poppadoms or naan bread. ","ingredients":["1 large mild onion, roughly chopped","1 large fresh red chilli, seeded","5 cm (2 in) piece fresh root ginger, chopped","3 garlic cloves","2 tbsp sunflower oil","1 tbsp garam masala","450 ml (15 fl oz) chicken stock","55 g (2 oz) ground almonds","8 skinless boneless chicken thighs, about 450 g (1 lb) in total","150 g (5½ oz) plain low-fat yogurt","2 tsp cornflour","2 large bananas","2 tbsp chopped fresh coriander, plus extra to garnish","2 tbsp toasted flaked almonds (optional)","Lime and apple raita","grated zest and juice of ½ lime","2 red-skinned apples, cored and roughly chopped","1 small red onion or 2 shallots, finely chopped","2 tbsp finely chopped fresh coriander"],"directions":["1. Put the onion, chilli, ginger and peeled garlic in a food processor and process to a smooth purée. Alternatively, very finely chop the onion, chilli, ginger and garlic with a sharp knife.","2. Heat the oil in a large non-stick pan and fry the onion mixture for about 10 minutes or until softened, stirring more frequently towards the end of the cooking time to prevent the mixture from sticking.","3. Add the garam masala and stir to mix. Pour in the stock and stir in the ground almonds. Add the chicken thighs. Cover the pan and leave to simmer gently for 25 minutes.","4. Meanwhile, take 1 tbsp of the yogurt and place in a bowl with all the ingredients for the lime and apple raita. Stir to mix. Set aside.","5. Mix the cornflour into the remaining yogurt. Add this mixture to the curry and simmer, stirring constantly, until thickened.","6. Peel and slice the bananas, then add to the curry with the chopped coriander. Cook for just a few more minutes to warm the bananas. Serve the curry hot, sprinkled with chopped coriander and the toasted almonds, if using, with the raita alongside."],"nutritionList":["Calories 500 kcal","Protein 37 g","Fat 24 g","Saturated Fat 4 g","Carbohydrates 35 g","Sugars 27 g","Fibre 4 g"],"serves":"serves: 4","preparationTime":"Ready in  1 hour"}
