{"hash":0,"title":" Deluxe asparagus tart ","description":" The filling for this very special tart combines asparagus spears with strips of Parma ham, peas and grated pecorino cheese in a garlic-flavoured egg custard. The pastry case is made from a light yeasted shortcrust that is surprisingly low in fat. Small minted new potatoes would make a perfect accompaniment. ","ingredients":["Yeasted pastry","140 g (5 oz) plain flour","45 g (1½ oz) cool butter, diced","1 tsp easy-blend dried yeast","1 egg","2 tbsp tepid water","Garlicky asparagus filling","4 garlic cloves, unpeeled","250 g (8½ oz) slender asparagus spears, cut across in half","30 g (1 oz) pecorino cheese, finely grated","50 g (1¾ oz) Parma ham, trimmed of fat and cut into thin strips","50 g (1¾ oz) frozen peas, thawed","2 eggs","1 egg yolk","250 ml (8½ fl oz) semi-skimmed milk","salt and pepper"],"directions":["1. To make the pastry, sift the flour and a pinch of salt into a bowl, and rub in the butter until the mixture resembles fine breadcrumbs. Stir in the yeast. Lightly beat the egg with the water, and sprinkle over the rubbed-in mixture. Gather together to make a dough.","2. Turn out the pastry dough onto a lightly floured surface and knead briefly until smooth. Put it back into the bowl, cover with cling film and set aside to rest at room temperature for about 45 minutes.","3. Meanwhile, prepare the filling. Put the garlic cloves in the bottom of a steamer with about 5 cm (2 in) of hot water. Place the stalk halves of the asparagus spears in the top of the steamer and steam for 1 minute on a moderate heat. Add the asparagus tips and steam for a further 1–1½ minutes or until just beginning to soften. (Thicker spears may need a few minutes longer.) Remove the asparagus and garlic, and set aside.","4. Preheat the oven to 200°C (400°F, gas mark 6) and put a baking sheet in to heat. Roll out the pastry dough thinly (there\u0027s no need to knead it again) on a lightly floured surface and use to line a 25 cm (10 in) loose-bottomed, shallow flan tin.","5. Scatter the pecorino cheese over the bottom of the pastry case, then arrange the asparagus and Parma ham on top, filling the gaps with peas.","6. Squeeze the softened garlic from the skins and mash to a paste. Whisk in the eggs, egg yolk, and salt and pepper to taste. Heat the milk to boiling point, then pour over the egg mixture, whisking to mix.","7. Place the flan tin on the hot baking sheet. Pour the egg custard into the tart. Bake for 5 minutes, then reduce the oven temperature to 180°C (350°F, gas mark 4). Bake for a further 25–30 minutes or until the filling is lightly set and the pastry is golden brown.","8. Leave the tart to stand for about 5 minutes before removing it from the tin. Serve hot or warm, cut into wedges."],"nutritionList":["Calories 400 kcal","protein 21 g","Fat 21 g","Saturated Fat 11 g","Carbohydrates 33 g","Sugars 5 g","Fibre 3 g"],"serves":"serves: 4","preparationTime":"Ready in  1 hour 50 mins"}
