{"hash":0,"title":" Herb-roasted beef ","description":" A change in proportions is the secret here. Roast a generous serving of vegetables alongside a smaller piece of meat to create a nutritionally balanced meal. ","ingredients":["1 lean boned beef rib joint, about 900g (2lb), rolled and tied","good pinch of freshly ground black pepper","40g (1 1/2oz) fresh herbs, such as parsley, basil, sage, rosemary, thyme and chives, or 1 1/2 tablespoons dried mixed herbs","2 tablespoons Dijon mustard","1 tablespoon olive oil","3 large onions, cut into eighths","6 small courgettes, cut into thirds","1 cauliflower, cut into florets"],"directions":["1. Preheat the oven to 180°C (350°F, gas mark 4). With a sharp knife, trim all the fat from the beef joint. Season with the pepper.","2. Place the fresh herbs in a food processor with the Dijon mustard and process to chop very finely, scraping down the sides of the bowl occasionally. Transfer to a small bowl. (If using dried herbs, just mix with the mustard.)","3. Spoon the herb mixture onto the beef and spread it evenly to cover all sides. Put the oil in a large roasting tin and add the beef joint. Roast for 30 minutes.","4. Arrange the onions, courgettes and cauliflower florets in the tin around the joint. Toss the vegetables to coat them thoroughly with the pan juices.","5. Roast for a further 1 hour or until a thermometer inserted in the centre of the joint reads 70°C (160°F) for medium. Turn the vegetables occasionally so that they cook evenly.","6. Remove from the oven. With a slotted spoon, transfer the vegetables to a serving dish and keep them warm. Place the joint on a carving board, cover and leave to rest for 5 minutes. Slice the beef and serve with the vegetables."],"nutritionList":["Calories 300 kcal","Protein 28 g","Fat 14 g","Saturated Fat 3 g","Sodium 74 g","Cholesterol 67 g","Carbohydrates 10 g","Fibre 2.5 g"],"serves":"serves: 6","preparationTime":"Ready in  1 hour 55 mins"}
