{"hash":0,"title":" Delicious Apple Crumble with Oat Topping ","description":" The apple crumble filling is cooked with sugar and cinnamon. It\u0027s then poured into a large baking dish and covered with a sweet, buttery oat topping. Twenty minutes in the oven and it\u0027s ready to serve with ice cream or custard. ","ingredients":["750ml (1 1/4 pints) water","2 tablespoons ground cinnamon","200g (7 oz) caster sugar","1 dessertspoon cornflour","9 Granny Smith apples - peeled, cored and finely diced","75g (3 oz) porridge oats","100g (4 oz) butter, melted","50g (2 oz) dark brown soft sugar"],"directions":["1. Preheat oven to 180 C / Gas mark 4.","2. To make apple filling: In a large saucepan combine water, cinnamon, sugar and cornflour. Mix well, then add apples to pan. Simmer over medium heat, stirring occasionally, until apples are tender. Pour apple filling into a 23x33cm (9x13 in) baking dish.","3. To make topping: In a small bowl, combine oats, melted butter and brown sugar. Mix well and sprinkle over apple filling.","4. Bake in preheated oven for 20 minutes or until topping is golden brown."],"nutritionList":["Calories 220 kcal","Calories from Fat 36.1 kcal","Fat 4 g","Saturated Fat 2.2 g","Cholesterol 9.3 mg","Sodium 41.6 mg","Potassium 192.4 mg","Carbohydrates 47.8 g","Dietary Fibre 4 g","Protein 1.8 g","Vitamin A 46.5 mcg","Vitamin C 6.6 mg","Calcium 34.7 mg","Iron 1.2 mg","Niacin Equivalents 0.2 mg","Magnesium 20.1 mg"],"serves":"serves: 10","preparationTime":"Ready in  45 mins"}
