{"hash":0,"title":" Gajar matar ki sabji ","description":" This is my version of everyone\u0027s favourite gajar mutter. I make this for my vegetarian guests at parties. Adding cream to gajar mutter just makes people want more and more... ","ingredients":["4 carrots (chopped and cubed)","1 tablespoon oil","1/4 teaspoon kalonji (onion seeds)","1 teaspoon redchilli powder","a pinch haldi powder","1 teaspoon corriander (dhaniya ) powder","1/2 cup peas","1/2 cup cream","2 tablespoon kasoori methi","salt to taste"],"directions":["1. Heat oil in a pan add kalonji to it, cook for few seconds then add carrots to it.","2. Add the peas, red chilli powder, haldi powder, dhaniya powder, salt and 1/4 cup of water to it. Cook for two minutes.","3. Add cream and kasoori methi to it and bring it to boil. Serve hot."],"serves":"serves: 2","preparationTime":"Ready in  20 mins"}
