{"hash":0,"title":" Blackberry Pudding ","description":" Blackberry Pudding ","ingredients":["8 thick slices of white bread","50g butter, softened","4 tablespoons blackberry jam","250g creme fraiche","5 eggs","100g caster sugar","2 teaspoons orange zest","500ml milk","Blackberry Sauce:","4 tablespoons blackberry jam","3 tablespoons orange juice"],"directions":["1. Preheat the oven to 180 C.","2. Spread the bread with butter and blackberry jam. Sandwich them and cut into 4 triangles. Place in a greased ovenproof baking dish.","3. Beat creme fraiche with eggs, caster sugar and orange zest until thick. Gradually add milk, then pour on top of bread.","4. Lay a damp tea towel in the bottom of a roasting tin. Place the baking dish in the roasting tin on top of the towel. Fill the roasting tin with boiling water from the kettle till it reaches halfway up the sides of the baking dish. Bake the pudding in the preheated oven for 45 minutes or until set.","5. For the blackberry sauce: Mix jam and orange juice. Heat in a saucepan, but do not boil. Pour over the pudding to serve."],"serves":"serves: 4","preparationTime":"Ready in  55 mins"}
