{"hash":0,"title":" Roast Fillet of Beef Stuffed with Lobster ","description":" This beef fillet roast is stuffed with lobster, then cooked in wine, garlic and butter for an indisputably impressive dish. ","ingredients":["3 whole lobster tails","1 (2kg) beef fillet (tenderloin) roast","250g (9 oz) butter","1 teaspoon minced garlic","1 dessertspoon lemon juice","1 bottle white wine","4 tablespoons olive oil","1 tablespoon cracked black peppercorns","1 teaspoon salt"],"directions":["1. Preheat oven to 220 C / Gas mark 7.","2. Bring a large pot of water to a boil. Add lobster tails, and cook for 5 to 6 minutes. Remove from water, rinse and remove shells. Cut tail meat in half lengthwise. Cut roast lengthwise, to within a thumb\u0027s width of the bottom. Fill centre of meat with lobster tails.","3. In a saucepan, melt butter with garlic, then adding the lemon juice and 250ml of the wine. Drizzle about 1/4 of the butter mixture over the lobster. Tie the tenderloin with kitchen string. Rub the outside of the roast with olive oil and place in a roasting tray. Pour remaining wine in bottom of pan. Sprinkle with cracked black peppercorns.","4. Bake in preheated oven for 45 minutes to 1 hour. Stir salt into remaining butter mixture, and serve drizzled over slices of roast."],"nutritionList":["Calories 1036.7 kcal","Total Fat 82.6 g","Saturated Fat 36.5 g","Sodium 785.8 mg","Protein 54.2 g"],"serves":"serves: 8","preparationTime":"Ready in  1 hour 30 mins"}
