{"hash":0,"title":" Yorkshire puddings with pork filling ","description":" Yorkshire pudding is a favourite accompaniment to a Sunday roast, but why not enjoy it midweek too, as a main dish? Here it is baked in individual tins, with a savoury pork and vegetable filling. Serve with mashed potatoes mixed with lightly cooked shredded Brussels sprouts for a delicious, well-balanced meal. ","ingredients":["Batter:","125 g (4½ oz) plain flour","2 eggs, lightly beaten","½ tsp sweet paprika","300 ml (10 fl oz) semi-skimmed milk","Pork filling:","1 tbsp extra virgin olive oil","300 g (10½ oz) lean minced pork","1 small onion, finely chopped","1 small leek, finely chopped","1 carrot, finely chopped","1 tbsp tomato purée","1 tsp sweet chilli sauce","4 tbsp vegetable stock","1 tbsp chopped parsley","salt and pepper"],"directions":["1. First make the batter. Sift the flour into a bowl and add the eggs, paprika, and salt and pepper to taste. Gradually whisk in the milk to make a smooth batter. Leave to stand while making the filling.","2. Heat the oil in a heavy non-stick frying pan. Add the pork and fry over a moderate heat for 5 minutes or until browned, stirring with a wooden spoon to break up the clumps of meat.","3. Remove the pork with a draining spoon and set aside on a plate. Turn down the heat, then add the onion, leek and carrot to the pan. Cook gently for 5 minutes, stirring frequently, until soft and golden. Stir in the tomato purée, chilli sauce and stock. Return the pork to the pan. Cook gently for a further 15 minutes, stirring frequently.","4. Preheat the oven to 220°C (425°F, gas mark 7). Remove the pork mixture from the heat, and stir in the parsley and salt and pepper to taste.","5. Lightly oil 12 non-stick muffin tins that are 7.5 cm (3 in) across and 3 cm (1¼ in) deep. Put them into the oven to heat for 4 minutes.","6. Stir the batter, then transfer it to a jug to make it easier to pour. Divide the batter among the tins so they are half full. Spoon the pork filling into the centre, piling it up.","7. Bake for 30–35 minutes or until the puddings are well risen and golden brown. Carefully turn out the puddings onto 4 plates and serve immediately."],"nutritionList":["Calories 322 kcal","protein 26.5 g","Fat 11 g","Saturated Fat 2 g","Carbohydrates 32 g","Sugars 8 g","Fibre 2 g"],"serves":"serves: 4","preparationTime":"Ready in  1 hour 20 mins"}
