{"hash":0,"title":" Vegan Mexican Bean Stew ","description":" Pinto beans, black beans and chickpeas are simmered with sweetcorn, tomatoes and savoury spices. This recipe calls for dried beans, which will need to soak overnight. You could use tinned beans for a shortcut, if you prefer. ","ingredients":["200g (7 oz) dried pinto beans","200g (7 oz) dried black turtle beans","200g (7 oz) dried chickpeas","1 tablespoon olive oil","1 onion, diced","4 cloves garlic, crushed","1 teaspoon ground cumin","1 (600g) jar passata","1 (340g) tin sweetcorn","1/2 teaspoon ground cinnamon","salt and freshly ground black pepper to taste","cayenne pepper to taste"],"directions":["1. Rinse and sort pinto beans, black beans and chickpeas. Place in a large bowl and cover with water. Soak overnight.","2. Drain beans and place in a large pot; cover with water. Bring to the boil and cook for 1 hour, or until beans are tender. It may be necessary to add more water during cooking to prevent drying out or scorching.","3. Heat oil in a small frying pan over medium high heat. Sauté onion and garlic until onion is transparent. Season with cumin and add to the beans along with the passata. Simmer for 20 minutes.","4. Stir in sweetcorn and cinnamon; cook 15 minutes more. Season with salt, pepper and cayenne to taste before serving."],"nutritionList":["Calories 421.4 kcal","Total Fat 5.8 g","Saturated Fat 0.8 g","Sodium 227.8 mg","Protein 22 g"],"serves":"serves: 6","preparationTime":"Ready in  1 hour 50 mins"}
