{"hash":0,"title":" Easy Tomato Pasta Sauce ","description":" Ripe, juicy tomatoes find a great use in this tasty vegetarian pasta sauce that you can eat with spaghetti, with fried breaded chicken or just poured over fried brinjal slices. You may add dried red mirchi flakes to add spice. ","ingredients":["4 tablespoons olive oil","1 onion, chopped","3 tomatoes, chopped","1 to 2 tablespoons tomato purée","salt and freshly ground black pepper to taste"],"directions":["1. In a large pan over medium heat, cook onion in olive oil until translucent. Stir in tomatoes, cook until juice begins to thicken. Stir in tomato purée, salt and pepper. Reduce heat and simmer 15 minutes more, until rich and thick."],"nutritionList":["Calories 204.2 kcal","Total Fat 16 g","Saturated Fat 2.3 g","Salt 436.3 mg","Protein 2.2 g","Sugars 8.8 g"],"serves":"serves: 4","preparationTime":"Ready in  30 mins"}
