{"hash":0,"title":" Almond-Crusted Halibut ","description":" This dish melts in your mouth. The credit goes to my future mother-in-law. Not only does it taste gorgeous, but halibut is a sustainably sourced fish. Each halibut fillet should be approximately an inch thick. Substitute crème fraîche for the double cream for a lighter dish. ","ingredients":["5 tablespoons dry white wine","2 tablespoons cider vinegar","2 tablespoons minced shallots","1 sprig fresh thyme","1 bay leaf","5 tablespoons double cream","150g (5 oz) unsalted butter - chilled and cubed","3 tablespoons chopped fresh chives","1 dessertspoon fresh lemon juice","salt and freshly ground black pepper to taste","6 (175g) fillets halibut","2 tablespoons olive oil","1 good knob unsalted butter","4 tablespoons fresh breadcrumbs","75g (3 oz) blanched almonds, minced","1 tablespoon melted unsalted butter","1 egg, lightly beaten"],"directions":["1. Make beurre blanc: In a small saucepan over medium heat, combine wine, vinegar, shallots, thyme and bay leaf. Boil until liquid has evapourated. Stir in cream, and simmer until liquid is reduced by half; decrease heat to low.","2. Whisk in 150g butter, 1 piece at a time, adding each new piece before previous one has melted completely. Do not allow sauce to simmer, or it may separate.","3. Strain sauce through a fine sieve into a heat-proof bowl. Stir in chives, lemon juice, salt and pepper. Keep warm by setting bowl in a larger container of hot water.","4. Preheat oven on grill setting. Pat fillets dry and season with salt and pepper.","5. Heat oil and 1 knob butter in a large frying pan over medium-high heat. Sauté halibut fillets for 2 to 3 minutes on each side, or until lightly browned and just cooked through. Transfer to a baking tray, and cool 5 minutes.","6. In a small bowl, stir together breadcrumbs, almonds and 1 tablespoon melted butter. Brush tops of fillets with egg, and spread with almond mixture.","7. Grill fillets 1 to 2 minutes, or until browned (watch closely). To serve, place fillets on individual plates and spoon beurre blanc around it."],"nutritionList":["Calories 611 kcal","Total Fat 45.6 g","Saturated Fat 19.5 g","Sodium 153.7 mg","Protein 40.8 g"],"serves":"serves: 6","preparationTime":"Ready in  45 mins"}
