{"hash":0,"title":" Quail\u0027s eggs with asparagus and Parmesan shavings ","description":" Make this lovely, warm salad in late spring with the new season\u0027s asparagus. The lightly steamed, bright green spears are topped with poached quail\u0027s eggs, then finished with Parmesan shavings and a salad of lamb\u0027s lettuce and crunchy chicory. Accompany with slices of crisp baguette for an easy lunch. ","ingredients":["125 g (4½ oz) lamb\u0027s lettuce","2 heads chicory, about 170 g (6 oz) in total","15 g (½ oz) fresh chives, snipped","750 g (1 lb 10 oz) asparagus","1 tsp vinegar","12 quail\u0027s eggs","50 g (1¾ oz) Parmesan cheese, cut into fine shavings","Mustard vinaigrette:","2 tbsp extra virgin olive oil","2 tsp red wine vinegar","1 garlic clove, crushed","½ tsp wholegrain mustard","salt and pepper"],"directions":["1. Break up any large bunches of lamb\u0027s lettuce, then put into a mixing bowl. Thinly slice the chicory on the diagonal, discarding the last 1 cm (½ in) of the base. Add to the lamb\u0027s lettuce together with the chives and toss together. Set aside.","2. Put all the ingredients for the dressing in a screw-top jar and season with salt and pepper to taste. Shake together to mix.","3. Steam the asparagus for about 4 minutes or until barely tender. Alternatively, cook the asparagus in a wide pan of simmering water for 3–4 minutes. To test, pierce the thickest part of the stalk with a thin, sharp knife. If cooked in simmering water, carefully lift out the asparagus spears with a draining spoon and drain thoroughly on kitchen paper.","4. While the asparagus is cooking, half fill a frying pan with water and bring to the boil. Add the vinegar, then reduce the heat so the water is just simmering. Carefully crack 4 of the quail\u0027s eggs, one at a time, and slip into the water. Cook for 1 minute or until the yolks have just set. Remove the poached eggs from the water with a draining spoon and drain on kitchen paper. Keep warm while poaching the rest of the quail\u0027s eggs.","5. Pour the dressing over the salad and toss together. Spread out on a large serving platter. Arrange the asparagus on the salad and place the poached eggs on top. Scatter over the Parmesan shavings and grind a little pepper over the top. Serve immediately."],"nutritionList":["Calories 233 kcal","Carbohydrates 6 g","Sugars 5 g","Protein 17 g","Fat 16 g","Saturated Fat 5 g","Fibre 4 g"],"serves":"serves: 4","preparationTime":"Ready in  45 mins"}
