{"hash":0,"title":" Rajasthani Moong daal paratha ","description":" Rajasthani Moong daal paratha ","ingredients":["1 cup Moong daal (yellow)","1 cup wheat flour (atta)","1 teaspoon red chilli powder","1-2 green chillies (chopped)","1 spring onions","Salt to taste","Oil for frying","Water for kneading"],"directions":["1. Soak daal for 30 minutes. Grind it to paste. Add red chilli powder, salt, spring onion and green chillies to the paste.","2. In a separate bowl knead atta. Roll 5 inches chapatti out of it.","3. Put daal paste in the center of roti; spread a thin layer of paste on the roti.","4. Fold all four sides of the roti to the center.","5. Heat a griddle; cook the roti by brushing oil on both sides of the roti. Serve hot with green chutney."],"serves":"serves: 2","preparationTime":"Ready in  45 mins"}
