{"hash":0,"title":" Chocolate Sponge Cake ","description":" Chocolate Sponge Cake ","ingredients":["175g dark chocolate, chopped","175g unsalted butter","10 eggs, separated","50g margarine","175g caster sugar","400g caster sugar","350g finely ground almonds","2 eggs","225g plain flour","75g unsweetened cocoa powder","3/4 teaspoon bicarbonate of soda","3/4 teaspoon baking powder","425ml milk","1 teaspoon vanilla extract","150ml double cream, whipped","3 bananas, sliced"],"directions":["1. Melt chocolate in double boiler; set aside.","2. Preheat oven to 180 C / Gas 4. Grease and flour a 23x33cm or similar sized tin. Sieve together the flour, cocoa, bicarbonate of soda and baking powder. Set aside.","3. Beat egg yolks until thick and lemon coloured. Gradually beat in sugar. Blend in chocolate and almonds.","4. In a large bowl, cream together the butter, margarine and sugar until light and fluffy. Add the eggs one at a time, beating well with each addition, then add the vanilla. Add the flour mixture alternately with the milk. Mix to combine.","5. Beat egg whites until stiff peaks form. Fold whites into chocolate batter. Spoon batter into an ungreased 25cm cake tin.","6. Pour batter into the prepared tin. Bake for 30 minutes in the preheated oven or until a skewer inserted into the cake comes out clean. Allow to cool.","7. Bake at 180 degrees C for 1 hour, or until cake springs back when lightly touched. Remove from oven, turn it upside down on a cooling rack and cool for about 40 minutes before removing from tin.","8. Spread whipped cream over cooled cake and place sliced bananas on top. Store in refrigerator."],"serves":"serves: 12","preparationTime":"Ready in  1 hour 50 mins"}
