{"hash":0,"title":" Pancakes with Spiced Apple Topping ","description":" Pancakes with Spiced Apple Topping ","ingredients":["Pancakes:","100g plain flour","50 ml milk","1 egg","1 tsp sugar","pinch of salt","apple topping:","2 apples of choice, peeled and quartered","40g sultanas or raisins","25g sugar (brown or white)","1 tsp cinnamon","1 tsp ground almonds","50g butter"],"directions":["1. To make the pancakes; combine all flour, milk, egg, sugar and salt in a bowl, and whisk until smooth.","2. Oil the frying pan and pour or scoop the batter into the pan using about 50ml for each pancake. When the top begins to bubble, turn the pancake over. Repeat, transfer to a plate to keep warm.","3. To make the topping; melt butter and sugar over low heat. Add the apples, raisins, almonds and spices and cook until heated through and apples are soft.","4. Serve the pancakes with the spiced apple mixture spooned on top."],"serves":"serves: 2","preparationTime":"Ready in  30 mins"}
