{"hash":0,"title":" Aasan Carrot and Coriander Soup ","description":" Jab thak ke you go home, have this refreshing carrots, onions and coriander soup. It\u0027ll revive you right up! Add spice of choice for grown ups. ","ingredients":["1 small onion, chopped","500g carrots, chopped","1 tablespoon chopped fresh coriander","75g plain dahi (curd)","25g plain flour","600ml chicken stock"],"directions":["1. Gently fry the onion in a little oil. Add carrots, flour, coriander and dahi into blender. Pour in the chicken stock and blitz for several minutes until it appears smooth.","2. Heat slowly in a saucepan until boiling and then simmer for 30 minutes stirring constantly. Serve with fresh bread or croutons."],"serves":"serves: 4","preparationTime":"Ready in  1 hour 50 mins"}
