{"hash":0,"title":" Mexican Bean Burgers ","description":" These vegetarian burgers can be baked, barbecued or pan fried. Serve in a floury bap with avocado, lettuce, soured cream and cheese. ","ingredients":["1 carrot, sliced","1 (400g) tin kidney beans","1/2 green pepper, chopped","1/2 onion, chopped","450g (16 oz) salsa","100g (4 oz) dried breadcrumbs","4 tablespoons wholemeal flour","1/2 teaspoon freshly ground black pepper","salt to taste","1 pinch chilli powder","1 tablespoon olive oil"],"directions":["1. Place carrot into a bowl, and fill with a bit of water. Cover with cling film, and cook in the microwave for 2 minutes, or until soft. Drain.","2. Mash beans and steamed carrot in a large bowl. Mix in green pepper, onion, salsa, breadcrumbs and wholemeal flour. Season with salt, black pepper and chilli powder. Add flour to create a firmer mixture, or more salsa if the mixture is too stiff. Form mixture into 8 patties.","3. Heat a large frying pan over medium high heat, and add olive oil. Fry the patties for about 8 minutes on each side, or until browned and firm."],"nutritionList":["Calories 152.4 kcal","Total Fat 1.3 g","Saturated Fat 0.2 g","Sodium 581.7 mg","Protein 6.6 g"],"serves":"serves: 8","preparationTime":"Ready in  35 mins"}
