{"hash":0,"title":" Blue Cheese Dressing ","description":" Blue Cheese dressing has many uses. It can be served with vegetable sticks or as a dip for other starters, like chicken wings. And it\u0027s gorgeous on a crisp green salad with garlic croutons, cherry tomatoes and chicken breast fillets. ","ingredients":["225g (8 oz) mayonnaise","2 tablespoons minced onion","1 tablespoon minced garlic","1 small bunch fresh parsley, chopped","110ml (4 fl oz) soured cream","1 tablespoon lemon juice","1 tablespoon white wine vinegar","80g (3 oz) blue cheese, crumbled","salt and freshly ground black pepper to taste"],"directions":["1. In a small mixing bowl, combine all ingredients. Cover, and refrigerate for at least one hour before serving."],"nutritionList":["Calories 164.3 kcal","Total Fat 17.4 g","Saturated Fat 3.9 g","Sodium 149.4 mg","Protein 1.2 g"],"serves":"serves: 12","preparationTime":"Ready in  5 mins"}
