{"hash":0,"title":" Thai Prawn Rice Noodle Salad ","description":" Rice noodles, peanut sauce and plenty of prawns make this Asian style dish a perfect cold accompaniment for barbecued meats - or try it warm as a main course! Garnish with some finely chopped peanuts and lime wedges. ","ingredients":["350g (12 oz) rice vermicelli","1 large tomato, diced","4 spring onions, diced","1kg (2 1/4 lb) cooked prawns, peeled","350ml (12 fl oz) prepared Thai peanut sauce"],"directions":["1. Bring a large pot of water to the boil. Add rice vermicelli, and cook 3 to 5 minutes or until al dente; drain.","2. In a medium bowl, toss together rice vermicelli, tomato, spring onions, prawns and peanut sauce. Cover, and chill in the refrigerator 8 hours or overnight."],"nutritionList":["Calories 564.9 kcal","Total Fat 19.4 g","Saturated Fat 3.8 g","Sodium 377.3 mg","Protein 46.2 g"],"serves":"serves: 6","preparationTime":"Ready in  20 mins"}
