{"hash":0,"title":" Summer salmon and asparagus ","description":" Fresh young vegetables and succulent salmon make this an excellent speedy dish to prepare for special occasions, especially when home-grown asparagus is in season. Tiny leeks, tender asparagus and sugarsnap peas all cook quickly and look superb. Serve with boiled new potatoes for a memorable meal. ","ingredients":["4 pieces skinless salmon fillet, about 140 g (5 oz) each","200g (7 oz) baby leeks","250g (8½ oz) tender asparagus spears","1 (150g) packet (5½ oz) sugar snap peas","4 tbsp dry white wine","200ml (7 fl oz) fish or vegetable stock","30g (1 oz) butter, cut into small pieces","salt and pepper","1 tbsp snipped fresh chives to garnish"],"directions":["1. Run your fingertips over each salmon fillet to check for any stray bones, pulling out any that remain between the flakes of fish. Arrange the leeks in a single layer in the bottom of a large shallow flameproof casserole pot. Lay the pieces of salmon on top. Surround the fish with the asparagus and sugar snap peas. Pour in the wine and stock, and dot the butter over the fish. Season with salt and pepper.","2. Bring to the boil, then cover the casserole pot with a tight-fitting lid and reduce the heat so the liquid simmers gently. Cook the fish and vegetables for 12–14 minutes or until the salmon is pale pink all the way through and the vegetables are tender. Sprinkle the chives over the salmon and serve."],"nutritionList":["Calories 360 kcal","protein 33 g","Fat 22 g","Saturated Fat 7 g","Carbohydrates 4 g","Sugars 4 g","Fibre 3 g"],"serves":"serves: 4","preparationTime":"Ready in  30 mins"}
