{"hash":0,"title":" Fluffy French Toast ","description":" Sweet, savoury, cinnamon and egg coated bread fried till golden brown and topped with fruit of choice. Here\u0027s the classic feel good breakfast for you and your family. You may also garnish it with whipped cream or honey or strawberry syrup. Enjoy! ","ingredients":["4 tablespoons plain flour","4 tablespoons plain flour","225ml semi skimmed milk","225ml (8 fl oz) semi skimmed milk","1 pinch salt","1 pinch salt","3 eggs","3 eggs","1/2 teaspoon ground cinnamon","1/2 teaspoon ground cinnamon","1 teaspoon vanilla essence","1 teaspoon vanilla extract","1 tablespoon caster sugar","1 tablespoon caster sugar","12 thick slices bread","12 thick slices bread"],"directions":["1. Measure flour into a large mixing bowl. Slowly whisk in the milk. Whisk in the salt, eggs, cinnamon, vanilla essence and sugar until smooth.","2. Measure flour into a large mixing bowl. Slowly whisk in the milk. Whisk in the salt, eggs, cinnamon, vanilla extract and sugar until smooth.","3. Heat a lightly oiled frying pan over medium heat.","4. Heat a lightly oiled frying pan over medium heat.","5. Soak bread slices in mixture until saturated. Cook bread on each side until golden brown. Serve hot.","6. Soak bread slices in mixture until saturated. Cook bread on each side until golden brown. Serve hot."],"nutritionList":["Calories 123.7 kcal","Calories from Fat 24.8 kcal","Fat 2.8 g","Saturated Fat 0.8 g","Cholesterol 55.1 mg","Sodium 219.7 mg","Potassium 86 mg","Carbohydrates 19.1 g","Dietary Fibre 0.8 g","Protein 5 g","Vitamin A 36.3 mcg","Vitamin C 0.2 mg","Calcium 65 mg","Iron 1.3 mg","Thiamin 0.1 mg","Niacin Equivalents 2.3 mg","Vitamin B6 0 mg","Magnesium 12 mg","Folate 39.4 mcg"],"serves":"serves: 12","preparationTime":"Ready in  30 mins"}
