{"hash":0,"title":" Kachumber (Indian Salad) ","description":" This is a must salad that goes with every North Indian dish! I love it and sometimes eat it as a salad by itself ! ","ingredients":["1 mooli","1 cucumber","1 tomatoe","1 onion","1 lemon","salt to taste","black pepper to taste"],"directions":["1. Cut the above veggies lengthwise getting rid of the tomatoe pulp.","2. Suueeze the juice of the lemon,add salt and black pepper,mix well,garnish with coriander leaves and serve."],"serves":"serves: 4","preparationTime":"Ready in  5 mins"}
