{"hash":0,"title":" Parmesan Sesame Chicken ","description":" A blend of cheesy breadcrumbs livens up chicken. These are good for chicken burgers or keep well cold for a picnic lunch. ","ingredients":["100g (4 oz) dried breadcrumbs","4 tablespoons grated Parmesan cheese","4 tablespoons sesame seeds","1 egg, beaten","4 skinless, boneless chicken breast fillets"],"directions":["1. Preheat oven to 180 C / Gas mark 4.","2. In a bowl, mix the breadcrumbs, Parmesan cheese and sesame seeds. Place the egg in a separate bowl. Dip the chicken in the egg, then dip into the breadcrumb mixture to coat. Place the chicken breasts in a shallow baking dish.","3. Bake chicken 20 to 30 minutes in the preheated oven, until juices run clear."],"nutritionList":["Calories 335.8 kcal","Total Fat 11.9 g","Saturated Fat 3.3 g","Sodium 424.4 mg","Protein 33.7 g","Sugars 1.2 g"],"serves":"serves: 4","preparationTime":"Ready in  45 mins"}
