{"hash":0,"title":" Summer Sweetcorn Salsa ","description":" Cool, refreshing avocado slices are mixed with sweetcorn, olives, red pepper and onion. Serve this colourful, Mexican-inspired dip with tortilla crisps, in wraps or as a side to barbecued meats. ","ingredients":["1 (500g) packet frozen sweetcorn, thawed","125g (4 oz) Spanish olives, sliced","1 red pepper, chopped","1 small red onion, chopped","5 cloves garlic, minced","4 to 6 tablespoons extra-virgin olive oil","4 tablespoons lemon juice","3 tablespoons red wine vinegar","1 to 2 tablespoons chopped fresh oregano","1/2 teaspoon salt","1/2 teaspoon freshly ground black pepper","4 avocados - peeled, stones removed and diced"],"directions":["1. In a large bowl, mix sweetcorn, olives, red pepper and onion.","2. In a small bowl, mix garlic, olive oil, lemon juice, vinegar, oregano, salt and pepper. Pour into the sweetcorn mixture and toss to coat. Cover and chill in the refrigerator 8 hours, or overnight.","3. Stir avocados into the mixture before serving."],"nutritionList":["Calories 80.6 kcal","Total Fat 6.6 g","Saturated Fat 1 g","Sodium 73.9 mg","Protein 1.1 g"],"serves":"serves: 32","preparationTime":"Ready in  8 hours"}
