{"hash":0,"title":" Pimm\u0027s and Lemonade ","description":" This classic tipple is especially delicious on a hot, summer afternoon. The cucumber and mint make this drink - don\u0027t leave them out! ","ingredients":["250ml Pimm\u0027s No. 1™","1 litre lemonade","1/2 cucumber, chopped","1 apple, cored and chopped","1 orange, sliced","3 strawberries, sliced","handful fresh mint leaves","Optional ingredients:","1/2 lime, sliced","1/2 lemon, sliced","2-3 fresh pineapple rings"],"directions":["1. Mix all ingredients together in a large glass pitcher. Serve chilled or over ice, but it\u0027s better chilled."],"nutritionList":["Calories 309.1 kcal","Protein 1 g","Sugars 54.1 g","Total Fat 0.4 g","Saturated Fat 0.1 g","Sodium 13.1 mg"],"serves":"serves: 6","preparationTime":"Ready in  10 mins"}
