{"hash":0,"title":" Sausage-stuffed chestnut mushrooms ","description":" For a delicious starter, stuff fresh mushrooms with a savoury mixture of chicken sausage, vegetables and a sprinkling of cheese. They\u0027re surprisingly low in fat because they are not made with pork sausage meat but they still taste great. ","ingredients":["12 large chestnut mushrooms","75g (2¾oz) plain dried breadcrumbs","2 tbsp freshly grated Parmesan cheese","55g (2oz) chicken sausages, casing removed","1 large onion, finely chopped","1 small red pepper, deseeded and finely chopped","¼ tsp pepper"],"directions":["1. Preheat the oven to 200°C (400°F, gas mark 6). Remove the stalks from the mushrooms; finely chop the stalks. Mix 2 tablespoons of the breadcrumbs with the Parmesan in a small bowl.","2. Lightly coat a large nonstick frying pan with cooking spray or a teaspoon of olive oil and set over a medium heat. Cook the sausages for about 5 minutes or until they begin to brown, breaking them up with the side of a spoon. Stir in the onion, red pepper and chopped mushroom stalks, and cook for about 5 minutes or until the vegetables are soft. Stir in the remaining breadcrumbs and the pepper. Remove from the heat.","3. Mound the stuffing in the mushroom caps and arrange, stuffing-side up, in a baking dish. Sprinkle with the Parmesan crumb mixture. Bake for about 9 minutes or until the mushrooms are hot and the top is golden brown."],"nutritionList":["Calories 100 kcal","Fat 3 g","Saturated Fat 1.5 g","protein 5 g","Carbohydrates 14 g","Sodium 230 mg","Sodium 0.57 g","Fibre 1.5 g"],"serves":"serves: 6","preparationTime":"Ready in  42 mins"}
