{"hash":0,"title":" Spicy Turkey Soup ","description":" An interesting and spicy solution to the leftover turkey dilemma on Boxing Day. Leftover turkey is cooked with tomatoes and green chillies, spiced with cayenne and cumin and finished off with fresh avocado and coriander for a zesty, unique soup. ","ingredients":["200g (7 oz) shredded cooked turkey","1L (1 3/4 pints) vegetable or chicken stock","2 (400g) tins whole plum tomatoes","2 green chillies, chopped","2 plum tomatoes, chopped","1 onion, chopped","2 cloves garlic, crushed","1 tablespoon lime juice","1/2 teaspoon cayenne pepper","1/2 teaspoon ground cumin","salt and freshly ground black pepper to taste","1 avocado - peeled, stone removed and diced","handful chopped fresh coriander","100g (4 oz) grated Cheddar cheese"],"directions":["1. In a large pot over medium heat, combine turkey, stock, tinned tomatoes, green chillies, fresh tomatoes, onion, garlic and lime juice. Season with cayenne, cumin, salt and pepper. Bring to the boil, then reduce heat and simmer 15 to 20 minutes.","2. Stir in avocado and coriander, and simmer 15 minutes, until slightly thickened. Spoon into serving bowls, and top with grated cheese."],"nutritionList":["Calories 186.2 kcal","Total Fat 10 g","Saturated Fat 3.8 g","Sodium 638.2 mg","Protein 13.6 g"],"serves":"serves: 8","preparationTime":"Ready in  45 mins"}
