{"hash":0,"title":" Garlic and Dill Salmon ","description":" Marinated in a paste of fresh dill, garlic, and olive oil, this baked salmon is wonderfully simple to prepare and great eating. ","ingredients":["1.3kg (3 lb) salmon fillets","1 head garlic, peeled","handful chopped fresh dill","100ml (4 fl oz) olive oil","salt and freshly ground black pepper to taste"],"directions":["1. In a food processor, process garlic to a rough mince, add dill and olive oil and pulse a few times to combine.","2. Lay fish fillets in a baking dish, skin side down. Rub garlic mixture over fish. Refrigerate for 2 hours.","3. Preheat oven to 190 C / Gas mark 5.","4. Bake in preheated oven for 15 minutes. Do not overcook."],"nutritionList":["Calories 329 kcal","Calories from Fat 193.9 kcal","Fat 21.5 g","Saturated Fat 3.1 g","Cholesterol 82.8 mg","Sodium 326.7 mg","Potassium 780.7 mg","Carbohydrates 2.3 g","Dietary Fibre 0.2 g","Protein 30.2 g","Vitamin A 88.6 mcg","Vitamin C 4.6 mg","Calcium 35.5 mg","Iron 1.6 mg","Thiamin 0.3 mg","Niacin Equivalents 17.5 mg","Vitamin B6 1.2 mg","Magnesium 46.5 mg","Folate 38.7 mcg"],"serves":"serves: 9","preparationTime":"Ready in  25 mins"}
