{"hash":0,"title":" Baked fish with lemon tahini ","description":" This is a classic from the Middle East where tahini, a nutty-flavoured sesame seed paste, is used like cream to add substance and moisture to simple dishes. Try serving with a salad of black olives, tomatoes and red onions with sprigs of basil. ","ingredients":["4 fish fillets, such as cod, haddock or halibut, about 125 g (4½ oz) each, or 4 small sea fish such as red mullet, cleaned","Salt and black pepper","½ tablespoon olive oil","For the sauce:","3 tablespoons tahini paste","3 tablespoons lemon juice","Grated zest of ½ lemon","3 tablespoons virtually fat-free Greek yoghurt","1 clove garlic, finely crushed","4 tablespoons finely chopped fresh parsley","To garnish: lemon slices and a few sprigs of fresh parsley"],"directions":["1. Sprinkle the fillets on both sides, or whole fish inside and out, with a little salt and leave to stand for about 30 minutes.","2. Heat the oven to 230°C (450°F, gas mark 8) and heat the grill. Pat the fish dry, brush with oil and grill for 6-7 minutes on each side until they are almost cooked through.","3. Meanwhile, whisk or process all the sauce ingredients, except the parsley, with 2-3 tablespoons of water to make a smooth sauce. Add the parsley and mix well.","4. Place the fish in an ovenproof dish, spoon the sauce over them and bake for 10 minutes, or until the sauce bubbles and starts to brown. Serve garnished with slices of lemon and a few sprigs of fresh parsley.","5. Variation: in the Middle East, during the pomegranate season, the dish is traditionally decorated with the fruit\u0027s jewel-like red seeds."],"nutritionList":["Calories 263 kcal","Carbohydrates 2 g","Protein 29 g","Fat 16 g","Saturated Fat 1 g"],"serves":"serves: 4","preparationTime":"Ready in  52 mins"}
