{"hash":0,"title":" Summer Vegetable Ratatouille ","description":" This is a versatile recipe that can top jacket potatoes, fill crêpes, or simply be eaten on its own with good crusty bread. ","ingredients":["125ml (4 fl oz) olive oil","2 onions, sliced into thin rings","3 cloves garlic, minced","1 medium aubergine, diced","2 courgettes, cubed","2 medium yellow squash, diced","2 green peppers, seeded and diced","1 yellow pepper, diced","1 red pepper, diced","salt and freshly ground black pepper to taste","1 bay leaf","4 sprigs fresh thyme","4 plum tomatoes, chopped","good handful chopped fresh parsley"],"directions":["1. Heat 1 1/2 tablespoons of the olive oil in a large pot over medium low heat. Add the onions and garlic and cook until soft.","2. In a large frying pan, heat 1 1/2 tablespoons of olive oil and sauté the cubes of courgette in batches until slightly browned on all sides. Remove and place in the pot with the onions and garlic.","3. Sauté all the remaining vegetables one batch at a time, adding 1 1/2 tablespoon olive oil to the frying pan each time you add a new set of vegetables. Once each batch has been sautéed add them to the large pot as before.","4. Season with salt and pepper. Add the bay leaf and thyme and cover the pot. Cook over medium heat for 15 to 20 minutes.","5. Add the chopped tomatoes and parsley to the pot, and cook another 10 to 15 minutes. Stir occasionally.","6. Remove the bay leaf and thyme sprigs and adjust seasoning before serving."],"nutritionList":["Calories 192.9 kcal","Total Fat 14.1 g","Sodium 10.5 mg","Protein 3.1 g"],"serves":"serves: 8","preparationTime":"Ready in  1 hour 20 mins"}
