{"hash":0,"title":" Tomato Salad Dressing ","description":" A tangy, oil-free salad dressing with chopped tomato, herbs and mustard. Virtually fat free. Great on a green salad. ","ingredients":["175g (6 oz) chopped fresh tomato","5 tablespoons red wine vinegar","1 dash Worcestershire sauce","1 teaspoon ketchup","1 dessertspoon Dijon mustard","1 tablespoon minced fresh basil","1 tablespoon minced fresh thyme"],"directions":["1. Place all ingredients in a small bowl. Mix thoroughly, cover, and refrigerate until serving."],"nutritionList":["Calories 20.4 kcal","Calories from Fat 3.5 kcal","Fat 0.4 g","Saturated Fat 0 g","Cholesterol 0 mg","Sodium 82.9 mg","Potassium 139.4 mg","Carbohydrates 4.3 g","Dietary Fibre 0.7 g","Protein 0.6 g"],"serves":"serves: 4","preparationTime":"Ready in  15 mins"}
