{"hash":0,"title":" Feta carrot salad ","description":" A colourful textured salad, with iceberg lettuce, feta, carrots, cucumber and dash of lemon juice. ","ingredients":["400g feta cheese, cubed","1 iceberg lettuce, chopped","2 dessertspoons chopped fresh coriander","1 cucumber, diced","4 carrots, grated","1 teaspoon fresh lemon juice","1 dash of mild olive oil","salt and pepper"],"directions":["1. Add all ingredients into a bowl, toss with a bit of lemon juice and olive oil, season to taste, and serve."],"serves":"serves: 4","preparationTime":"Ready in  21 mins"}
