{"hash":0,"title":" Palak Potato Frittata ","description":" This versatile omelette recipe can be easily customized to use up all your leftovers. Serve with toasted bread and sliced tomatoes and/or a mixed green salad. ","ingredients":["500 g potatoes, scrubbed and cut into 1 cm (½ in) cubes","225 g baby spinach leaves, trimmed of any large stalks","1 tbsp extra virgin olive oil","1 red capsicum pepper, quartered lengthways, seeded and thinly sliced","5–6 green (spring) onions, thinly sliced","5 eggs","2 tbsp freshly grated Parmesan cheese","salt and pepper"],"directions":["1. Cook the potatoes in a saucepan of boiling water for 5–6 minutes or until almost tender. Put the spinach in a steamer or colander over the potatoes and cook for another 5 minutes or until the potatoes are tender and the spinach has wilted. Drain the potatoes. Press the spinach with the back of a spoon to extract excess moisture, then chop.","2. Heat the oil in a non-stick frying pan that is about 25 cm (10 in) in diameter. Add the pepper slices and sauté over a moderate heat for 2 minutes. Stir in the potatoes and spring onions and continue cooking for 2 minutes.","3. Beat the eggs in a large bowl, season with salt and pepper and mix in the spinach. With a draining spoon, remove about half of the vegetables from the pan and add to the egg mixture, leaving the oil in the pan. Stir the egg and vegetables briefly to mix, then pour into the frying pan. Cover and cook, without stirring, for about 6 minutes or until the omelette is almost set but still a little soft on top. Now, you may serve it once the top is done. If you have a grill, you can finish cooking it there for a nice, brown \u0027crunch\u0027 on top. Preheat the grill.","4. Dust the top of the frittata with the Parmesan cheese and place under the grill. Cook for 3–4 minutes or until browned and puffed around the edges. Then cut into quarters or wedges and serve."],"nutritionList":["Calories 300 kcal","protein 19 g","Fat 14 g","Saturated Fat 4.5 g","Carbohydrates 26 g","Sugars 6 g","Fibre 4 g"],"serves":"serves: 4","preparationTime":"Ready in  45 mins"}
