{"hash":0,"title":" Salmon on Potato Farl ","description":" A \u0027farl\u0027 is a bread made with flour and potato. This dish makes a great tasting, healthy snack for any time munching. ","ingredients":["125g smoked salmon","2 potatoes, about 125g each, peeled and cut into 2-3 chunks","3 tablespoons buttermilk or curd, plus extra to serve","1-2 teaspoons grated horseradish or 1-2 tablespoons horseradish sauce","Salt and coarsely ground black pepper","100g self-raising flour","1 tablespoon vegetable oil","15g butter","Chopped fresh dill to garnish","Lemon wedges to serve"],"directions":["1. Separate the slices of smoked salmon and arrange them in loose folds on a plate to dry off slightly. Cook the potatoes in boiling, salted water until tender. Drain thoroughly, return them to the pan and mash.","2. Add the curd or buttermilk, horseradish and salt to taste and beat until smooth. Gradually work in about two-thirds of the flour. When the mixture begins to break up, knead it with your hands, still adding flour, until it leaves the side of the pan clean.","3. Dust a work surface generously with flour. Turn the dough out and pat out lightly to a round. Turn the round over and, using more flour to prevent sticking, roll out to a round just under 23cm (9in) in diameter. Dust off any surplus flour.","4. Heat the vegetable oil and butter together in a heavy 23cm (9in) frying pan. Swirl to coat the base and lower sides, then pour any surplus into a cup. Using a fish slice or wide spatula, lift the potato cake into the pan. Cook over a low heat for 5-6 minutes until the underside is browned, then turn it over, returning the reserved oil and butter to the pan. Cook for 5 minutes until browned, then slide onto a flat dish and leave to cool slightly.","5. Arrange folds of smoked salmon over the cake and drizzle with buttermilk or curd. Sprinkle with pepper and dill and serve in quarters (farls) with a lemon wedge.","Nutrients per serving"],"nutritionList":["Calories 233 kcal","Carbohydrates 31 g","Sugars 1 g","Protein 21 g","Fat 8 g","Saturated Fat 3 g","Fibre 1.5 g"],"preparationTime":"Ready in  40 mins"}
