{"hash":0,"title":" Fruit Loaf Bread Pudding ","description":" Fruit Loaf Bread Pudding ","ingredients":["2 eggs","2 egg whites","350ml (12 fl oz) skimmed milk","2 tablespoons honey","1 teaspoon vanilla extract","6 slices fruit loaf, cubed"],"directions":["1. Preheat oven to 160 C / Gas mark 3. Lightly grease a 23cm (9 in) baking dish.","2. In a large bowl, beat together the eggs and egg whites until foamy. Mix in the milk, honey and vanilla.","3. Stir in the bread cubes and pour into prepared dish.","4. Bake for 30 to 35 minutes or until knife inserted in centre comes out clean."],"nutritionList":["Calories 146.4 kcal","Total Fat 2.9 g","Saturated Fat 0.9 g","Sodium 172.9 mg","Protein 7.4 g"],"serves":"serves: 6","preparationTime":"Ready in  45 mins"}
