{"hash":0,"title":" Vareniki ","description":" These are pierogis filled with cottage cheese, boiled and usually eaten with a sour cream sauce and crispy bacon. This is an old family recipe, from relatives who were Russian Poles. ","ingredients":["2 eggs","225ml (8 fl oz) semi skimmed milk","375g (13 oz) plain flour","1 teaspoon salt","450g (16 oz) cottage cheese, drained","2 eggs","1 pinch salt"],"directions":["1. In a medium bowl, combine 2 eggs, milk, flour and salt and mix together to make a soft dough. Roll out thinly enough to make about twelve 10cm (4 in) squares.","2. Bring a large pot of slightly salted water to the boil.","3. In a medium bowl, combine cheese, 2 eggs and salt. Mix together and fill dough squares with cottage cheese mixture. Pinch sides together to seal and drop in boiling water. Cook for about 8 to 10 minutes or until the squares rise to the water\u0027s surface."],"nutritionList":["Calories 187.4 kcal","Total Fat 4.1 g","Saturated Fat 1.9 g","Sodium 409.8 mg","Protein 10.7 g","Sugars 1.9 g"],"serves":"serves: 12","preparationTime":"Ready in  30 mins"}
