{"hash":0,"title":" Warm Aloo Salad ","description":" Here tender new potatoes, cooked in their jackets, are combined with crunchy celery, green onions and walnuts in a nutty dressing, then served warm. The salad is a delightful alternative to potato salads in creamy mayonnaise-based dressings, and goes well with cold meats or grilled fish, poultry, meat or vegetables. ","ingredients":["450 g small new potatoes","50 g walnut pieces","3 celery sticks, thinly sliced","6 green onions, thinly sliced","4 tbsp chopped parsley","sprigs of fresh flat-leaf parsley to garnish","Walnut balsamic dressing","2 tbsp walnut oil","1 tbsp balsamic vinegar","1 garlic clove, crushed (optional)","pinch of caster sugar","salt and pepper"],"directions":["1. Cut any large potatoes in half. Put the potatoes in a pan, cover with boiling water and bring back to the boil. Reduce the heat and simmer for 15–20 minutes or until the potatoes are just tender.","2. Meanwhile, make the dressing: whisk together the oil, vinegar, garlic, if using, sugar and seasoning.","3. Drain the potatoes and put them into a serving bowl. Add the walnuts, celery, spring onions and chopped parsley. Pour on the dressing and toss the ingredients together gently. Allow to cool slightly until just warm, then serve garnished with parsley."],"nutritionList":["Calories 220 kcal","protein 4 g","Fat 15 g","Saturated Fat 1 g","Carbohydrates 19 g","Sugars 2 g","Fibre 2 g"],"serves":"serves: 4","preparationTime":"Ready in  45 mins"}
