{"hash":0,"title":" Creamy Crab Pasta Salad ","description":" Creamy Crab Pasta Salad ","ingredients":["3/4 (500g) pack conchiglie rigate (pasta shells)","100ml (4 fl oz) half fat soured cream","100ml (4 fl oz) light mayonnaise","1 tablespoon lemon juice","1/2 tablespoon honey","1/2 tablespoon mustard","small handful chopped fresh dill","1/2 teaspoon salt","1/4 teaspoon freshly ground black pepper","450g (1 lb) cooked crab meat","1/2 red pepper, diced","1/2 green pepper, diced","handful chopped spring onions"],"directions":["1. Cook pasta according to pack instructions; drain and set aside to cool.","2. In a bowl, blend the soured cream, mayonnaise, lemon juice, honey, mustard and dill. Season with salt and pepper.","3. In a large bowl, toss together the cooked pasta, soured cream mixture, crab meat, red pepper, green pepper and spring onions. Cover and chill until serving."],"nutritionList":["Calories 295.3 kcal","Calories from Fat 77.2 kcal","Fat 8.6 g","Saturated Fat 2.2 g","Cholesterol 54.3 mg","Sodium 503.9 mg","Potassium 398.7 mg","Carbohydrates 35.8 g","Dietary Fibre 2.1 g","Protein 19.2 g","Vitamin A 249.2 mcg","Vitamin C 31.6 mg","Calcium 67.6 mg","Iron 1.8 mg"],"serves":"serves: 8","preparationTime":"Ready in  27 mins"}
