{"hash":0,"title":" Sautéed Chicken ","description":" Sautéed Chicken ","ingredients":["675g medium onions","4 skinless, boneless chicken breasts, about 115g each","pepper to taste","4 tsp butter","2 tbsp caster sugar","5 tbsp low-sodium chicken stock","1 tsp chopped fresh rosemary","1 tsp chopped fresh thyme","1 tbsp red wine vinegar"],"directions":["1. Cut each onion into 6 wedges. Sprinkle the chicken with pepper.","2. Coat a large nonstick frying pan with cooking spray or a little olive oil. Add 2 teaspoons butter and melt over a medium-high heat. Sauté the chicken for about 3 minutes on each side or until browned. Transfer to a plate.","3. Reduce the heat to medium, and melt the remaining butter in the pan. Sauté the onions with 1 tablespoon of the sugar for about 8 minutes or until they are golden brown and caramelised. Stir frequently, breaking the onions apart as they cook. Add the stock and boil for about 2 minutes or until it has evaporated.","4. Stir in the rosemary, thyme and remaining sugar. Return the chicken to the pan and sprinkle with the vinegar. Cook for a further 4 minutes or until the juices from the chicken run clear."],"nutritionList":["Calories 249 kcal","Fat 6 g","Saturated Fat 3 g","protein 29 g","Carbohydrates 21 g","Sodium 140 mg","Salt 0.35 g","Fibre 2.5 g","Useful source of potassium 697 mg"],"preparationTime":"Ready in  29 mins"}
