{"hash":0,"title":" Orange Apricot Bread ","description":" Orange Apricot Bread ","ingredients":["80g raisins, chopped","30g or 2 tablespoons of chopped dried apricots","zest of 1 orange","2 tablespoons orange juice","120g caster sugar","50g butter","1 egg, beaten slightly","250g self-raising flour","180ml milk"],"directions":["1. Preheat oven to 180 degrees C.","2. Lightly grease a 23x12cm (9x5 in) loaf tin.","3. In a small bowl, combine raisins, apricots, orange zest and orange juice. Let stand for 10 minutes.","4. In a large bowl, cream butter and sugar together. Beat in egg. Stir in fruit. Stir in flour alternately with milk. Pour mixture into the prepared tin.","5. Bake in preheated oven for 40 to 45 minutes, or until a skewer inserted into centre of loaf comes out clean.","6. Serve sliced and buttered with a pot of tea."],"nutritionList":["Calories 169.5 kcal","Protein 3.4 g","Sugars 15.2 g","Total Fat 3.8 g","Saturated Fat 2.1 g","Sodium 310.6 mg"],"serves":"serves: 12","preparationTime":"Ready in  55 mins"}
