{"hash":0,"title":" Tandoori Lamb Chops ","description":" Lamb chops marinated with lemon, thyme and pepper. Instead of BBQ, you may ask your tandoor walla to cook them or pan fry them at home. ","ingredients":["100ml olive oil","4 tablespoons lemon juice","handful chopped fresh thyme","salt and freshly ground black pepper to taste","12 lamb chops"],"directions":["1. Stir together olive oil, lemon juice and thyme in a small bowl. Season with salt and pepper to taste. Place lamb chops in a shallow dish, and toss with the olive oil mixture. Marinate for 1 hour.","2. Preheat barbecue for high heat.","3. Lightly oil cooking grate. Place lamb chops on barbecue, and discard marinade. Cook for 10 minutes, turning once, or to desired doneness."],"nutritionList":["Calories 205.2 kcal","Total Fat 17.6 g","Saturated Fat 4.9 g","Salt 66.4 mg","Protein 10.8 g"],"serves":"serves: 12","preparationTime":"Ready in  1 hour 20 mins"}
