{"hash":0,"title":" Hot Florentine muffins ","description":" Toasted muffins topped with wilted spinach and poached egg, then coated with a creamy yoghurt and chive sauce, make a light yet luxurious lunch or supper dish. ","ingredients":["1 tbsp vegetable oil","800g baby spinach leaves","4 eggs","1 tsp white wine vinegar","4 wholemeal English muffins, split","YOGHURT \u0026 CHIVE SAUCE","2 egg yolks","1 tsp Dijon mustard","150g Greek yoghurt","8 chives","TO GARNISH 8 chives (optional)"],"directions":["1. First make the sauce. Whisk the egg yolks, mustard and yoghurt in a heatproof bowl set over a pan of simmering water for about 10 minutes until thick. Snip in the chives and season to taste. Remove the pan from the heat, but leave the sauce in the bowl over the pan. Cover to keep warm.","2. Heat the oil in a wok or large frying pan, add the spinach and stir-fry over a moderate heat for 2–3 minutes until wilted. Drain in a sieve, pressing down with the back of a spoon to remove excess moisture. Return to the pan and season to taste, then cover to keep warm.","3. To poach the eggs, half fill a large frying pan with water. Add the vinegar and a pinch of salt and heat to simmering. Carefully break in the eggs, one at a time, and cook gently for 2–3 minutes until cooked as you like them, spooning the hot water over the yolks towards the end of the cooking time. Then, while the eggs are poaching, toast the muffins. Using a fish slice or draining spoon, lift the eggs from the water one at a time and drain on kitchen paper.","4. Divide the spinach among the muffin bases, place a poached egg on top and spoon over the warm sauce. Garnish with whole chives, if liked, sprinkle with pepper and rest the remaining toasted muffin halves on the side. Serve at once."],"nutritionList":["Calories 388 kcal","Protein 22 g","Fat 20 g","Saturates 6 g","Carbohydrates 34 g","Sugars 10 g","Fibre 9 g","Sodium 755 mg","Vegetables 200 g"],"serves":"serves: 4","preparationTime":"Ready in  20 mins"}
