{"hash":0,"title":" Bread Butter Pudding ","description":" Bread slices soaked with milk, kishmish, dried fruits and baked. Serve it hot with custard or just eat it cold for breakfast or chai time. ","ingredients":["10 slices of bread (white or brown, but with crusts removed)","275ml milk","60g butter, melted,","75g soft brown sugar","2 level teaspoons mixed spice","1 egg, beaten","175g mixed dried fruit - raisins, currants, mixed peel","grated rind of half an orange","Freshly grated nutmeg (optional)"],"directions":["1. Preheat oven to 180 degrees C.","2. Break up the bread into pieces, place in a bowl and pour the milk over. Stir together then let sit for 30 minutes to absorb.","3. Lightly grease a 1.5 litre baking dish.","4. Beat melted butter, sugar, mixed spice and egg together until smooth. Add in soaked bread and milk. Stir in dried fruit and orange rind. Pour into prepared dish and sprinkle with nutmeg.","5. Bake for 45 minutes or until golden brown on top."],"nutritionList":["Calories 493.6 kcal","Protein 10.4 g","Sugars 24.1 g","Total Fat 16.9 g","Saturated Fat 8.9 g","Sodium 522.3 mg"],"serves":"serves: 4","preparationTime":"Ready in  1 hour 55 mins"}
