{"hash":0,"title":" Garlic tofu vegetable stir fry ","description":" This is a really fast vegan meal that I often make midweek. Don\u0027t add any extra salt until you have tasted it. Use plenty of garlic and serve with rice. ","ingredients":["1 tablespoon olive oil","400g (16 oz) firm tofu, drained and cubed","6 cloves garlic, crushed or to taste","1 tablespoon oyster sauce","1 (500g) bag mixed vegetables","5 tablespoons vegetable stock"],"directions":["1. Heat olive oil in a large wok or frying pan over medium heat. Add tofu, garlic and about half of the oyster sauce. Cook for about 5 minutes, until garlic is lightly browned but not burning. Remove from the frying pan to a bowl, and set aside.","2. Add the frozen vegetables to the same frying pan and cook vegetables according to package directions, substituting stock for the water, and seasoning with the remaining oyster sauce. When vegetables are cooked, mix the tofu garlic mixture back into the pan, and heat through. Serve plain or over rice."],"nutritionList":["Calories 220.3 kcal","Total Fat 12.2 g","Saturated Fat 1.8 g","Sodium 352.8 mg","Protein 18.5 g"],"serves":"serves: 4","preparationTime":"Ready in  20 mins"}
