{"hash":0,"title":" Choux pastry ","description":" This is a basic choux pastry recipe for eclairs or profiteroles. It will make enough for a 20cm (8 inch) choux ring or 5 - 6 choux buns. Follow the individual recipe instructions for methods of use and baking. ","ingredients":["55 g (2 oz) butter","75 g (2½ oz) plain flour, sifted","2 eggs, beaten with a pinch of salt"],"directions":["1. Put the butter and 150 ml (5 fl oz) water in a saucepan. Heat gently until the butter has melted, then bring to the boil.","2. As soon as the water boils, remove the pan from the heat and quickly tip in the flour all at once. Beat with a wooden spoon until the ingredients bind together into a dough.","3. Return the pan to a low heat and continue to beat until the dough is a smooth, dry ball in the centre of the pan.","4. Allow to cool for 2–3 minutes, then gradually beat in the eggs to make a smooth, shiny paste. Beat vigorously. Use straight away, as directed in the recipe."],"serves":"serves: 6","preparationTime":"Ready in  15 mins"}
