{"hash":0,"title":" Pasta carbonara with leeks ","description":" A fabulously quick egg and bacon pasta favourite with added vegetables to make it super healthy. It\u0027s surprising how little pancetta and Parmesan cheese you need to achieve a really deep, rich flavour. ","ingredients":["2 leeks, trimmed and sliced","85g smoked pancetta","300g tagliatelle","175g frozen petits pois","4 eggs, lightly beaten","3 tbsp half-fat crème fraîche","50g Parmesan, freshly grated","2 tbsp chopped fresh parsley"],"directions":["1. Put a large pan of lightly salted water on to boil. Add the leeks and cook gently for 3 minutes until just tender. Remove the leeks to a plate using a draining spoon. Preheat the grill to medium.","2. Place the pancetta on the rack of the grill pan and grill for 2 minutes until beginning to crisp. Remove and break into rough pieces.","3. Bring the water back to the boil and if necessary, top up with a little more boiling water from the kettle. Drop the pasta into the water and cook for 6 minutes, or according to the pack instructions, until ‘al dente’. Add the peas to the water for the last 3 minutes of the and bring back to the boil. Stir occasionally to make sure that no pasta is sticking to the base of the pan.","4. Lightly whisk the eggs with the crème fraîche and freshly ground black pepper to season. Drain the pasta and peas and immediately return them to the hot pan. Stir in the egg mixture, which will cook in the heat of the pasta. Then quickly add the pancetta, leeks and parsley and lightly toss everything together.","5. Sprinkle over the Parmesan and season to taste with more pepper. Serve immediately."],"nutritionList":["Calories 574 kcal","Protein 30 g","Fat 24 g","Saturates 8 g","Carbohydrates 64 g","Sugars 5 g","Fibre 6 g","Sodium 188 mg","Vegetables 124 g"],"serves":"serves: 4","preparationTime":"Ready in  25 mins"}
