{"hash":0,"title":" Oriental meatball broth ","description":" Aromatic rice and pork meatballs and lots of interesting vegetables bring Oriental flavours to this satisfying main-meal soup. Serve it at the table in a warmed tureen or straight from the pan. ","ingredients":["225 g (8 oz) red chard leaves","1.4 litres (2½ pints) chicken stock, preferably home-made","2.5 cm (1 in) piece fresh root ginger, peeled and cut into thin strips","3 tbsp dry sherry","2 tbsp light soy sauce, or to taste","200 g (7 oz) baby corn, each sliced diagonally into 2–3 pieces","115 g (4 oz) shiitake mushrooms, thinly sliced","200 g (7 oz) mange-tout, each cut diagonally into 2–3 pieces","1 can sliced bamboo shoots, about 220 g, drained","6 spring onions, thinly sliced diagonally","Rice and pork meatballs","170 g (6 oz) long-grain rice","340 g (12 oz) lean minced pork","2.5 cm (1 in) piece fresh root ginger, peeled and grated","6 spring onions, chopped","1 garlic clove, finely chopped","2 tbsp soy sauce","½ tsp toasted sesame oil","½ tsp five-spice powder","pinch of chilli powder","225 g (8 oz) pak choy"],"directions":["1. First prepare the meatballs. Place the rice in a saucepan and pour in plenty of water to cover, then bring to the boil. Boil for 1 minute, then drain the rice in a sieve and leave to cool.","2. Mix the pork with the ginger, spring onions, garlic, soy sauce, sesame oil, five-spice powder and chilli powder. Strip the green leaves of the pak choy off the thick white stalks. Finely chop the leaves and add them to the pork. Reserve the stalks for the broth. Pound the mixture with a spoon until thoroughly combined.","3. Turn the drained rice into a large shallow bowl and separate the grains with a fork. Rinse your hands, then take a small lump of pork mixture, squeeze it together and roll it into a small ball about the size of a walnut. Roll the meatball in the rice, pressing it into the grains to coat it thickly. Press the rice firmly onto the meatball and set aside on a plate or dish. Shape the remaining pork mixture to make about 20 rice meatballs.","4. Cover the bottom of a steamer rack with a single layer of red chard, leaving gaps between the leaves. (If using stacking bamboo steamer baskets, you will need 2.) Add the meatballs in one layer, leaving space between them for the rice to swell. Bring the stock and ginger to the boil in the steamer base. Set the steamer on top and cover. Steam the meatballs for 35 minutes.","5. While the meatballs are cooking, cut the stalks of the pak choy across into 1 cm (½ in) pieces. Remove the steamer from the pan and set it aside on a plate. Add the sherry, soy sauce, baby corn, shiitake mushrooms, mange-tout, remaining red chard leaves, bamboo shoots and spring onions to the stock. Bring back to the boil, then replace the steamer rack and steam for a further 5 minutes.","6. Carefully transfer the rice and pork balls to a warm serving bowl. Add the chard leaves from the steamer to the broth. Taste the broth and add more soy sauce, if liked, then transfer it to a warm tureen. To serve, ladle some broth and vegetables into 4 warm bowls and add a few rice and pork meatballs to each. Ladle in more broth and add meatballs during the meal as required."],"nutritionList":["Calories 430 kcal","Protein 32 g","Fat 10 g","Saturated Fat 3 g","Carbohydrates 51 g","Sugars 7 g","Fibre 6 g"],"serves":"serves: 4","preparationTime":"Ready in  1 hour"}
