{"hash":0,"title":" Beef and pork meatballs in a caper sauce ","description":" Anchovies, lemon and parsley turn choice cuts of meat into delicious meatballs, given extra piquancy with a caper sauce. Try serving with some rice and a mixed-leaf salad. ","ingredients":["300 g (10½ oz) sirloin or rump steak","300 g (10½ oz) pork fillet","50 g (1¾ oz) canned anchovy fillets, drained, dried and finely chopped, optional","30 g (1¼ oz) fresh white or brown breadcrumbs","1 egg, beaten","Finely grated zest of 1 lemon","6 tablespoons chopped fresh parsley","Black pepper","For the sauce:","425 ml (15 fl oz) chicken or meat stock","150 ml (5 fl oz) dry white wine","150 g (5½ oz) low-fat Greek yoghurt","2 tablespoons plain white flour","2 tablespoons caper berries or capers, drained"],"directions":["1. Remove any fat, membrane and gristle from the steak and pork. Cut the meat into thin strips lengthways, then crossways into small dice.","2. To retain all the succulence of the meat, mince it by hand. Take a large, sharp knife in each hand, and, holding them loosely, lift each up and down in turn to chop, using a rhythmic action. Lift and turn the meat with the flats of the knives and continue chopping it to a fine mince.","3. In a large bowl, mix the minced meat, anchovy, if using, breadcrumbs, egg, lemon zest and 5 tablespoons of the parsley. Season with pepper only (the anchovies will provide enough salt).","4. Use your hands to roll the meat mixture into 20 meatballs the size of large walnuts. Then place them in a dish, cover with cling film and chill for 1 hour to allow their flavour to develop.","5. To make the sauce, pour the stock and wine into a large frying pan or wok and bring to the boil, then reduce the heat to low. Add the meatballs and poach them, uncovered, for 20 minutes, turning them once or twice as they cook. Do not allow the stock to boil or the meatballs will break up. Lift out the meatballs with a slotted spoon, dry them on kitchen paper and keep them warm.","6. Put the yoghurt and flour into a small bowl, whisk until smooth, then gradually whisk the mixture into the simmering stock. Raise the heat and continue whisking until the sauce comes to the boil, then reduce the heat to low, add the capers and simmer for 3 minutes.","7. Season the sauce with pepper, pour it over the meatballs, sprinkle with the remaining parsley and serve."],"nutritionList":["Calories 314 kcal","Carbohydrates 15 g","Protein 37 g","Fat 9 g","Saturated Fat 3 g"],"serves":"serves: 4","preparationTime":"Ready in  2 hours"}
