{"hash":0,"title":" Kids\u0027 Party Punch ","description":" Mix ginger ale with cranberry and pineapple juice and you get this punch, perfect for birthday parties. A big hit with kids and adults! ","ingredients":["1L cranberry juice","1L pineapple juice","300g caster sugar","1 teaspoon almond extract","1L ginger ale"],"directions":["1. In a large punch bowl, combine cranberry juice, pineapple juice and sugar. Stir until sugar is dissolved. Add almond extract and pour in the ginger ale."],"nutritionList":["Calories 111.2 kcal","Total Fat 0.1 g","Saturated Fat 0 g","Salt 6.4 mg","Protein 0.1 g"],"serves":"serves: 24","preparationTime":"Ready in  30 mins"}
