{"hash":0,"title":" Beef in ale with horseradish dumplings ","description":" A hearty beef and vegetable casserole that can be left to cook or made ahead and then reheated before serving. Cook the dumplings on top shortly before serving. ","ingredients":["2 tbsp olive oil","500g lean braising steak, cubed","2 onions, sliced","1 tbsp plain flour","600ml good ale or stout","1 tbsp redcurrant jelly","1 tsp wholegrain mustard","1 bay leaf","6 carrots, thickly sliced diagonally","200g baby or small turnips, trimmed and quartered if necessary","4 large portabello mushrooms, thickly sliced","DUMPLINGS","175g self-raising flour","6 sprigs of fresh parsley","5 tbsp cottage cheese","2 tsp horseradish sauce","2 tbsp semi-skimmed milk, or as needed"],"directions":["1. Preheat the oven to 160°C/gas 3. Heat the oil in a large, heavy flameproof casserole and quickly fry the pieces of steak until they are a good brown colour. Lift out of the casserole onto a plate using a draining spoon. Add the onions to the pan, reduce the heat to moderate and fry gently for about 10 minutes until the onions are golden brown.","2. Sprinkle the flour over the onions, stir well and cook for 1 minute. Pour in the ale and bring to the boil, stirring to dislodge any bits stuck to the casserole.","3. Add the redcurrant jelly, mustard and bay leaf, then return the meat to the casserole, followed by the carrots, turnips and mushrooms. Cover and transfer to the oven. Cook for 2 hours or until the meat is very tender. (Prepare ahead up to this point, if more convenient. Keep chilled, then reheat thoroughly before adding the dumplings.)","4. Shortly before the end of the, make the dumplings. Put the flour, a little seasoning and the parsley sprigs into a food processor. Process briefly to chop the parsley. Mix the cottage cheese with the horseradish and milk and add to the processor. Mix to make a soft dough, adding a little more milk if necessary. (Alternatively, chop the parsley, then mix everything together in a mixing bowl.) Turn the dough out onto a lightly floured work surface and divide into 8 equal portions. Roll each into a ball with floured hands.","5. Increase the oven temperature to 180°C/gas 4. Uncover the casserole, stir and season to taste. Gently place the dumplings on the top of the meat and vegetables, but do not submerge them. Cover, return to the oven and cook for a further 20 minutes. Serve at once."],"nutritionList":["Calories 580 kcal","Protein 42 g","Fat 15 g","Saturates 5 g","Carbohydrates 65 g","Sugars 27 g","Fibre 7 g","Vegetables 263 g"],"serves":"serves: 4","preparationTime":"Ready in  3 hours 5 mins"}
