{"hash":0,"title":" Aloo Bhindi ","description":" Aloo Bhindi ","ingredients":["1 large onion, quartered","4 garlic cloves","5 cm (2 in) piece of fresh ginger, peeled","2 tbsp sunflower oil","1 fresh red or green chilli, seeded and finely chopped","1 tsp black mustard seeds","2 tsp ground coriander","1 tsp ground cumin","1 tsp turmeric","450 ml hot vegetable stock, preferably home-made","1 can chopped tomatoes, about 400 g","200 g okra, trimmed and sliced","500 g potatoes, peeled and cut into large chunks","1 red, green or yellow capsicum pepper, seeded and cut into chunks","4 tbsp raisins","3 tbsp chopped fresh coriander","salt and pepper","chopped fresh coriander to garnish"],"directions":["1. Put the onion, peeled garlic and ginger in a food processor or blender and purée. Alternatively, finely chop the ingredients and mix well together. Heat the oil in a saucepan. Add the onion purée and the chilli, and fry over a low heat for 6–7 minutes or until the mixture is beginning to turn golden brown in places.","2. Add the mustard seeds, ground coriander, cumin and turmeric, and stir to form a paste. Gradually pour in the stock and tomatoes with their juice, stirring well. Bring to the boil, then reduce the heat and cover the pan. Simmer over a low heat for 10 minutes or until the spices are cooked and their flavours blended.","3. Add the okra, potatoes, pepper, raisins and seasoning to taste. Stir well, then cover again and simmer over a low heat for 15–20 minutes or until the potatoes are tender.","4. Stir in the chopped coriander and serve at once, sprinkled with extra coriander to garnish."],"nutritionList":["Calories 285 kcal","protein 7 g","Fat 7 g","Saturated Fat 1 g","Carbohydrates 52 g","Sugars 29 g","Fibre 6 g"],"serves":"serves: 4","preparationTime":"Ready in  55 mins"}
