{"hash":0,"title":" Fresh chicken stock ","description":" A home-made stock is a far cry from over-seasoned cubes and pastes, and cheaper than the chilled stocks many supermarkets sell these days. This version, made with the leftovers from a roast chicken, can be used as a base for soups, casseroles, sauces and gravies. ","ingredients":["1 chicken carcass or the bones from 4 chicken pieces","1 onion, quartered","1 large carrot, cut into large chunks","1 celery stick, cut into large chunks","1 fresh or 2 dried bay leaves","8 black peppercorns","½ tsp salt"],"directions":["1. Break up the chicken carcass or bones and put into a large pan. Add the vegetables, bay leaves, peppercorns and salt. Pour over 2 litres (3 1/2 pints) of water.","2. Bring to the boil over a high heat, then turn the heat down so the liquid is simmering gently. Cover the pan and leave to bubble for 2 hours.","3. Strain the stock through a sieve into a bowl, discarding the bones and vegetables. Skim the fat from the surface with a spoon, if using the stock straightaway. Alternatively, chill the stock first, which will make it easier to remove the fat."],"serves":"serves: 16","preparationTime":"Ready in  2 hours 30 mins"}
