{"hash":0,"title":" Veggie Zunka ","description":" This is a side dish cooked mainly in rural western part of India. Simple to make and a good accompaniment to any meal. Serve hot or cold. ","ingredients":["1 tablespoon vegetable oil","1 teaspoon mustard seed","1 large onion, roughly chopped","2 large green capsicums, cut into large pieces","1 teaspoon turmeric","salt to taste","1 teaspoon chilli powder (optional)","2 tablespoons besan (chick pea flour)"],"directions":["1. Heat oil in a large frying pan over medium high heat. Stir in mustard seeds. When mustard seeds begin to pop, stir in onion. Cook for 1 minute, then stir in green peppers, turmeric, salt and chilli powder. Reduce heat to medium low, cover, and cook 3 to 4 minutes. Stir in kabuli chana flour, mixing well; cover, and cook 2 minutes more."],"nutritionList":["Calories 114 kcal","Total Fat 4.8 g","Protein 3.7 g"],"serves":"serves: 4","preparationTime":"Ready in  20 mins"}
