{"hash":0,"title":" Mango Banana Shake ","description":" Ideal for breakfast, here\u0027s a filling, nourishing and quick banana-flavoured milk shake. Will certainly appeal to children and adults alike. ","ingredients":["½ ripe mango","1 small ripe banana, sliced","150 ml semi-skimmed milk","120 ml orange juice","2 tsp lime juice","1 tsp caster sugar","2 heaps 1/2 tbsp vanilla curd","sprigs of fresh lemon balm/mint to decorate (optional)"],"directions":["1. Peel the skin from the mango and cut the flesh away from the stone. Chop the flesh roughly. Put into a blender with the banana.","2. Add the milk, orange juice, lime juice, sugar and curd. Blend on maximum speed for about 30 seconds or until mixed and frothy.","3. Pour into glasses and serve immediately, decorated with sprigs of lemon balm, if you like."],"nutritionList":["Calories 150 kcal","Protein 5 g","Fat 2 g","Saturated Fat 1 g","Carbohydrates 30 g","Sugars 29 g","Fibre 1 g"],"serves":"serves: 2","preparationTime":"Ready in  15 mins"}
