{"hash":0,"title":" Tasty Toor Daal ","description":" This is one of my favourite daals! I don\u0027t make it too often as my family prefers moong daal over this daal. Whenever I come back from vacation this is the daal I crave for! ","ingredients":["1 cup toor daal","1 tomatoe finely chopped","1 onion finely chopped","1 tsp heeng","1 tsp coriander powder","1 tsp red chilli powder","3 sprigs coriander leaves","1 tsp methi seeds","2 cloves garlic minced","2 inch ginger minced","3 tsp lemon juice","1/2 tsp turmeric powder","salt to taste"],"directions":["1. Soak the daal for 30 mins. Then place it in a pressure cooker with salt and turmeric powder and let it cook for 15 mins(2 whistles).","2. While the daal is boiling, saute onions,tomatoes,ginger,garlic,red chilli powder, heeng and methi seeds for 5 mins.","3. Add the above mixture to boiled daal , add lemon juice and garnish with chopped coriander leaves."],"serves":"serves: 4","preparationTime":"Ready in  55 mins"}
