{"hash":0,"title":" Easy Chocolate Tofu Pie ","description":" Easy Chocolate Tofu Pie ","ingredients":["450g (1 lb) silken tofu","50g (2 oz) cocoa powder","200g (7 oz) caster sugar","1 tablespoon vanilla extract","1/2 teaspoon cider vinegar","1 (23cm / 9 in) digestive biscuit base"],"directions":["1. Preheat oven to 190 C / Gas mark 4.","2. Blend tofu with an electric mixer or in a food processor until smooth. Blend in cocoa, sugar, vanilla and vinegar. Pour into prepared base.","3. Bake in preheated oven for 25 minutes.","4. Refrigerate for 1 hour before serving."],"serves":"serves: 8","preparationTime":"Ready in  40 mins"}
