{"hash":0,"title":" Pea Orzotto ","description":" Pea Orzotto ","ingredients":["850 ml vegetable stock","2 teaspoons olive oil","50 g onions, finely chopped","125 g pearl barley","50 ml white wine or sherry or stock","150 g frozen peas, defrosted","2 tablespoons freshly grated Parmesan cheese","Salt and black pepper"],"directions":["1. Put a kettle on to boil. Heat the stock to simmering point in a small saucepan. Meanwhile, in a larger saucepan, heat the olive oil then add the onions and fry them over a medium heat for 5 minutes, stirring frequently, until tender.","2. Add the pearl barley to the pan and stir continuously for 1-2 minutes until the grains are evenly coated with the oil and onion mixture. Increase the heat, add the wine or sherry to the pan and simmer for 1-2 minutes until the barley has absorbed the liquid.","3. Add a ladle of the hot stock to the barley, stirring continuously until it has been absorbed. Continue to add the stock a ladle at a time, stirring, and add half the peas before the last few ladles of stock. Continue stirring frequently until all the stock has been absorbed and the barley is al dente. This takes 35-45 minutes.","4. Meanwhile, place the remaining peas in a bowl and pour 100 ml of boiling water over them, or just enough to cover them. Leave them to stand for 1-2 minutes, then purée them with their liquid using a food processor or a hand-held mixer.","5. Just before serving, stir the puréed peas and Parmesan into the orzotto and quickly heat them through. Season with salt and pepper to taste."],"nutritionList":["Calories 193 kcal","Carbohydrates 32 g","Protein 7 g","Fat 5 g","Saturated Fat 1 g"],"preparationTime":"Ready in  1 hour 10 mins"}
