{"hash":0,"title":" Stunning Strawberry Crunch ","description":" Stunning Strawberry Crunch ","ingredients":["1st layer:","200g (7 oz) digestive biscuits, crushed into crumbs","120g (4 oz) butter, melted","2nd layer:","1 (284 ml) carton of cream","200ml (7 fl oz) milk","100g (4 oz) white marshmallows","1 leaf or 1 tablespoon of powdered gelatine (mixed with hot water until it dissolves.)","3rd layer:","1 (135g packet) strawberry jelly","1 punnet (1 pint) fresh strawberries"],"directions":["1. For the 1st layer: Preheat the oven to 180 degrees C (Gas 4). Mix biscuit crumbs with butter and press into the base of a 23cm (9 inch) cake tin (with a removable base) until it is even and firm.","2. Place the cake tin into the preheated oven and bake for 15 minutes.","3. Then cool and chill in the fridge for at least 3 hours.","4. For the 2nd layer: place all the 2nd layer ingredients into a non-stick saucepan and boil over low heat. When the marshmallows have melted, add in the gelatine (which must be dissolved in warm water first and stirred).","5. Scoop the mixture over the 1st layer. Chill again in the fridge for 3 hours, depending on the thickness of the layer. For best results, chill overnight.","6. For the 3rd layer: When the 2nd layer is ready, mix the jelly with hot water (refer to the packets instructions).","7. Cut the strawberries into half and place them on top of the 2nd layer.","8. When the jelly mixture has cooled (not to the extent that it has hardened), use a tablespoon to scoop the mixture up and form a thin layer to keep the strawberries firmly in their positions.","9. Place the cake tin into the fridge for 10-15 minutes. When time is up, continue scooping the mixture and then add layers of strawberries onto the cake until the strawberries are used up."],"serves":"serves: 9","preparationTime":"Ready in  10 hours 30 mins"}
