{"hash":0,"title":" Masala Chicken Soup ","description":" Simple wonderful on a cold monsoon evening! Chicken soup is often credited with being a panacea for all kinds of ills, and this version – with its warming spices and vibrant colour – should perk up anyone. Serve with ghee wala parathas. ","ingredients":["2 tbsp vegetable oil","2 onions, finely chopped","2 large garlic cloves, crushed","1 tsp ground coriander","1 tsp ground cumin","¼ tsp ground cayenne pepper, or to taste","¼ tsp ground cloves","¼ tsp ground ginger","¼ tsp ground turmeric","1 litre chicken or vegetable stock","400g chopped tomatoes","450g skinless chicken breast fillets, cut into 5mm strips","225g runner beans, trimmed and chopped","400g kabuli chole or rajmah, soaked overnight and boiled","2 tbsp chopped fresh coriander","TO GARNISH:","4 tbsp dahi","sprigs of fresh coriander"],"directions":["1. Heat the oil in a large, heavy-based saucepan over a medium heat. Add the onions and fry for 3 minutes, stirring. Add the garlic and continue stirring for about 2 minutes longer until the onions are softened, but not brown.","2. Reduce the heat slightly and stir in the spices. Continue stirring over a gentle heat for a few minutes so the spices release their aroma. Take care not to let the mixture burn.","3. Stir in the stock and tomatoes, with their juice, increase the heat and bring to the boil. Then reduce the heat to a gentle simmer.","4. Add the chicken, beans and chole to the pan, bring back to the boil, then reduce the heat, cover and leave the soup to cook gently for 8–10 minutes until the chicken is cooked through and the beans are just tender. Taste a bean to test if it is cooked and cut a piece of chicken in half to make sure it is no longer pink in the centre. Stir in the chopped coriander and season to taste. (If freezing the soup, add the coriander after reheating).","5. Ladle the soup into individual bowls, then add a tablespoon of dahi to each serving, sprinkle with a little mirchi and garnish with sprigs of coriander."],"nutritionList":["Calories 317 kcal","Protein 36 g","Fat 9 g","Saturates 2 g","Carbohydrates 24 g","Sugars 12 g","Fibre 5 g","Sodium 267 mg","Vegetables 240 g"],"serves":"serves: 4","preparationTime":"Ready in  35 mins"}
