{"hash":0,"title":" Gingerbread Men ","description":" Great biscuits for a children\u0027s party, they can decorate them with all kinds of candy! It also makes a great family activity for Christmas holidays. ","ingredients":["350g treacle (or honey)","225g dark brown soft sugar","150ml cold water","50g butter","900g plain flour","2 tsp bicarbonate of soda","1 teaspoon salt","1 teaspoon ground allspice","2 tsp ground ginger","1 teaspoon ground cloves","1 teaspoon ground cinnamon"],"directions":["1. Preheat the oven to 180 C. Lightly grease baking tray.","2. Mix together the treacle or honey, brown sugar, water and butter.","3. Sift together the flour, bicarbonate of soda, salt and spices. Add to sugar mixture and mix well. Cover and refrigerate for 2 hours.","4. Roll dough .5cm (1/4 in) thick on a floured surface. Cut with floured gingerbread man pastry cutter. Place about 5cm (2 in) apart on baking tray. Bake for 10 to 12 minutes. Cool and decorate with icing of your choice."],"nutritionList":["Calories 259.6 kcal","Total Fat 5.3 g","Saturated Fat 1.5 g","Salt 199.5 mg","Protein 3.2 g"],"serves":"serves: 30","preparationTime":"Ready in  55 mins"}
