{"hash":0,"title":" Stir-fried vegetable curry ","description":" A selection of ground and whole spices, and a hint of coconut, flavour the mixed vegetables in this contemporary curry, which is cooked in stages so that all the individual tastes remain distinct and delicious. Serve with boiled rice and naan bread or chapattis to make a substantial meal. ","ingredients":["125 g (4½ oz) small pickling onions (unpeeled)","125 g (4½ oz) dried mung beans, soaked overnight, drained and rinsed","500 ml (17 fl oz) vegetable stock, preferably home-made","55 g (2 oz) creamed coconut, crumbled","1 tbsp finely chopped fresh root ginger","1 large garlic clove, crushed","1½ tbsp ground coriander","1 tbsp garam masala","½ tsp turmeric","pinch of crushed dried chillies","3 tbsp sunflower oil","1 tsp coriander seeds, crushed","1 tsp cumin seeds","1 tsp brown mustard seeds","250 g (9 oz) carrots, diced","250 g (9 oz) parsnips, diced","250 g (9 oz) small new potatoes, halved","250 g (9 oz) cauliflower, cut into small florets","150 g (5½ oz) frozen peas","125 g (4½ oz) white cabbage, shredded","salt and pepper","chopped fresh coriander to garnish (optional)"],"directions":["1. Blanch the pickling onions in a large pan of boiling water for 3 minutes. Use a draining spoon to remove them from the pan. Drain well and set aside until cool enough to handle, then peel.","2. Meanwhile, add the mung beans to the pan of boiling water and boil rapidly for 10 minutes, then reduce the heat and simmer for 20–25 minutes or until tender. Drain well and set aside.","3. Bring the stock to the boil, add the creamed coconut and stir until it dissolves. Set aside.","4. Using a pestle and mortar, pound the ginger and garlic to a paste. Stir in the ground coriander, garam masala, turmeric and chillies until well blended.","5. Heat a large wok or heavy-based flameproof casserole over a high heat. Add 2 tbsp of the oil. When the oil is hot, add the coriander, cumin and mustard seeds. Fry, stirring constantly, for about 30 seconds or until the seeds give off their aroma and start to crackle. Use a draining spoon to transfer the seeds to kitchen paper on a plate.","6. Add the remaining 1 tbsp of oil and the spice paste to the wok. Reduce the heat to moderate and stir-fry for about 1 minute. Stir in the carrots, parsnips, potatoes and 2 tbsp water, and stir-fry for a further 2 minutes.","7. Pour in the coconut stock and bring to the boil, stirring. Reduce the heat to low, cover and simmer for 5 minutes. Add the cauliflower florets, peas and pickling onions. Cover and continue simmering for a further 5 minutes, stirring occasionally. Uncover and bring back to the boil, then boil for about 5 minutes or until most of the liquid has evaporated and all of the vegetables are just tender.","8. Add the cabbage, mung beans and fried spice seeds, and stir-fry for just long enough to wilt the cabbage. Add seasoning to taste and serve immediately, sprinkled with chopped fresh coriander, if using."],"nutritionList":["Calories 370 kcal","protein 11 g","Fat 21 g","Saturated Fat 9 g","Carbohydrates 37 g","Sugars 16 g","Fibre 9 g"],"serves":"serves: 4","preparationTime":"Ready in  1 hour 20 mins"}
