{"hash":0,"title":" Pear Sandwich Spread ","description":" Tired of sugary jams? This simple, sweet pear spread goes great over artisan bread, scones or hot toast. ","ingredients":["2 pears - peeled, cored and coarsely grated","1 tablespoon crystallised ginger","1 teaspoon vanilla essence","1 tablespoon caster sugar"],"directions":["1. Place pears, ginger, vanilla essence and sugar in a small microwave safe bowl. Cover and microwave on high 2 minutes. Uncover and continue to microwave in 1 minute intervals, stirring occasionally, until the mixture attains a thick, spreadable consistency."],"nutritionList":["Calories 34.5 kcal","Total Fat 0.2 g","Saturated Fat 0 g","Salt 0.5 mg","Protein 0.2 g"],"serves":"serves: 8","preparationTime":"Ready in  20 mins"}
