{"hash":0,"title":" Vegetable hash ","description":" Traditionally, a hash was the perfect way to use up leftovers from a roast dinner. Here, a glorious mix of colourful vegetables with crumbly Lancashire cheese makes a complete vegetarian dish. Accompany with a good fruity relish or chutney. ","ingredients":["1 tbsp olive oil","500g cooked potatoes, cubed","200g Savoy cabbage, shredded","200g carrots, peeled and thinly sliced","5 spring onions, trimmed and sliced","50g Lancashire cheese","2 tbsp chopped fresh parsley"],"directions":["1. Heat the oil in a large, non-stick frying pan over a moderate heat. Add the potatoes and fry, stirring occasionally, for about 3 minutes or until lightly browned all over.","2. Add the cabbage and carrots and stir gently to mix with the potatoes. Continue to fry, stirring occasionally, for about 2 minutes until the vegetables start to soften.","3. Pour in 100ml water and cover the pan. Allow the vegetables to steam for about 3 minutes. Stir in the spring onions and cook, covered, for about 6 minutes longer. Season to taste.","4. Crumble the cheese over the vegetable hash and sprinkle with the chopped parsley. Serve immediately."],"nutritionList":["Calories 391 kcal","Protein 14 g","Fat 14.5 g","Saturates 6 g","Carbohydrates 55 g","Sugars 14 g","Fibre 9 g","Sodium 198 mg","Vegetables 225 g"],"serves":"serves: 2","preparationTime":"Ready in  30 mins"}
