{"hash":0,"title":" Date Haroset ","description":" Haroset is a traditional Jewish Passover dish. This haroset recipe is more of a confection, and very different from the typical apple based variety. It can be stored in the refrigerator for one week in an air-tight container. ","ingredients":["225g (8 oz) chopped dates","175g (6 oz) sultanas","100ml (4 fl oz) red wine","50g (2 oz) coarsely chopped walnuts","1 teaspoon ground cinnamon","50g (2 oz) icing sugar"],"directions":["1. Place the chopped dates and sultanas in a small saucepan with the wine. Cook over low heat, stirring occasionally, until the fruit thickens to a soft paste. Cool.","2. Stir nuts and cinnamon into the cooled fruit mixture.","3. Form paste into small, bite-size balls. Roll in icing sugar."],"nutritionList":["Calories 46 kcal","Total Fat 1 g","Saturated Fat 0.1 g","Sodium 0.9 mg","Protein 0.5 g"],"serves":"serves: 40","preparationTime":"Ready in  1 hour 45 mins"}
