{"hash":0,"title":" Refreshing Melon Smoothie ","description":" Refreshing Melon Smoothie ","ingredients":["1/4 cantaloupe melon - peeled, seeded and diced","1/4 honeydew melon - peeled, seeded and diced","1 lime, juiced","2 tablespoons sugar (optional)"],"directions":["1. In a mixie, combine cantaloupe, honeydew, lime juice and sugar. Blend until smooth. Pour into glasses and serve."],"nutritionList":["Calories 69.3 kcal","Total Fat 0.2 g","Saturated Fat 0 g","Salt 11.5 mg","Protein 0.8 g","Sugars 16 g"],"serves":"serves: 4","preparationTime":"Ready in  10 mins"}
