{"hash":0,"title":" Easy Spinach Quiche ","description":" A simple quiche recipe without the pastry - just spinach, spring onions and two cheeses. Perfect for a last minute brunch. ","ingredients":["300g (10 oz) frozen chopped spinach, thawed","1 bunch spring onions, finely chopped","4 eggs, beaten","450g (16 oz) cottage cheese","225g (8 oz) grated Cheddar cheese"],"directions":["1. Preheat oven to 160 C / Gas mark 3. Lightly grease a 23cm pie or quiche dish.","2. Place spinach in a small saucepan. Cook over medium heat, stirring occasionally until soft. Drain off any remaining liquid. Stir in spring onions, eggs, cottage cheese and cheddar cheese. Pour mixture into prepared dish.","3. Bake uncovered in preheated oven for 45 to 60 minutes, until eggs are set."],"nutritionList":["Calories 231.9 kcal","Calories from Fat 133.1 kcal","Fat 14.8 g","Saturated Fat 8.5 g","Cholesterol 144.3 mg","Sodium 475.7 mg","Potassium 299.7 mg","Carbohydrates 6.6 g","Dietary Fibre 1.9 g","Protein 18.8 g","Sugars 2 g","Vitamin A 1024.6 mcg","Vitamin C 13.9 mg","Calcium 309.3 mg","Iron 1.8 mg"],"serves":"serves: 8","preparationTime":"Ready in  1 hour 10 mins"}
