{"hash":0,"title":" Spinach and smoked trout roulade ","description":" Flakes of smoked trout, creamy soft cheese and fresh dill combine to make a well-flavoured filling for this light spinach roll. It is much simpler to make than it looks – just make sure that the spinach is squeezed really dry before adding to the sauce base. Serve with a plum tomato salad and wholemeal rolls. ","ingredients":["30 g (1 oz) commeal or polenta","200 g (7 oz) frozen leaf spinach, thawed","25 g (scant 1 oz) butter","25 g (scant 1 oz) plain flour","300 ml (10 fl oz) semi-skimmed milk","4 eggs, separated","pinch of freshly grated nutmeg","salt and pepper","Smoked trout filling","115 g (4 oz) reduced-fat soft cheese","4 tbsp fromage frais","2 tbsp chopped fresh dill","140 g (5 oz) skinless smoked trout fillet","2 tsp lemon juice","Plum tomato salad","1 tbsp extra virgin olive oil","2 tsp sherry vinegar","pinch of caster sugar","1 small onion, chopped","170 g (6 oz) baby plum tomatoes, halved"],"directions":["1. Lightly oil a 23 x 33 cm (9 x 13 in) Swiss roll tin and line with baking parchment. Sprinkle evenly with the cornmeal or polenta. Preheat the oven to 200°C (400°F, gas mark 6).","2. Squeeze the excess water out of the spinach, then chop finely. Melt the butter in a heavy-based saucepan, stir in the flour and cook for a few seconds. Off the heat, gradually whisk in the milk, then put back on a low heat and cook, whisking constantly, until the sauce bubbles and thickens. Remove from the heat and stir in the spinach, followed by the egg yolks, nutmeg, and salt and pepper to taste.","3. In a large clean bowl, whisk the egg whites until stiff. Fold into the spinach mixture, one-third at a time. Spoon into the prepared tin and gently level the surface.","4. Bake for 12–15 minutes or until slightly risen and firm to the touch. Place the tin on a wire rack, cover with a clean tea-towel and leave to cool for 5 minutes.","5. Meanwhile, make the filling. Put the soft cheese in a mixing bowl and mix in the fromage frais, 1 tbsp at a time. Stir in the dill, and season with salt and pepper to taste. Flake the trout into another bowl, and toss with the lemon juice.","6. Turn out the spinach ‘cake’ onto the tea-towel and carefully peel away the lining paper. Spread evenly with the soft cheese mixture, then arrange the smoked trout on top. Roll up the cake from one of the short ends. Transfer to a serving platter. (If making ahead of time, cover with cling film and keep in the fridge for up to 1 hour.)","7. For the plum tomato salad, whisk together the oil, vinegar, sugar and seasoning to taste in a bowl. Add the onion and toss to coat, then add the tomatoes and toss again.","8. Cut the roulade into 12 slices using an electric carving knife or a large serrated knife. Serve with the plum tomato salad."],"nutritionList":["Calories 280 kcal","Protein 17 g","Fat 17 g","Saturated Fat 8 g","Carbohydrates 14 g","Sugars 7 g","Fibre 1.5 g"],"serves":"serves: 6","preparationTime":"Ready in  11 hours 30 mins"}
