{"hash":0,"title":" Mexican Pomegranate Salsa ","description":" Mexico\u0027s super popular bitter sweet pomegranate chutney is yours to enjoy without leaving your home! Anardana blends deliciously with chillies and fresh herbs. You can use this salsa on meats, on parathas, dip for chips or even in raita. ","ingredients":["2 sprigs fresh mint, chopped","1 bunch coriander, chopped","1 bunch flat leaf parsley, chopped","1 small red onion, chopped","seeds of one 1 pomegranate","6 tablespoons fresh lime juice","2 tsp lime zest","1 jalapeño or green chilli, chopped","1 poblano or any mild chilli, chopped (optional)","1 small tomato, diced","2 tablespoons olive oil","salt and ground white pepper to taste"],"directions":["1. In a medium bowl, toss together mint, coriander, flat leaf parsley, red onion, pomegranate seeds, lime juice, lime zest, chillies, tomato and olive oil. Season with salt and white pepper. Cover, and chill in the refrigerator at least 2 hours before serving."],"nutritionList":["Calories 119.5 kcal","Total Fat 7.3 g","Saturated Fat 1 g","Salt 123.4 mg","Protein 2.1 g"],"serves":"serves: 4","preparationTime":"Ready in  2 hours 25 mins"}
