{"hash":0,"title":" Savillum (Ancient Roman Cheesecake) ","description":" This honey sweetened cheesecake is made with eggs and ricotta cheese and flavoured with orange zest, lemon juice and bay leaves. If you\u0027re planning a toga party or just want a taste of ancient Rome, this is an authentic version of an ancient Roman cheese cake. Can be served either warm or cold. ","ingredients":["15 bay leaves","3 eggs","225g ricotta cheese","175g honey","1 teaspoon grated orange zest","1 teaspoon lemon juice","60g plain flour"],"directions":["1. Preheat an oven to 220 C / Gas 7. Pour some water into a small, ovenproof bowl, and place into the oven. Arrange the bay leaves over the bottom of a 23cm springform cake tin.","2. Beat the eggs in a mixing bowl, then mix in ricotta cheese, honey, orange zest and lemon juice. Sprinkle in the flour, and stir until evenly combined. Gently pour the batter over the bay leaves, being careful not to disturb them too much.","3. Bake in the preheated oven until browned, about 35 to 40 minutes. Run the tip of a paring knife around the edges of the tin, and release from the springform tin. Invert onto a serving plate, and serve warm or chilled."],"nutritionList":["Calories 160 cal","Carbohydrates 25.4 g","Cholesterol 88 mg","Fibre 0.4 g","Protein 6.5 g","Sodium 63 mg","Saturated fat 2 g","Total fat 4.2 g"],"serves":"serves: 8","preparationTime":"Ready in  50 mins"}
