{"hash":0,"title":" Marinated duck and kasha salad ","description":" Kasha, or buckwheat grain, is available either plain or roasted. When plain kasha is toasted and then simmered in stock, it develops a rich nutty flavour. It works perfectly with duck in this hearty main-dish salad. ","ingredients":["450 g (1 lb) boneless duck breasts","2 garlic cloves, chopped","juice of 1 lemon","12 sprigs of fresh thyme","1 tsp chopped fresh rosemary","3 tbsp extra virgin olive oil","225 g (8 oz) plain kasha (buckwheat grain)","750 ml (1¼ pints) chicken stock","125 g (4½ oz) thin green beans","200 g (7 oz) mixed salad leaves, such as frisée, lamb\u0027s lettuce, mizuna and rocket","5 sprigs of fresh basil, finely shredded","½ red onion, thinly sliced","8 green olives, stoned","8 black olives, stoned","2 medium-sized courgettes, thinly sliced lengthways","12 small spring onions","12 small tomatoes","1½ tbsp red wine vinegar, or a combination of sherry and balsamic vinegars","salt and pepper"],"directions":["1. Remove all the fat and skin from the duck breasts. With a sharp knife, score the flesh on both sides in a criss-cross pattern. Put the breasts in a bowl and add about two-thirds of the garlic, the lemon juice, half of the thyme sprigs, the rosemary and 1 tbsp of the oil. Turn to coat the breasts with the flavourings, then marinate while you prepare the rest of the ingredients.","2. Put the kasha in a heavy frying pan and toast over a moderate heat, stirring and tossing, for 4–5 minutes or until it has become slightly darker in colour. Remove from the heat.","3. Bring the stock to the boil in a saucepan, then stir in the toasted kasha. Bring back to the boil. Reduce the heat, cover and cook over a low heat for 10–15 minutes or until the stock has been absorbed and the kasha is tender. Remove from the heat and set aside, still covered, until ready to use.","4. Heat a ridged cast-iron grill pan for 10 minutes. Meanwhile, drop the green beans into a saucepan of boiling water and blanch for 1–2 minutes. Drain and refresh under cold running water. Cut the beans in half and put into a salad bowl. Add the salad leaves, basil, red onion and olives, and toss to mix.","5. Remove the duck breasts from the marinade and place on the hot grill pan. Cook for 3 minutes, then turn the breasts over and cook for another 3 minutes (the meat will be rare, so cook longer if you prefer it well done). Remove the duck to a board. Place the courgettes, whole spring onions and whole tomatoes on the grill pan and cook for 1–2 minutes or until lightly charred all over.","6. Combine the remaining garlic and 2 tbsp oil with the vinegar in a small bowl, and add the leaves from the remaining thyme sprigs. Whisk together, then drizzle over the salad. Spoon on the kasha, and arrange the hot griddled courgettes, spring onions and tomatoes on top. Slice the duck breasts, place over the vegetables and serve."],"nutritionList":["Calories 483 kcal","protein 30 g","Fat 18 g","Saturated Fat 4 g","Carbohydrates 55 g","Sugars 6 g","Fibre 5 g"],"serves":"serves: 4","preparationTime":"Ready in  1 hour 35 mins"}
