{"hash":0,"title":" Chilled Pasta Salad ","description":" Here\u0027s a great summer pasta salad for any time munching. Corkscrew pasta is boiled, then tossed with capsicums, limes, mirchi, tomato and chilled for two hours. Also makes a great appetizer for a dinner party. ","ingredients":["225g fusilli pasta","4 green onions, chopped","1 green capsicum, chopped","1 green chilli, seeded and minced","2 tomatoes, chopped","1 cucumber","4 tablespoons olive oil","1/4 teaspoon salt","1 clove garlic, crushed","4 tablespoons fresh lime juice","1/4 teaspoon freshly ground black pepper","175ml tomato juice"],"directions":["1. Cook fusilli according to package instructions; drain.","2. In large bowl combine pasta, onion, green capsicum, chilli, tomatoes, cucumber, oil, salt, garlic, lime juice, black pepper and tomato juice. Toss well and chill in refrigerator for 2 hours. Toss again before serving."],"nutritionList":["Calories 247.3 kcal","Total Fat 10.2 g","Saturated Fat 1.4 g","Salt 108.6 mg","Protein 6.3 g"],"serves":"serves: 6","preparationTime":"Ready in  2 hours 30 mins"}
