{"hash":0,"title":" Mango Peach Smoothie ","description":" Mango, apricot, peaches and oranges, here\u0027s a vitamin filled super drink that tastes fantastic too! ","ingredients":["3 cups diced mango","1 1/2 cups chopped fresh or frozen peaches","1/4 cup tinned chopped orange segments","1/4 cup chopped and pitted nectarine","1/2 cup orange juice","2 cups ice"],"directions":["1. Place mango, peaches, orange, nectarine, orange juice, and ice into a blender. Blend for 1 minute, or until smooth."],"serves":"serves: 4","preparationTime":"Ready in  10 mins"}
