{"hash":0,"title":" Honey Lemon Lamb ","description":" This truly festive mutton dish has a juicy leg of lamb marinated overnight with fresh rosemary, garlic, mustard, honey and lemon zest. ","ingredients":["4 tablespoons honey","2 tablespoons Dijon mustard","2 tablespoons chopped fresh rosemary","1 teaspoon freshly ground black pepper","1 teaspoon lemon zest","3 cloves garlic, minced","2.25kg whole leg of lamb","1 teaspoon coarse sea salt"],"directions":["1. In a small bowl, combine the honey, mustard, rosemary, ground black pepper, lemon zest and garlic. Mix well and apply to the lamb. Cover and marinate in the fridge overnight.","2. Preheat the oven to 230 C.","3. Place lamb on a rack in a dish and sprinkle with salt to taste.","4. Bake in the preheated oven for 20 minutes, then reduce heat to 200 C and roast for 55 to 60 more minutes for medium rare. The internal temperature should be at least 63 degrees C. Let the roast rest for about 10 minutes before carving."],"nutritionList":["Calories 790.8 kcal","Protein 58.5 g","Sugars 9.5 g","Total Fat 55.7 g","Saturated Fat 24.1 g","Salt 619.5 mg"],"serves":"serves: 7","preparationTime":"Ready in  1 hour 35 mins"}
