{"hash":0,"title":" Salmon with tarragon mayonnaise ","description":" Salmon is readily available all year round and is keenly priced, making it an affordable treat. This dish can be served warm or cold, with a green leaf salad tossed with mange-tout or green beans, and some crusty bread. ","ingredients":["4 salmon steaks or pieces of fillet, about 125 g (4½ oz) each","150 ml (5 fl oz) dry white wine","1–2 bay leaves","strip of pared lemon zest","Tarragon mayonnaise","4 tbsp reduced-fat mayonnaise","150 g (5½ oz) plain low-fat yogurt","finely grated zest of 1 lemon","2 tbsp chopped fresh tarragon","Couscous","250 g (8½ oz) couscous","4 tomatoes, roughly chopped","3 spring onions, chopped","55 g (2 oz) watercress, roughly chopped","1 tbsp extra virgin olive oil","juice of 1 lemon","salt and pepper"],"directions":["1. Place the salmon in a deep-sided, non-stick frying pan. Pour over the wine and add the bay leaves, lemon zest and seasoning to taste. Bring to the boil, then reduce the heat, cover and poach the salmon for 5–6 minutes or until just cooked – it should still be very slightly translucent in the centre.","2. Meanwhile, stir together the yogurt, mayonnaise, grated lemon zest and tarragon. Season to taste and spoon the mixture into a serving bowl.","3. When the fish is cooked, drain off most of the cooking liquid into a measuring jug and add enough boiling water to make 360 ml (12 fl oz). Cover the pan with a lid to keep the salmon warm, off the heat.","4. Pour the diluted fish stock over the couscous in a bowl and leave for 3–4 minutes for the liquid to be absorbed. Fluff up the couscous with a fork and stir in the chopped tomatoes, spring onions and watercress. Drizzle over the olive oil and lemon juice, and stir to blend everything together. Season to taste.","5. Serve warm with the couscous salad and the tarragon mayonnaise."],"nutritionList":["Calories 500 kcal","protein 32 g","Fat 22 g","Saturated Fat 5 g","Carbohydrates 39 g","Sugars 6 g","Fibre 1 g"],"serves":"serves: 4","preparationTime":"Ready in  40 mins"}
