{"hash":0,"title":" Spicy Peach Chutney ","description":" Spicy Peach Chutney ","ingredients":["1.75kg (4 lb) sliced peeled peaches","175g (6 oz) sultanas","2 cloves garlic, minced","75g (3 oz) chopped onion","150g (5oz) chopped preserved ginger","1 1/2 tablespoons chilli powder","1 tablespoon mustard seed","1 teaspoon curry powder","900g (2 lb) dark brown soft sugar","1L (1 3/4 pints) cider vinegar","4 tablespoons pickling spice"],"directions":["1. In a large heavy pot, stir together the peaches, sultanas, garlic, onion, preserved ginger, chili powder, mustard seed, curry powder, brown sugar and cider vinegar. Wrap the pickling spice in a spice bag or muslin and place in the pot.","2. Bring to the boil, and cook over medium heat uncovered until the mixture reaches your desired consistency. It will take about 1 1/2 hours to get a good thick sauce. Stir frequently to prevent scorching on the bottom.","3. Remove the spice bag, and ladle into hot sterilised jars. Wipe the rims with a clean moist cloth. Seal with lids and rings, and process in a barely simmering water bath for 10 minutes. The water should cover the jars completely."],"nutritionList":["Calories 50.2 kcal","Protein 0.1 g","Sugars 11.6 g","Total Fat 0.1 g","Saturated Fat 0 g","Sodium 5.8 mg"],"serves":"serves: 96","preparationTime":"Ready in  10 hours"}
