{"hash":0,"title":" Barbecued prawns scampi ","description":" Prawns quickly marinated in lemon, garlic and parsley for 30 minutes, then barbecued. Can be served as a starter or main dish. This recipe also works well with scallops. ","ingredients":["4 tablespoons olive oil","4 tablespoons lemon juice","3 tablespoons chopped fresh parsley","1 tablespoon minced garlic","freshly ground black pepper to taste","crushed chillies to taste (optional)","700g (1.5 lb) fresh king prawns, peeled and deveined"],"directions":["1. In a large, glass bowl, stir together the olive oil, lemon juice, parsley, garlic and black pepper. Season with crushed chillies, if desired. Add prawns, and toss to coat. Marinate in the refrigerator for 30 minutes.","2. Preheat barbecue for high heat. Thread prawns onto skewers, piercing once near the tail and once near the head. Discard any remaining marinade.","3. Lightly oil cooking grate. Cook for 2 to 3 minutes per side, or until opaque."],"nutritionList":["Calories 173.2 kcal","Total Fat 10 g","Saturated Fat 1.5 g","Sodium 200 mg","Protein 18.7 g"],"serves":"serves: 6","preparationTime":"Ready in  40 mins"}
