{"hash":0,"title":" Butter Honey Brown Loaf ","description":" Nothing smells better than freshly baked bread - and this bread tastes as good as it smells! It\u0027s also effortless thanks to the bread machine. ","ingredients":["225ml (8 fl oz) water","2 tablespoons butter","2 tablespoons honey","280g (10 oz) bread flour","60g (2 oz) wholemeal flour","30g (1 oz) dried milk powder","1 teaspoon salt","7g (1/4 oz) dried active baking yeast"],"directions":["1. Put ingredients into bread machine in the order suggested by the manufacturer. Process for large loaf, wheat setting."],"nutritionList":["Calories 139.6 kcal","Total Fat 2.3 g","Saturated Fat 0.4 g","Sodium 234 mg","Protein 4.9 g","Sugars 5 g"],"serves":"serves: 12","preparationTime":"Ready in  3 hours 5 mins"}
