{"hash":0,"title":" Cantaloupe Melon and Berry Smoothie ","description":" Cantaloupe and raspberries are blended with yoghurt. This is perfect for when cantaloupe is in season. Try it with any other berry in place of the raspberries! ","ingredients":["1/2 cantaloupe - peeled, seeded and cubed","100g (4 oz) low fat plain yoghurt","1/2 a punnet raspberries","3 tablespoons light brown soft sugar (optional)"],"directions":["1. In a blender, combine cantaloupe, yoghurt, raspberries and sugar. Blend until smooth. Pour into glasses and serve."],"nutritionList":["Calories 189.6 kcal","Total Fat 1.7 g","Saturated Fat 0.7 g","Sodium 55.5 mg","Protein 5 g","Sugars 36.4 g"],"serves":"serves: 2","preparationTime":"Ready in  5 mins"}
