{"hash":0,"title":" Prawn Crab Fishcakes ","description":" Boiled potatoes and spinach, mixed with chopped seafood and baked. These cakes can be made ahead and chilled, ready to bake when you need them. ","ingredients":["500g potatoes peeled and cut into chunks","2 tbsp low-fat soft cheese or ricotta","125g peeled prawns, thawed if frozen, and roughly chopped","170g can white crab meat, well drained","2 green onions, chopped few dashes spicy sauce, or to taste","125g fresh spinach","4 large tomatoes","BREADCRUMB COATING","30g wholemeal flour","1 egg, beaten","75g dried wholemeal breadcrumbs","1 tsp dried thyme or oregano","2 tbsp olive oil, warmed"],"directions":["1. Cook the potatoes in a pan of boiling water for 12–15 minutes until tender. Drain and return to the pan over the heat to dry out a little, then mash until smooth. Beat in the soft cheese or ricotta. Season and set aside to cool.","2. Pat the prawns dry with kitchen paper, then chop roughly. Mix with the crab, chopped onions and spicy sauce.","3. Cook the spinach in the microwave in a covered bowl until just wilted. Cool, then squeeze dry and chop roughly. When the potato mixture is cold, mix with the seafood and spinach. Chill for about 30 minutes.","4. Preheat the oven to 190°C. Shape the seafood mixture into 4 large cakes, dipping your hands in a little flour if necessary.","5. Put the flour in a shallow bowl, the beaten egg in another shallow bowl and the breadcrumbs mixed with the dried herbs in a third. Coat the fishcakes evenly first in flour, then in beaten egg and, finally, in the crumbs.","6. Halve the tomatoes and place around the fishcakes on the baking tray. Season and sprinkle with any leftover crumbs. Brush the fishcakes with the warmed oil, then bake for 20 minutes until they are crisp and the tomatoes softened. Allow to stand for 3–4 minutes before serving."],"nutritionList":["Calories 383 kcal","Protein 25 g","Fat 13 g","Saturates 3 g","Carbohydrates 45 g","Sugars 6 g","Fibre 4.5 g","Sodium 508 mg","Vegetables 139 g"],"serves":"serves: 4","preparationTime":"Ready in  1 hour 10 mins"}
