{"hash":0,"title":" Cod Curry ","description":" This tomato based curry may be modified for heat depending on quantity of spices and number of chillies used. It is a great favourite with my family - I make it about once a month. ","ingredients":["2 tablespoons vegetable oil","1 medium onion, chopped","1 clove garlic, minced","1 knob root ginger, grated","2 teaspoons ground cumin","2 teaspoons ground coriander","1 teaspoon cardamom","1/2 teaspoon turmeric","1/2 teaspoon salt","2 fresh green chillies, seeded and diced","handful chopped fresh coriander","1 tablespoon lemon juice","2 (400g) tins chopped tomatoes","450g (1 lb) cod fillets, cut into chunks"],"directions":["1. Heat the oil in a frying pan over medium heat. Place onion in the frying pan. Reduce heat to low, and cook, stirring often, 15 minutes, or until soft and brown.","2. Mix the garlic and ginger into the frying pan. Cook 1 minute. Mix in cumin, coriander, cardamom, turmeric and salt. Stir in the green chillies, fresh coriander, lemon juice and tomatoes with juice, scraping up any brown bits from the bottom of the frying pan. Bring to the boil. Reduce heat to low, cover, and simmer 20 minutes. If you like, the sauce may be set aside for a few hours at this point to allow the flavours to blend.","3. Return the sauce to a boil, and place cod in the frying pan. Reduce heat to low, and cook 15 minutes, or until fish flakes easily with a fork."],"nutritionList":["Calories 226.2 kcal","Calories from Fat 71.3 kcal","Fat 7.9 g","Sodium 751.4 mg","Carbohydrates 11.2 g","Protein 23.6 g"],"serves":"serves: 4","preparationTime":"Ready in  1 hour 10 mins"}
