{"hash":0,"title":" Classic grilled Dover sole ","description":" Few classy meals could be quicker and simpler. Dover sole is a real treat and its superb taste can be fully appreciated when it is cooked this way. New potatoes with fresh mint and baby leaf spinach complement this most elegant of fish dishes. Dover sole are usually sold skinned and cleaned. ","ingredients":["4 small Dover sole, about 225 g (8 oz) each, cleaned and skinned","750 g (1 lb 10 oz) baby new potatoes, scrubbed","1 large sprig of fresh mint","40 g (1¼ oz) unsalted butter","finely grated zest and juice of 1 large lemon","450 g (1 lb) baby leaf spinach","freshly grated nutmeg (optional)","salt and pepper","sprigs of fresh mint to garnish","lemon wedges to serve"],"directions":["1. Preheat the grill to high. Cut a piece of foil to fit the grill pan and lay the fish on top (depending on the size of the grill, you may have to cook the sole in 2 batches).","2. Put the potatoes in a saucepan, cover with boiling water and add the sprig of mint. Cook for about 15 minutes or until the potatoes are just tender.","3. Meanwhile, melt the butter in a small saucepan and mix in the lemon zest and juice. Season with salt and pepper. Brush the lemon butter over the fish and grill for 5–6 minutes or until the flesh close to the bone flakes easily when pierced with a knife. Carefully turn the fish over, brush again with the lemon butter and grill for a further 5–6 minutes.","4. While the fish is cooking, steam the spinach for 2–3 minutes or until just wilted. Season with salt, pepper and nutmeg to taste.","5. Drain the potatoes and put into a warmed serving dish. Add plenty of black pepper, toss gently and garnish with mint sprigs. Transfer the sole to warmed dinner plates and spoon over any cooking juices from the grill pan. Add lemon wedges and serve, with the potatoes and spinach."],"nutritionList":["Calories 412 kcal","protein 43 g","Fat 13 g","Saturated Fat 6 g","Carbohydrates 32 g","Sugars 4 g","Fibre 4 g"],"serves":"serves: 4","preparationTime":"Ready in  45 mins"}
