{"hash":0,"title":" Barbecued Asian chicken ","description":" Barbecued Asian chicken ","ingredients":["4 tablespoons soy sauce","2 dessertspoons sesame oil","2 tablespoons honey","3 slices fresh root ginger","2 cloves garlic, crushed","4 (100g) skinless, boneless chicken breast fillets"],"directions":["1. In a small microwave-safe bowl, combine the soy sauce, oil, honey, ginger root and garlic. Heat in microwave on medium for 1 minute, then stir. Heat again for 30 seconds, watching closely to prevent boiling.","2. Place chicken breasts in a shallow dish. Pour soy sauce mixture over, and set aside to marinate for 15 minutes.","3. Preheat barbecue for medium-high heat. Drain marinade from chicken into a small saucepan. Bring to a boil, and simmer over medium heat for 5 minutes. Set aside for basting.","4. Lightly oil cooking grate. Cook chicken on the barbecue 6 to 8 minutes per side, or until juices run clear. Baste frequently with remaining marinade. Chicken will turn a beautiful golden brown."],"nutritionList":["Calories 216.6 kcal","Total Fat 7.7 g","Saturated Fat 1.5 g","Sodium 973.8 mg","Protein 25.5 g"],"serves":"serves: 4","preparationTime":"Ready in  35 mins"}
