{"hash":0,"title":" Khoresht Fesenjaan (Persian Chicken with Pomegranate Sauce) ","description":" This decadent chicken dish is stewed in a pomegranate and walnut sauce and comes from Persia. As they do in Iran, serve Khoresht Fesenjaan with rice. ","ingredients":["100ml vegetable oil","4 red onions, thinly sliced","1.25kg skinless chicken thighs or breasts","450ml hot water","600ml pomegranate juice","500g chopped walnuts","2 tablespoons freshly ground cardamom","2 tablespoons ground cinnamon","1/4 teaspoon saffron powder","salt to taste","1 butternut squash, seeded and diced (optional)"],"directions":["1. Heat the oil in a large heavy frying pan over medium heat. Sauté onions until they start to brown. Add chicken pieces, and fry until lightly browned on the outside. Pour in the water, and bring to the boil. Reduce heat to low, and simmer for about 30 minutes, adding more water if necessary to keep the mixture from drying out.","2. Preheat the oven to 160 C. Combine the walnuts and pomegranate juice in the container of a mixie. Process into a purée. This can be done in small batches if necessary. Add this mixture to the simmering chicken mixture. Season with cardamom, cinnamon, saffron powder and salt. If using, stir in the cubed squash. Transfer the entire mixture to a 23x33cm (9x13 in) baking dish.","3. Bake loosely covered for 2 1/2 hours in the preheated oven. Serve with white rice."],"serves":"serves: 12","preparationTime":"Ready in  3 hours 20 mins"}
