{"hash":0,"title":" Mexican Salad ","description":" This Mexican-inspired salad works well as an addition to bhurji, chapatis, tacos, burritos. Of course, it\u0027s great on its own, too! ","ingredients":["1 (400g) tin black beans, drained","1 1/4 (340g) tins sweetcorn, drained","400g safed chane (chickpeas), soaked overnight and boiled or 1 can, drained","1 (400g) tin black beans, rinsed and drained","450g frozen sweet corn","3/4 (400g) tin chopped tomatoes with chilli, drained","half an onion, diced","1 avocado, cut into 1.25cm chunks","2 green chillies, seeded and minced","1 plum tomato, chopped or more to taste","1 red capsicum, diced","1 small red onion, chopped","half a bunch fresh coriander, chopped","3 tablespoons jalapeno pepper rings (from a jar), finely chopped","1 tomato, diced","125ml Italian salad dressing or more to taste","7 tablespoons extra-virgin olive oil","salt and black pepper to taste","juice of 1 lime","hot pepper sauce to taste","1/2 teaspoon honey","salt and freshly ground black pepper to taste"],"directions":["1. In a large bowl, combine all ingredients. Mix well and allow to sit 1 hour before serving.","2. In a large bowl, lightly stir together the sweetcorn, black beans, tinned tomatoes, avocado, plum tomato, onion, jalapenos and salad dressing until well combined. Sprinkle with salt, pepper and hot pepper sauce to taste. Refrigerate until serving."],"nutritionList":["Calories 336.5 kcal","Total Fat 17.2 g","Saturated Fat 2.3 g","Salt 370.9 mg","Protein 8.8 g","Calories 184 cal","Carbohydrates 21.9 g","Cholesterol 0 mg","Fibre 4.4 g","Protein 3.2 g","Salt 827 mg","Saturated fat 1.7 g","Total fat 11.2 g"],"serves":"serves: 7","preparationTime":"Ready in  1 hour 25 mins"}
