{"hash":0,"title":" To Die For Chocolate Topped Rice Crispy Bars ","description":" These delicious bars don\u0027t require any cooking. They contain melted mars bars, rice krispies and butter and are topped with chocolate! So easy for kids to make! 100 percent guarantee you\u0027ll love them! ","ingredients":["3 Mars Bars","100g butter","275g rice crispies cereal","TOPPING:","200g milk chocolate, chopped","2 tablespoons butter"],"directions":["1. Grease a 19cm x 29cm shallow baking tin.","2. Combine mars bars and butter in large saucepan stir constantly over low heat without boiling until mixture is smooth; stir in Rice Krispies.","3. Press mixture evenly into prepared tin, spread with topping. Refrigerate until set before cutting.","4. To make the topping: Melt chocolate and butter in pan in a double boiler over hot water; stir until smooth."],"serves":"serves: 12","preparationTime":"Ready in  25 mins"}
