{"hash":0,"title":" Easy Coronation Chicken ","description":" Quick and easy - you\u0027ll never go to the sandwich shop again. This recipe has a decidedly citrus twist, but feel free to embellish however you\u0027d like - add sultanas, peppers, pineapple, nuts, spring onion, etc. ","ingredients":["100g (4 oz) mayonnaise","75g (3 oz) mango chutney","1 teaspoon curry powder","1 dessertspoon lime zest","4 tablespoons fresh lime juice","1/2 teaspoon salt","500g (1 1/4 lb) skinless, boneless chicken breast fillets - cooked and diced"],"directions":["1. In a large bowl, whisk together the mayonnaise, chutney, curry powder, lime zest, lime juice and salt. Add chicken and toss with the dressing until well coated. Cover and refrigerate until serving."],"nutritionList":["Calories 228.1 kcal","Calories from Fat 129.9 kcal","Fat 14.4 g","Saturated Fat 2.8 g","Cholesterol 53.9 mg","Sodium 240.4 mg","Potassium 188.4 mg","Carbohydrates 7.1 g","Dietary Fibre 0.5 g","Protein 17.4 g","Vitamin A 55.6 mcg","Vitamin C 6 mg","Calcium 17.4 mg","Iron 0.9 mg","Niacin Equivalents 8.2 mg","Vitamin B6 0.3 mg","Magnesium 19.1 mg","Folate 5.7 mcg"],"serves":"serves: 9","preparationTime":"Ready in  15 mins"}
