{"hash":0,"title":" Carrot and brazil nut cake ","description":" Scrumptious American-style carrot cake is a great way to get children to eat vegetables without even noticing. The creamy icing here is lighter in fat than a traditional one, as it uses ricotta cheese. ","ingredients":["170 g (6 oz) self-raising wholemeal flour","170 g (6 oz) self-raising white flour","1 tsp ground cinnamon","100 g (3½ oz) brazil nuts","55 g (2 oz) raisins","140 g (5 oz) light muscovado sugar","200 ml (7 fl oz) sunflower oil","4 large eggs","200 g (7 oz) carrots (about 3 carrots), finely grated","finely grated zest and juice of ½ orange","Orange ricotta icing","250 g (8½ oz) ricotta cheese","55 g (2 oz) icing sugar, sifted","finely grated zest of ½ orange"],"directions":["1. Preheat the oven to 180ºC (350ºF, gas mark 4). Grease a 20 cm (8 in) round deep cake tin and line the bottom with baking parchment.","2. Sift the wholemeal and white flours and the cinnamon into a large bowl, tipping in any bran left in the sieve. Coarsely chop about two-thirds of the brazil nuts and stir into the flour with the raisins. Thinly slice the rest of the brazil nuts lengthways and set aside.","3. In another bowl, beat together the sugar and oil with a wooden spoon until well combined. Beat in the eggs one at a time, then stir in the grated carrots and orange zest and juice. With a large metal spoon, carefully fold the carrot mixture into the flour mixture, just until combined. Do not overmix.","4. Spoon the mixture into the prepared tin. Bake for 50 minutes or until risen and firm to the touch. Leave the cake in the tin for 5 minutes, then turn out onto a wire rack and peel off the lining paper. Cool completely.","5. To make the icing, put the ricotta in a bowl, add the sugar and orange zest, and beat with a wooden spoon.","6. When the cake is cold, spread the icing on top. Scatter over the reserved sliced brazil nuts, letting some stick up out of the icing at different angles. The cake can be kept, covered, in the fridge for up to 3 days."],"nutritionList":["Calories 480 kcal","Protein 10 g","Fat 27 g","Saturated Fat 6 g","Carbohydrates 51 g","Sugars 27 g","Fibre 3 g"],"serves":"serves: 10","preparationTime":"Ready in  1 hour 20 mins"}
