{"hash":0,"title":" Greek Bifteki ","description":" This is my own version of bifteki. They aren\u0027t usually made with cheese, but I find the feta makes them all the more tasty!. Serve on it\u0027s own with a Greek salad, or as burgers in a bap. These are also good baked in the oven. ","ingredients":["500g (1 1/4 lb) beef mince","1 tablespoon low fat natural yoghurt","1 dessertspoon dried thyme","salt and freshly ground black pepper to taste","100g (4 oz) feta cheese"],"directions":["1. Preheat barbecue for indirect heat.","2. In a large bowl, mix together mince, yoghurt, thyme and salt and pepper. Form meat into 8 thin patties, about 5cm (2 in) in diameter.","3. Cut the cheese into 4 slices. Place one cheese slice between two patties, and seal the edges. Repeat with remaining patties and cheese slices. Set bifteki aside.","4. Brush cooking grate with oil, and arrange bifteki on hot grate. Cover, and cook for 15 to 20 minutes, or until meat is cooked through and cheese is melted."],"nutritionList":["Calories 347.6 kcal","Total Fat 23.9 g","Saturated Fat 11.3 g","Sodium 406.7 mg","Protein 29.6 g"],"serves":"serves: 4","preparationTime":"Ready in  35 mins"}
