{"hash":0,"title":" Chilli Loaf ","description":" This recipe is made in a bread machine. It\u0027s spicy and great with black bean soup. Make it for the chilli lover in your life. ","ingredients":["200ml (7 fl oz) beer","300g (11 oz) bread flour","1/2 beef stock cube","1/4 teaspoon cayenne pepper","1/4 teaspoon hot chilli oil","1 tablespoon olive oil","1/8 teaspoon ground cumin","1/4 teaspoon garlic powder","1/2 teaspoon salt","1 dessertspoon dried active baking yeast"],"directions":["1. Place the ingredients in the pan of the bread machine in the order suggested by the manufacturer. Select the French Bread or White Bread setting, and then press Start."],"nutritionList":["Calories 138.8 kcal","Total Fat 2.1 g","Saturated Fat 0.3 g","Sodium 165.4 mg","Protein 4.2 g"],"serves":"serves: 10","preparationTime":"Ready in  3 hours 5 mins"}
