{"hash":0,"title":" Blackberry Rhubarb Pie ","description":" Simply mix rhubarb, berries, sugar and flour together, then spoon the mixture into an unbaked pastry case, dot it with butter, add cover the top with shortcrust pastry. The fruit mixture can also be frozen and used at a later date. ","ingredients":["350g (12 oz) blackberries","175g (6 oz) finely chopped rhubarb","250g (9 oz) caster sugar","4 tablespoons plain flour","1 tablespoon butter","1 shop-bought shortcrust pastry case, and additional shortcrust pastry to cover"],"directions":["1. Mix together blackberries, rhubarb, sugar and flour.","2. Pour into unbaked pastry case. Dot filling with butter or margerine, and cover the top with shortcrust pastry.","3. Bake at 200 C / Gas mark 6 for 15 minutes. Reduce oven temperature to 180 C / Gas mark 4. Bake until pie is done, about 30 minutes."],"nutritionList":["Calories 285.2 kcal","Total Fat 9.2 g","Saturated Fat 2.8 g","Sodium 137.2 mg","Protein 2.6 g","Sugars 35.1 g"],"serves":"serves: 8","preparationTime":"Ready in  1 hour"}
