{"hash":0,"title":" Braised chicken breasts in mirepoix ragoût ","description":" Chicken breasts are stewed in a white wine and a simple but delicious stock. In French cooking, mirepoix is the traditional base of diced carrots, onion and celery sautéed in butter that is used to flavour a great many stews, soups and sauces. ","ingredients":["6 skinless, boneless chicken breast fillets","salt and freshly ground black pepper to taste","120g (4 1/2 oz) plain flour","3 tablespoons olive oil","4 onions, diced","3 to 4 stalks celery, diced","3 to 4 medium carrots, diced","6 cloves garlic, finely chopped","3 bay leaves","1 sprig fresh thyme","250ml (8 fl oz) dry white wine","2 (500g) containers chicken stock"],"directions":["1. Season chicken breasts with salt and pepper, then dredge in flour until completely coated. Heat 2 tablespoons oil in a casserole dish and fry breasts until lightly browned, about 5 minutes on each side. Remove chicken from pan and set aside.","2. Add remaining tablespoon of oil to the pan and sauté onions for 2 minutes. Stir in the celery and carrots and cook for about one more minute. Season with garlic, bay leaves, thyme sprig and salt and pepper to taste. Cook for another minute.","3. Deglaze the pot with white wine, stirring until nothing is stuck to the pan, then pour in the chicken stock. Simmer for an hour.","4. Return the chicken breasts to the pan and simmer for an additional 30 minutes. The liquid should have reduced considerably by this time, so check frequently to see that the chicken is covered. Baste with a spoon if necessary. The ragout should have a stew like consistency when finished."],"serves":"serves: 6","preparationTime":"Ready in  1 hour 55 mins"}
