{"hash":0,"title":" Rosemary Potato ","description":" Potatoes are roasted until crispy and brown with with fat and juices from roasting lamb. Great with a meaty dish. ","ingredients":["4 large potatoes, peeled and quartered","1/2 teaspoon dried rosemary","Salt to taste","Cooled dripping from a joint of roast lamb"],"directions":["1. Preheat oven to 220 C.","2. Place the potatoes in a large pot on the stove and fill with enough water to cover. Bring to the boil and cook for about 10 minutes, just cooking partially.","3. Place the potatoes into a large dish with a lid and pour in the lamb dripping. Season with rosemary and salt. Close the lid and shake to coat the potatoes. Pour them out onto a roasting tin.","4. Roast for 45 minutes in the preheated oven, or until dark brown and crispy."],"nutritionList":["Calories 359 kcal","Protein 20 g","Sugars 3.1 g","Total Fat 1.6 g","Saturated Fat 0.7 g","Sodium 135.9 mg"],"serves":"serves: 4","preparationTime":"Ready in  1 hour"}
