{"hash":0,"title":" Hawaiian Rumaki ","description":" Rumaki is a starter of Hawaiian origin. Recipes vary, and this particular variation is easy and delicious - just like traditional Rumaki minus the chicken liver. ","ingredients":["2 (220g) tins whole water chestnuts","450ml (16 fl oz) teriyaki sauce","450g (16 oz) streaky bacon"],"directions":["1. Drain chestnuts and place them in a bowl. Cover chestnuts with teriyaki sauce and marinate in the refrigerator for 2 hours or more.","2. Preheat oven to 180 C / Gas mark 4.","3. Remove water chestnuts from refrigerator and drain well. Cut bacon strips in half so that strips are about 8cm (3 in) long. Wrap each chestnut with bacon and secure with a cocktail stick.","4. Arrange all wrapped chestnuts on a baking tray. Cook in oven until bacon is crispy. Remove from oven and enjoy."],"nutritionList":["Calories 134.7 kcal","Total Fat 10.9 g","Saturated Fat 4 g","Sodium 1059.5 mg","Protein 3.2 g","Sugars 2.5 g"],"serves":"serves: 24","preparationTime":"Ready in  35 mins"}
