{"hash":0,"title":" Sausage and herb stuffing ","description":" I have loved so many recipes on this site - I thought I would share one that I love! My mum has made this sausage stuffing every Christmas of my life. Recently I made it for my husband and he loved it too. It is delicious with roast pork, roast potatoes and green veg. Great with leftover turkey and cranberry sauce on boxing day, too! ","ingredients":["115g (4 oz) butter","450g (1 lb) good quality British or Irish bangers (skin removed)","1 large onion, chopped","½ loaf crusty bread or a day-old baguette, processed into breadcrumbs","1/2 or 1 teaspoon herbs de Provence"],"directions":["1. Preheat the oven to 180 degrees C (Gas Mark 4).","2. Melt the butter in a large saucepan over medium heat. Fry the onion until it starts to soften, add the herbs but be careful not to burn the butter.","3. Add sausage meat and breadcrumbs to saucepan and stir until evenly blended. Transfer to an ovenproof dish.","4. Bake in the preheated oven for 30 minutes or until the top goes brown and crunchy."],"serves":"serves: 6","preparationTime":"Ready in  50 mins"}
