{"hash":0,"title":" Mexican Chicken with Black Beans ","description":" Seasoned black beans, salsa and red pepper partnered with chicken make a robust and spicy meal. You can make this as spicy as you like depending on the salsa you use. ","ingredients":["6 skinless, boneless chicken breast fillets","2 (270g) jars salsa, such as Discovery","1 large red pepper, chopped","2 tablespoons ground cumin","2 tablespoons lemon juice","2 tablespoons chilli powder","3 cloves garlic, crushed","2 (400g) tins black beans, rinsed and drained"],"directions":["1. Preheat oven to 200 C / Gas mark 6.","2. Arrange the chicken in a 3 litre casserole or a 23x33cm (9x13 in) baking dish. Combine the salsa, red pepper, cumin, lemon juice, chilli powder and garlic. Pour the mixture over the chicken. Pour the black beans on top and cover. Bake in the preheated oven for 1 to 1 1/2 hours. Serve with rice or tortillas if desired."],"nutritionList":["Calories 301.1 kcal","Total Fat 3.7 g","Saturated Fat 0.5 g","Sodium 943.5 mg","Protein 37 g"],"serves":"serves: 6","preparationTime":"Ready in  1 hour 30 mins"}
