{"hash":0,"title":" Sprouted Moong Salad ","description":" In Rajasthan, we don\u0027t get too many green veggies because of the desert. So, we eat a lot of dals. Here\u0027s a healthy and delish sprouted salad for you. You can add lemon juice if you like it tangy. ","ingredients":["1 cup sprouted moong dal","1 medium onion (chopped)","1 small cucumber (chopped)","2 medium-sized tomato (chopped)","3-4 green chillied (chopped) (optional)","1/2 bunch corriander leaves (chopped)","1 teaspoon chaat masala","pepper to taste","salt to taste"],"directions":["1. Steam sprouts a little. In a bowl, mix all the ingredients and a mouthwatering salad is ready."],"serves":"serves: 2","preparationTime":"Ready in  15 mins"}
