{"hash":0,"title":" Onion Chutney ","description":" Onion Chutney ","ingredients":["15 Small red onions","30g butter","1 1/2 teaspoon Cooking oil","1kg onions","3 Dried red chili","200g currants","5 Curry leaves","2 apples","Salt to taste","675ml Beaujolais","4 tablespoon water","175ml pomegranate molasses","1 teaspoon coconut oil","170ml red wine vinegar","150g sugar","1 teaspoon salt","black pepper"],"directions":["1. Peel the red onions\u0027 outer skin.","2. Melt butter in a large pot. Peel onion and cut into thin slices. Sweat the onions in the butter, but do not brown; stir regularly.","3. Heat cooking oil in a pan and add the onions, red chilli and curry leaves. Saute till the onions start browning on the outside. Turn off the heat and let cool.","4. Pour hot water over the currants and let drain.","5. Transfer to a mixer, add salt, water and grind well. Pour coconut oil to the chutney, stir well and serve with hot dosas or idlis.","6. Finely chop the apples and currants, and simmer with the onions, wine, syrup, vinegar and sugar for about 1 hour over a medium heat, until the excess liquid has boiled off. Cool and pour into jars. Keep refrigerated."],"serves":"serves: 2","preparationTime":"Ready in  15 mins"}
