{"hash":0,"title":" Sticky date and walnut pudding ","description":" On a chilly winter day, nothing could be more welcoming than a sponge pudding packed with dates and toasted walnuts. This is very easy to make and it has a lovely moist texture achieved by ‘steaming’ the pudding in a bain-marie in the oven. A tangy pineapple and marmalade sauce makes a perfect accompaniment. ","ingredients":["Sponge pudding","170 g (6 oz) dried stoned dates, chopped","3 tbsp semi-skimmed milk","85 g (3 oz) unsalted butter, softened","85 g (3 oz) light muscovado sugar","2 eggs, lightly beaten","115 g (4 oz) self-raising flour","¼ tsp ground cinnamon","½ tsp ground ginger","50 g (1¾ oz) walnuts, toasted and roughly chopped","Pineapple and marmalade sauce","1 can pineapple pieces in natural juice, about 400 g","1 tsp arrowroot","4 tbsp fine-cut orange marmalade"],"directions":["1. Preheat the oven to 180°C (350°F, gas mark 4). Lightly grease a 900 ml (1½ pint) ovenproof pudding basin and line the bottom with a small disc of greaseproof paper.","2. Place the chopped dates in a bowl and pour over 2 tbsp of the milk. Stir to coat, then leave to soak while preparing the sponge mixture.","3. Put the butter, sugar, eggs and remaining 1 tbsp milk in a bowl. Sift over the flour, cinnamon and ginger, and beat with an electric mixer for 2 minutes or until smooth. Fold in the soaked dates and the walnuts.","4. Spoon the mixture into the pudding basin. Set the basin in a roasting tin and pour in enough boiling water to come 1 cm (½ in) up the sides of the basin. Cover the tin and basin with a tent of foil.","5. Bake for about 1 hour or until the pudding is lightly risen and springy to the touch, and a skewer inserted into the middle comes out clean. If not, bake for a further 10 minutes or so.","6. Meanwhile, make the sauce. Drain the pineapple, reserving 150 ml (5 fl oz) of the juice. Finely chop the pineapple pieces. Blend the arrowroot with a little of the juice in a small saucepan, then stir in the rest of the juice. Bring to the boil and simmer for 1 minute or until thickened and clear. Stir the pineapple and marmalade into the sauce and simmer for a further 2–3 minutes, stirring occasionally.","7. Lift the basin out of the tin and turn out the pudding onto a warmed serving plate. Spoon a little of the hot sauce over the top and serve with the rest of the sauce."],"nutritionList":["Calories 343 kcal","protein 5 g","Fat 15 g","Saturated Fat 7 g","Carbohydrates 51 g","Sugars 39 g","Fibre 2 g"],"serves":"serves: 8","preparationTime":"Ready in  1 hour 25 mins"}
