{"hash":0,"title":" Penne rigati with sesame and orange dressing ","description":" This fresh-flavoured pasta salad is ideal as a side dish with grilled chicken or firm fish, such as fresh tuna or swordfish. It makes a healthy change from noodles dressed with oil or butter and Parmesan cheese. ","ingredients":["200 g (7 oz) penne pasta","2 large oranges","6 spring onions, cut into short fine strips","55 g (2 oz) bean sprouts","2 tbsp sesame seeds, toasted","Dressing","grated zest and juice of 1 orange","1 tbsp toasted sesame oil","2 tbsp light soy sauce","1 garlic clove, crushed","1 tbsp finely grated fresh root ginger","salt and pepper"],"directions":["1. Cook the pasta in boiling water for 10–12 minutes, or according to the packet instructions, until al dente.","2. While the pasta is cooking, peel the oranges, removing all the pith. Holding the oranges over a bowl to catch any juice, cut out the segments from their surrounding membrane. Set the segments aside, and reserve the juice in the bowl.","3. Place the spring onion strips in a bowl of cold water and set them aside until they curl.","4. To make the dressing, add the orange zest and juice to the juices reserved from segmenting the oranges. Add the sesame oil, soy sauce, garlic, grated fresh ginger and seasoning to taste. Whisk lightly to mix.","5. Drain the pasta and add to the dressing. Mix well, then cover and set aside to cool.","6. When ready to serve, thoroughly drain the spring onions; reserve a few for garnish and add the remainder to the salad together with the orange segments, bean sprouts and toasted sesame seeds. Gently toss the ingredients together, then serve the salad immediately, sprinkled with the reserved spring onions."],"nutritionList":["Calories 280 kcal","protein 9 g","Fat 8 g","Saturated Fat 1 g","Carbohydrates 45 g","Sugars 8 g","Fibre 4 g"],"serves":"serves: 4","preparationTime":"Ready in  30 mins"}
