{"hash":0,"title":" Hungarian Beef Casserole ","description":" This is my grandmother\u0027s recipe. Beef is slowly cooked until tender, with soured cream added at the end to create a luscious gravy. Serve with plenty of bread to mop up the gravy. ","ingredients":["2kg (4 lb) beef rump roast","2 carrots, finely chopped","3 stalks celery, finely chopped","1 onion, finely chopped","225ml (8 fl oz) white wine vinegar","450ml (16 fl oz) water","1 bay leaf","salt to taste","450ml (16 fl oz) soured cream"],"directions":["1. In a casserole pot over medium high hea, sear beef until browned on all sides. Scatter chopped carrots, celery and onions over and around roast. Add vinegar and water, and add bay leaf and salt.","2. Reduce heat to low, and cook for 2 to 3 hours. Remove roast to a cutting board, and slice thinly. Remove bay leaf, then stir soured cream into gravy until blended. Return sliced meat to casserole dish, and simmer for 15 minutes."],"nutritionList":["Calories 620.3 kcal","Total Fat 44.4 g","Saturated Fat 20.3 g","Sodium 161.8 mg","Protein 47 g"],"serves":"serves: 8","preparationTime":"Ready in  3 hours 30 mins"}
