{"hash":0,"title":" Gluten-free Shortbread ","description":" Gluten-free Shortbread ","ingredients":["100g cornflour","160g white rice flour","8 tablespoons pure icing sugar or caster sugar (whichever you prefer)","175g butter, softened"],"directions":["1. Sift cornflour, sugar and rice flour together in a medium-large bowl.","2. Add butter. Mix with hands until soft dough forms. If you feel that it\u0027s still too wet just add a little more flour (either one is fine). Refrigerate one hour.","3. Preheat oven to 150 C. Cover a baking tray with greased baking parchment. Shape dough into 2.5cm balls. Place about 5cm apart on greased parchment, then flatten with lightly floured fork. Bake for 20-25 minutes or until edges are lightly browned."],"serves":"serves: 6","preparationTime":"Ready in  1 hour 35 mins"}
