{"hash":0,"title":" Asparagus, Chicken and Penne Pasta ","description":" This dish gets its kick from dried crushed chillies. It\u0027s a impressive impromptu supper when you\u0027ve friends round at the last minute. ","ingredients":["500g (8 oz) penne pasta","2 tablespoons olive oil, divided","350g (12 oz) skinless, boneless chicken breast fillets - cut into bite-sized pieces","4 cloves garlic, minced","350g (12 oz) asparagus, trimmed and cut into 2cm (1 in) pieces","1 teaspoon dried crushed chilli flakes","salt and pepper to taste","60g (2 oz) freshly grated Parmesan"],"directions":["1. Cook penne according to packet instructions. Drain, and transfer to a large bowl.","2. Heat 1 tablespoon olive oil in a large frying pan over medium heat. Sauté chicken until firm and lightly browned; remove from pan.","3. Add the remaining tablespoon of olive oil to the frying pan. Sauté garlic, asparagus and crushed chillies in oil until asparagus is tender. Stir in chicken, and cook for 2 minutes to blend the flavours. Season with salt and pepper.","4. Toss pasta with chicken and asparagus mixture. Sprinkle with freshly grated Parmesan."],"nutritionList":["Calories 318.4 kcal","Total Fat 7.3 g","Saturated Fat 2.1 g","Sodium 151.5 mg","Protein 21 g"],"serves":"serves: 8","preparationTime":"Ready in  35 mins"}
