{"hash":0,"title":" No Cook Chocolate Cheesecake ","description":" Rich, chocolaty cheesecake ready without cooking! Add a little more cocoa powder/water mix for an extra chocolate-y flavour. ","ingredients":["150g digestive biscuits","45g butter","110g caster sugar, divided","120ml whipping cream","150g dark chocolate, melted and cooled","2 tablespoons cocoa powder mixed with a little hot water","200g tub cream cheese"],"directions":["1. Crush the digestive biscuits and mix with the melted butter and 1 tablespoon of the caster sugar. Press into a 18cm (7 in) cake tin and refrigerate.","2. Whip cream until soft peak stage. Add cooled melted chocolate, then the cocoa powder mix. Blend well and set aside.","3. Beat the cream cheese and remaining sugar together. Fold in cream/chocolate mixture and mix thoroughly.","4. Spread into tin on top of crushed biscuits. Freeze for one hour.","5. Refrigerate for about 30 minutes, then serve."],"serves":"serves: 6","preparationTime":"Ready in  3 hours 30 mins"}
