{"hash":0,"title":" Chicken, Red Onion and Grape Sandwich Filler ","description":" This is a delicious roasted chicken sandwich filler with almonds, fresh basil and grapes. Serve it either over lettuce or on toasted baguette. ","ingredients":["1 (200g) package roasted chicken breast fillets - skin removed, cubed","175g (6 oz) seedless grapes, halved","85g (3 oz) red onion, diced","3 stalks celery, diced","1 bunch fresh basil leaves, cut into thin strips","140g (5 oz) blanched flaked almonds","170ml (6 fl oz) mayonnaise"],"directions":["1. In a large bowl, combine the chicken, grapes, red onion, celery, basil, almonds and mayonnaise. Mix well; chill and serve."],"nutritionList":["Calories 391.4 kcal","Total Fat 34.5 g","Saturated Fat 4.1 g","Sodium 537.2 mg","Protein 10.5 g"],"serves":"serves: 6","preparationTime":"Ready in  10 mins"}
