{"hash":0,"title":" Low-Fat Apple, Banana and Cinnamon Muffins ","description":" This is an excellent recipe where no butter, oil or any type of fat is added - it\u0027s virtually fat free. It is not to dry and not too moist. They also taste excellent! The icing is optional but if you want them to be a little sweet - spread icing on top!! ","ingredients":["For the muffins:","255g (9 oz) self-raising flour","100g (4 oz) caster sugar","1/2 teaspoon salt","1 teaspoon ground cinnamon","340ml (12 fl oz) skimmed milk","2 large bananas, mashed","2 Granny Smith apples - peeled, cored and grated","1 tablespoon grated orange zest","1 teaspoon vanilla extract","For the icing:","50g (2 oz) caster sugar","3 tablespoons water","1/2 teaspoon ground cinnamon"],"directions":["1. Preheat oven to 180 C / Gas mark 4. Grease muffin tin or line with paper muffin cups.","2. In a large bowl, stir together flour, 100g sugar, salt and 1 teaspoon cinnamon. Stir in milk, banana, apples, orange zest and vanilla extract. Spoon mixture into prepared muffin tin.","3. Bake in preheated oven until golden brown, about 25 to 30 minutes. Check bake time by inserting a knife or skewer into the centre of a muffin. The muffins are done when it comes out clean.","4. While muffins bake, make the icing as follows.","5. Combine sugar and water in a small saucepan. Bring mixture to a boil and cook for 1 minute. Brush icing over baked muffins, then sprinkle cinnamon on top."],"nutritionList":["Calories 166.1 kcal","Total Fat 0.4 g","Saturated Fat 0.1 g","Sodium 378.2 mg","Protein 3.4 g"],"serves":"serves: 12","preparationTime":"Ready in  40 mins"}
