{"hash":0,"title":" Bruschetta from Italy ","description":" Bruschetta from Italy ","ingredients":["1 french bread baguette, cut into slices","8 tomatoes, diced","a bunch fresh basil, chopped, (quantity to taste)","half a red onion, minced","freshly ground black pepper","3 cloves garlic, halved"],"directions":["1. Combine tomato, basil and red onion in a small mixing bowl; stir well. Season with freshly ground black pepper. Set aside.","2. Toast bread slices on a cast iron tawa till they cook all the way through. Vigorously rub roasted or raw garlic slices on each toast. Heap on the tomato mixture and serve.","3. To bake, preheat oven to 200 C. Arrange bread on a baking tray. Place in oven, and bake until well toasted, approximately 5 minutes.","4. Remove bread from oven, and transfer to a large serving platter. Let bread cool 3 to 5 minutes. Rub garlic into the top of each slice of toast; the toast should glisten with the garlic. Spoon the tomato mixture generously onto each slice, and serve."],"nutritionList":["Calories 87.1 kcal","Total Fat 1 g","Saturated Fat 0.2 g","Salt 175.9 mg","Protein 2.9 g"],"serves":"serves: 16","preparationTime":"Ready in  15 mins"}
