{"hash":0,"title":" Vegetarian Lentil Loaf ","description":" Brown rice, lentils, breadcrumbs, onions and tomatoes are combined with eggs and herbs and then baked. Sprinkle with grated cheese and bake an additional 5 minutes, if desired. ","ingredients":["150g (5 oz) green lentils","75g (3 oz) brown rice","50g (2 oz) wheatgerm","175g (6 oz) dried breadcrumbs","2 eggs","1 large onion, chopped","1 teaspoon dried thyme","100g (4 oz) passata","1 dessertspoon hot sauce, such as Tabasco","2 tablespoons tomato ketchup","1 tablespoon soy sauce","grated mozzarella cheese (optional)"],"directions":["1. Preheat oven to 160 C / Gas mark 3. Cook lentils and brown rice according to packet directions.","2. In a large bowl, mash lentils. To the lentils add wheatgerm, breadcrumbs, brown rice, eggs, onion, thyme, passata, ketchup, soy sauce and cheese. Pour into 23x12cm (9x5 in) loaf tin.","3. Bake, covered, for 1 hour."],"nutritionList":["Calories 328.7 kcal","Total Fat 5.7 g","Saturated Fat 1.8 g","Sodium 527.3 mg","Protein 17.6 g"],"serves":"serves: 6","preparationTime":"Ready in  2 hours"}
