{"hash":0,"title":" Barley and Beef Soup ","description":" Barley and Beef Soup ","ingredients":["450g (16 oz) diced beef stewing meat","1 oxtail","4 tablespoons pearl barley","3 carrots, peeled","1 onion, peeled and left whole","3 stalks celery","salt to taste"],"directions":["1. In a large 6 litre stockpot, combine beef, oxtail, barley and carrots. Cover with water to within 5cm of top of pot. Bring to a boil, then reduce heat and simmer 1 hour.","2. Place onion and celery in pot, season with salt to taste, and continue to simmer 2 hours more.","3. Remove onion, carrots, bone and celery. Serve with crusty bread for a filling and warming meal."],"serves":"serves: 20","preparationTime":"Ready in  3 hours 10 mins"}
