{"hash":0,"title":" Moong Dal Halwa ","description":" This is one of the most famous sweet dishes in Rajasthan. This sweet dish is made on every occasion especially weddings. ","ingredients":["1 cup yellow moong dal (soaked and ground to a paste)","1/2 cup ghee","1 teaspoon almonds (sliced)","1 teaspoon cardamom powder","2 cups sugar","1 cup water"],"directions":["1. Heat ghee in a pan, add moong dal paste and cook on medium heat till it turns light pink.","2. In a seprate pan, dissolve sugar in hot water and let it boil for 5 minutes.","3. Add sugar syrup to the moong dal; mix it well. Add cardamom and stir it into the halwa. Garnish it with almonds and serve hot!"],"serves":"serves: 4","preparationTime":"Ready in  1 hour"}
