{"hash":0,"title":" Rajasthani Missi roti ","description":" We make this couple of times a week as it’s a good change from regular rotis and healthy option too. ","ingredients":["1 cup wheat flour (atta)","1 cup gram flour (besan)","2 teaspoon kasoori methi leaves (crushed)","1 teaspoon red chilli powder","1/2 teaspoon ajawin","Salt to taste","Water for kneading"],"directions":["1. Mix all the ingredients and knead the dough. Divide it into equal 6-8 balls. Roll thick rotis out of it.","2. Cook it like paratha by brushing ghee/oil on the both sides. Eat hot with your favorite vegetable."],"serves":"serves: 2","preparationTime":"Ready in  10 mins"}
