{"hash":0,"title":" Garlic Chicken in Pie Crust ","description":" The puff pastry I used is just like the ones used for goat or veggie puffs. Chicken breast is stuffed with a delicious garlic butter, wrapped in crust and served on top of a mouth watering creamy garlic sauce. Not suggested as a dinner for first dates!! ","ingredients":["2 chicken breast fillets","2 ready prepared frozen puff pastry sheets","For the garlic butter:","80g butter","2½ teaspoons fresh minced garlic","1 teaspoon of freshly chopped parsley","For the creamy garlic sauce:","1 tablespoon butter","1 teaspoon fresh minced garlic (or more if you like)","2 tablespoons plain flour","300ml of milk","1 teaspoon freshly chopped parsley"],"directions":["1. Preheat oven to 200 degrees C.","2. Mix all the garlic butter ingredients together into a smooth consistency.","3. Spoon evenly onto each chicken breast and fold end of chicken over to cover.","4. Wrap the chicken breast in puff pastry and cook in preheated oven for 40 mins.","5. About 10 minutes before chicken is cooked, prepare the garlic sauce.","6. Melt the butter and garlic on a low heat in a saucepan. Remove from heat and stir in the flour until it forms a paste. Return to a medium/high heat and add milk and parsley. Stir continuously until thick.","7. When chicken is cooked and the sauce has thickened, poor the sauce onto a plate and place the chicken puff on top of it."],"serves":"serves: 2","preparationTime":"Ready in  50 mins"}
