{"hash":0,"title":" Vegan Butternut Squash Stew ","description":" Alter the chilli powder amount according to your preference. Peeling the squash is quite difficult, but I have found that a carrot peeler is the most useful tool for this job. ","ingredients":["3 tablespoons olive oil","1 large onion, diced","1 tablespoon ground cinnamon","2 tablespoons chilli powder","4 cloves garlic, crushed","1 tablespoon cumin seeds, toasted","2 tablespoons fresh lemon juice","4 large tomatoes - peeled, seeded and coarsely chopped","1 medium butternut squash, peeled and diced","1 (400g) tin pinto beans, drained and rinsed","225ml (8 fl oz) water","salt and freshly ground black pepper to taste"],"directions":["1. In a large heavy-bottomed pot, heat olive oil and sauté the onion for a few minutes. Add the cinnamon and chilli powder and continue to sauté for another 2 minutes. Mix in the garlic and cumin seeds, sauté for 2 minutes more before adding lemon juice and the tomatoes. Mix thoroughly so the stew doesn\u0027t get too chunky.","2. Stir the squash, pinto beans and water into the stew. Season with salt and pepper to taste. Let the stew simmer for 1 hour, or until squash is tender. Stir occasionally and add more water if necessary. The finished stew should have a nice, thick texture."],"nutritionList":["Calories 259.7 kcal","Total Fat 12.2 g","Saturated Fat 1.7 g","Sodium 542.7 mg","Protein 7.1 g"],"serves":"serves: 4","preparationTime":"Ready in  2 hours"}
