{"hash":0,"title":" Potato cakes or farls ","description":" These potato cakes are not sweet cakes, they are however an excellent way to use up leftover mashed potatoes! Serve hot with a little butter with fried eggs, baked beans, or even with a nice steak! ","ingredients":["1/2 lb cooked potatoes","1/4 tsp salt","I tablespoon butter, melted","60g plain flour","1/4 tsp baking powder","A little milk"],"directions":["1. Sieve the flour, salt and baking powder into a bowl.","2. Add mashed potatoes and melted butter.","3. Mix into a smooth dough, adding a little milk if necessary.","4. Turn on to a floured board and knead until smooth. Divide in two.","5. Roll out each piece to a circle 1/4\" thick. Cut into 6 or 8 triangles.","6. Cook on a heated greased heavy frying pan until nicely browned then turn to brown the other side."],"serves":"serves: 8","preparationTime":"Ready in  10 mins"}
