{"hash":0,"title":" Japanese chicken salad ","description":" The ingredients for this salad are presented individually on a platter rather than being mixed together, with a simple tahini-based dressing so everyone can help themselves. Typical of Japanese cooking, there is a fairly small amount of meat per person, but plenty of raw vegetables to crunch through and fill you up. ","ingredients":["2 skinless boneless chicken breasts (fillets), about 300 g (10 ½ oz) in total","1 tbsp mirin or sake","salt and pepper","Tahini dressing:","2 tbsp tahini","1 small garlic clove, crushed","1 tbsp soy sauce","2 tsp lemon juice, or to taste","chilli powder to garnish","Salad:","10 cm (4 in) piece cucumber","2 carrots","1 red pepper, seeded","2 Little Gem lettuces, separated into leaves","handful of fresh basil leaves, finely shredded","handful of fresh mint leaves, finely shredded","8 spring onions, halved lengthways","115 g (4 oz) button mushrooms, thinly sliced"],"directions":["1. Place the chicken breasts on a heatproof plate in a steamer set over gently boiling water. Sprinkle with the mirin or sake and a little seasoning. Cover and steam for 10–12 minutes or until cooked. Set aside to cool.","2. To make the dressing, mix all the ingredients, except the chilli powder, in a bowl. Drain the cooking juices from the chicken and make up to 4 tbsp with water. Add to the dressing. Taste and add more lemon juice, if necessary. Pour into a serving bowl and sprinkle with a pinch of chilli powder.","3. For the salad, cut the cucumber, carrots and red pepper into fine strips of similar length, about 5 cm (2 in). Arrange the lettuce leaves at one end of a large platter. Scatter over the shredded basil and mint. Cut the chicken into strips and place on the lettuce. Arrange all the other salad ingredients attractively on the platter. Serve with the dressing in a separate bowl for people to help themselves."],"nutritionList":["Calories 170 kcal","protein 20 g","Fat 7.5 g","Saturated Fat 1.5 g","Carbohydrates 6 g","Sugars 5.5 g","Fibre 3 g"],"serves":"serves: 4","preparationTime":"Ready in  40 mins"}
