{"hash":0,"title":" Sticky Date Pudding with Butterscotch Sauce ","description":" This is one of those recipes that mum always made and everybody loved. I\u0027ve made this so many times and everybody loves it. It\u0027s easy to make and even easier to eat! ","ingredients":["Pudding:","250g pitted dates","300ml water","1 teaspoon bicarbonate of soda","60g butter","125g caster sugar","3 eggs","1 teaspoon vanilla extract","160g self raising flour","Butterscotch sauce:","220g dark brown soft sugar","120g butter","350ml whipping cream","1 teaspoon vanilla extract"],"directions":["1. For the pudding: Put dates and water in saucepan and bring it to the boil. Once it starts to boil add the bicarb and lower the heat (be careful that it doesn\u0027t boil over). Simmer for a few seconds and then remove it from the heat.","2. Cream the butter and sugar in a blender or food processor adding eggs one at a time to get a smooth consistency. Add the vanilla.","3. Pour in the date mixture and puree slightly before adding the flour and processing for around 20 seconds.","4. Grease a 1.5 litre pudding bowl and pour the mixture into the bowl. Cover the pudding with a greased piece of greaseproof paper or foil.","5. Put the bowl inside a covered steamer for 1 1/4 to 1 1/2 hours.","6. Butterscotch Sauce: About 30 minutes before the pudding is finished put brown sugar, butter, cream and vanilla in a saucepan and stir gently at a very low heat until smooth (be careful not to beat it or it will candy and don\u0027t boil it or it will curdle).","7. Serve the warm pudding with the warm butterscotch sauce over top. Enjoy!"],"serves":"serves: 10","preparationTime":"Ready in  1 hour 45 mins"}
