{"hash":0,"title":" Peanut Butter Loaf ","description":" Double the amount of peanut butter if you are a big fan! Kids can easily help make it, since this is a bread machine recipe. ","ingredients":["225ml (8 fl oz) warm water (45 C)","1 tablespoon caster sugar","1 tablespoon dark brown soft sugar","2 tablespoons honey","1 teaspoon salt","3 tablespoons crunchy peanut butter","1 tablespoon vegetable oil","1 egg","400g (14 oz) bread flour","1 1/2 teaspoons dried active baking yeast"],"directions":["1. Place ingredients in bread machine pan in the order suggested by the manufacturer. Select white bread setting. Press Start.","2. To bake bread in oven: Select dough or manual cycle. Once cycle is complete, shape dough and place in a greased loaf tin. Allow to rise in a warm spot until doubled in size. Bake in a preheated 180 C / Gas mark 4 oven for 35 to 45 minutes or until a thermometer inserted in the centre of the loaf reads 95 C."],"nutritionList":["Calories 184.3 kcal","Total Fat 4.2 g","Saturated Fat 0.8 g","Sodium 220.9 mg","Protein 5.8 g","Sugars 5.8 g"],"serves":"serves: 12","preparationTime":"Ready in  3 hours 5 mins"}
