{"hash":0,"title":" Meringue for Lemon Meringue Pie ","description":" Meringue for Lemon Meringue Pie ","ingredients":["100ml (4 fl oz) water","2 tablespoons caster sugar","1 tablespoon cornflour","3 egg whites","1/4 teaspoon cream of tartar","1 pinch salt","1/2 teaspoon vanilla extract","6 tablespoons caster sugar"],"directions":["1. In a small saucepan, combine water, 2 tablespoons sugar and cornflour. Cook over low heat until clear, stirring constantly. Remove from heat.","2. In a large glass or metal bowl, beat egg whites, cream of tartar and salt until mixture is foamy. Mix in vanilla, then gradually add the 6 tablespoons sugar, beating constantly until meringue forms soft peaks. Gradually pour in cornflour mixture, beating until stiff. Spread over top of pie and seal to the crust. Brown in oven."],"nutritionList":["Calories 59.5 kcal","Total Fat 0 g","Saturated Fat 0 g","Sodium 69.7 mg","Protein 1.3 g"],"serves":"serves: 8","preparationTime":"Ready in  15 mins"}
