{"hash":0,"title":" Cullen skink omelette ","description":" The ingredients for cullen skink – a traditional Scottish soup based on smoked haddock and potatoes – are here turned into an omelette. For the best flavour, use traditional smoked haddock, which is free from artificial yellow dye. ","ingredients":["450g (1lb) potatoes, peeled and cut into 2.5cm (1in) chunks","300g (10½ oz) smoked haddock fillet","Vegetable oil for brushing","1 onion, finely chopped","5 eggs, beaten","Salt and black pepper","2 tablespoons chopped fresh chives"],"directions":["1. Cook the potatoes in boiling, lightly salted water for about 7 minutes until tender. Add the haddock to the water after 2-3 minutes.","2. Meanwhile, brush a nonstick frying pan with oil and heat. Add the onion and fry until tender.","3. Drain the potatoes and fish. When cool enough to handle, flake the fish into chunks, discarding any skin and bones. Put the eggs in a large bowl, add salt and pepper to taste, then add the chives, potatoes and fish.","4. Transfer the egg mixture to the frying pan and stir to mix. Cook over a medium-low heat, without stirring, for about 4 minutes until lightly set. Slide the omelette onto a large warm plate, cut into wedges and serve."],"nutritionList":["Calories 250 kcal","Carbohydrates 19 g","Sugars 2 g","Protein 24 g","Fat 11 g","Saturated Fat 3 g","Fibre 1.5 g"],"serves":"serves: 4","preparationTime":"Ready in  22 mins"}
