{"hash":0,"title":" Thai Pork and Prawn Spring Rolls ","description":" You can buy the rice paper spring roll wrappers in Asian shops. These rolls are not fried and taste best dipped in the hoisin peanut sauce. Delicious for a summer party. ","ingredients":["Rolls","250g (9 oz) medium prawns","250g (9 oz) pork fillet","250g (9 oz) rice noodles","12 round rice paper wrappers","1 bunch fresh Thai basil - leaves picked from stems","good handful chopped fresh coriander","15 leaves fresh mint, chopped","150g (5 oz) beansprouts","Sauce","225ml (8 fl oz) shop-bought hoisin sauce","1 tablespoon smooth peanut butter","1 tablespoon water","chopped roasted peanuts"],"directions":["1. Bring a medium stockpot of lightly salted water to the boil. Cook prawns 2 to 3 minutes, or until opaque. Drain, allow to cool slightly and pat dry with kitchen roll. Peel, devein and slice in half.","2. Bring another stockpot of lightly salted water to the boil. Poach pork at a low boil for approximately 10 minutes, to an internal temperature of 70 C. Allow to cool, and slice into thin strips.","3. Again, bring a stockpot of water to the boil. Cook rice noodles until tender, stirring occasionally, approximately 7 to 8 minutes. Strain, and rinse well to prevent sticking.","4. Fill a medium bowl with warm water. Dip each wrapper in water for about 30 seconds until soft and flexible. Lay wrapper on a flat surface, and place 2 basil leaves in centre, side by side, about 5cm (2 in) from edge of wrapper. Lay 4 to 5 prawns halves on basil, followed by a small amount of pork, then a small amount of noodles. Sprinkle with coriander, mint, and top with beansprouts. Starting at one end, roll the wrapper over once, fold both sides in toward centre, and continue rolling as tightly as possible without tearing. The end result should be a roll approximately 3 to 4cm (1 to 1 1/2 in) thick.","5. Warm hoisin sauce, peanut butter and water in a saucepan over medium high heat. Bring to the boil, and immediately remove from heat. Garnish sauce with chopped peanuts, if desired, and serve with rolls for dipping."],"serves":"serves: 12","preparationTime":"Ready in  1 hour 15 mins"}
