{"hash":0,"title":" New England simmered beef ","description":" This traditional American dish is a one-pot meal of succulent beef and tender-crisp vegetables in a nutritious and tasty broth. The tangy beetroot and onion relish cuts through the richness of the meat and is an inspired finishing touch. Serve with crusty bread to mop up the juices. ","ingredients":["675g (1½ lb) piece lean chuck steak, trimmed of fat","3 sprigs of fresh thyme","3 sprigs of parsley","1 large bay leaf","2 large garlic cloves, sliced","10 black peppercorns, lightly crushed","1 leek, sliced","1 celery stick, cut into 7.5 cm (3 in) pieces","300g (10½ oz) baby new potatoes, scrubbed","12 small shallots","2 (160g) packets of baby turnips","300g (10½ oz) baby carrots","Small Savoy cabbage, cored and finely shredded","Salt and pepper","Finely chopped parsley to garnish","Beetroot and onion relish:","340g (12 oz) cooked beetroot, peeled and finely diced","6 spring onions, finely chopped","3 tbsp finely chopped parsley"],"directions":["1. Place the beef in a flameproof casserole. Add about 1.5 litres (2 3⁄4 pints) water to cover the meat very generously. Bring to the boil over a high heat, skimming the surface as necessary to remove all the grey foam.","2. As soon as the liquid comes to the boil, reduce the heat to very low. Tie the thyme, parsley, bay leaf, garlic and peppercorns in a little muslin bag and add to the pan with the leek and celery. Half cover the pan and simmer gently, skimming the surface when necessary, for 13⁄4–2 hours or until the beef is very tender when pierced with the tip of a sharp knife.","3. Meanwhile, make the beetroot relish. Place the beetroot in a bowl with the spring onions and parsley. Season with salt and pepper to taste and gently stir together. Cover and chill.","4. Preheat the oven on a low setting. When the meat is tender, use 2 large spoons to transfer it to an ovenproof dish. Spoon over enough of the cooking liquid to cover the meat, then tightly cover the dish with foil. Place in the oven to keep warm.","5. Remove the muslin bag from the casserole and discard. Add the potatoes and shallots to the casserole with ½ tsp salt, increase the heat and cook for 5 minutes. Add the turnips and carrots and simmer for a further 15 minutes or until the vegetables are tender. With a draining spoon transfer them to the dish with the meat.","6. Add the cabbage to the broth in the casserole and simmer for 3 minutes or until it is tender. Remove with a draining spoon and add to the other vegetables.","7. To serve, slice the beef against the grain and place the slices in soup plates or plates with rims. Top with a selection of vegetables and spoon over some of the broth. Sprinkle with parsley and serve with the relish."],"nutritionList":["Calories 391 kcal","protein 45 g","Fat 8 g","Saturated Fat 3 g","Carbohydrates 36 g","Sugars 23 g","Fibre 10 g"],"serves":"serves: 4","preparationTime":"Ready in  2 hours 55 mins"}
