{"hash":0,"title":" Steamed tilapia with ginger and sesame ","description":" Steaming is unbeatable when it comes to heart-healthy cuisine. Since no fat is used for cooking, these ginger and coriander-scented fillets have the luxury of a splash of aromatic sesame oil. ","ingredients":["2 tbsp grated fresh root ginger","3 garlic cloves, finely chopped","½ tsp grated lime zest","4 tbsp chopped fresh coriander","4 tilapia fillets, 140g (5oz) each","2½ tsp toasted sesame oil","For the sauce","2 tbsp fresh lime juice","125ml (4 fl oz) water","1 tsp cornflour blended with 1 tbsp water","4 tbsp chopped fresh coriander"],"directions":["1. Combine the ginger, garlic, lime zest and coriander in a small bowl. Lay the fillets skinned-side up on the work surface and sprinkle with the coriander mixture. Fold the fillets in half. Drizzle the sesame oil over the folded fish and place on a heatproof plate.","2. Place a rack in a wok or frying pan large enough to hold the plate of fish, and add water to come up almost to the rack. Cover and bring to a simmer.","3. Carefully place the plate of fish on the rack over the simmering water. Cover and steam for about 5 minutes or until cooked through. With a fish slice, transfer the fish to a platter and cover loosely to keep warm.","4. To make the sauce, pour the cooking liquid from the plate into a small saucepan. Add the lime juice and water, and bring to the boil. Stir in the cornflour mixture and cook, stirring, for about 1 minute or until the sauce is lightly thickened. Stir in the coriander. Serve the sauce with the fish."],"nutritionList":["Calories 140 kcal","Fat 3 g","Saturated Fat 0.5 g","protein 26 g","Carbohydrates 2 g","Sodium 86 mg","Sodium 0.21 g","Fibre 0 g","Useful source of potassium 511 mg"],"serves":"serves: 4","preparationTime":"Ready in  20 mins"}
