{"hash":0,"title":" Chicken Shish Tawook ","description":" A Lebanese recipe for marinated chicken, which can be baked in the oven or skewered and barbecued. ","ingredients":["3 tablespoons vegetable oil","2 tablespoons low fat natural yoghurt","2 tablespoons ketchup","2 tablespoons English mustard","1 dessertspoon paprika","1 1/2 teaspoons ground allspice","1/2 teaspoon black pepper","1/4 teaspoon ground cinnamon","1/4 teaspoon curry powder (optional)","1.25kg (3 lb) skinless, boneless chicken breast fillets - cut into bite-sized pieces","For the dipping sauce:","100g (4 oz) mayonnaise","225g (8 oz) low fat natural yoghurt","3 cloves garlic, minced","1/4 teaspoon salt"],"directions":["1. In a medium bowl, stir together oil, yoghurt, ketchup and mustard. Season with paprika, allspice, black pepper, cinnamon and curry powder. Stir in chicken, coating all sides with marinade. Cover bowl, and refrigerate overnight.","2. To make dipping sauce, mix together mayonnaise, yoghurt, garlic and salt. Cover, and refrigerate.","3. Preheat oven to 200 C / Gas mark 6.","4. Transfer chicken pieces to a shallow baking dish. Bake in a preheated oven 30 minutes."],"nutritionList":["Calories 488.1 kcal","Total Fat 25.2 g","Saturated Fat 4.4 g","Sodium 499 mg","Protein 55.7 g"],"serves":"serves: 6","preparationTime":"Ready in  1 hour"}
