{"hash":0,"title":" Parmesan and Rosemary Focaccia ","description":" Parmesan and Rosemary Focaccia ","ingredients":["200g (7 oz) bread flour","200g (7 oz) plain flour","1 dessertspoon salt","1 tablespoon caster sugar","7g (1/4 oz) quick yeast","300ml (11 fl oz) warm water (45 C)","3 tablespoons extra virgin olive oil, divided","2 tablespoons chopped fresh rosemary","2 tablespoons grated Parmesan cheese"],"directions":["1. In a large ceramic bowl, stir together the flours and salt. Make a well in the centre of the flour mixture. Sprinkle the sugar and yeast into that well. Carefully pour the water into the well. Let stand until the yeast begins to act, about 5 minutes.","2. Pour 2 tablespoons of the oil into the well. With a wooden spoon, stir the mixture in the centre of the bowl. Gradually widen the circle of stirring to take in all of the flour at the sides of the well.","3. Turn out on a floured surface, and knead just until smooth. Keep the dough soft. Pour 1/2 teaspoon of the oil into a clean bowl. Place the dough in the bowl, turning once to oil the top. Cover. Let rise until doubled, 30 to 45 minutes.","4. Punch the dough down. Use 1 teaspoon of the oil to coat a baking tray, and place the dough on the tray. Gently press the dough out to about 1.5cm (1/2 in) thickness. Pour the remaining 1 1/2 teaspoons oil over the top of the dough. Use the handle end of a wooden spoon to dimple the dough every 2.5cm (1 in). Sprinkle with the rosemary and the cheese. Place in a cold oven on the centre shelf. Place a flat pan of hot water on the shelf below the bread. Let rise until doubled, 20 to 25 minutes.","5. Preheat the oven to 190 C / Gas mark 5.","6. Bake the focaccia for 20 to 25 minutes, or until browned on top. Remove from the tray, and cool on a wire rack. Serve warm."],"nutritionList":["Calories 127.2 kcal","Total Fat 3.3 g","Saturated Fat 0.6 g","Sodium 323.9 mg","Protein 3.4 g"],"serves":"serves: 15","preparationTime":"Ready in  1 hour 10 mins"}
