{"hash":0,"title":" Basmati Pulao with Chicken Tikka ","description":" Fluffy basmati cooked with garlic and spices tastes great in this dish, cooked with quick marinated chicken. ","ingredients":["4 small skinless chicken breasts, about 125g each","1 fat garlic clove, chopped","1 tbsp tikka masala","2 tbsp vegetable oil","1 onion, sliced","250g basmati rice, rinsed","600ml hot vegetable or chicken stock, made with stock cubes","50g raisins","1 tbsp chopped fresh coriander","100g tomatoes, halved","25g toasted pine nuts","lemon wedges, to serve"],"directions":["1. Cut each chicken breast fillet into 3-4 strips and mix with half the garlic and half the tikka spice mix or curry powder. Leave to marinate while you cook the pilaf, turning the chicken strips in the marinade after about 10 minutes.","2. Heat the vegetable oil in a large nonstick pan, add the sliced onion and the remaining garlic, and cook gently for 3 minutes. Stir in the basmati rice, then sprinkle in the remaining spice powder. Mix well. Preheat the grill or a ridged griddle.","3. Pour the hot stock into the rice with 1/2 tsp salt and the raisins. Bring to the boil, then reduce the heat to a low simmer. Cover and cook for 10 minutes without lifting the lid. The liquid should have been absorbed and small steam holes should have appeared. If necessary, cover and cook for a further 2 minutes. Add the coriander and tomatoes, stir through to reheat briefly then remove the pan from the heat and leave for 5 minutes. Add the pine nuts and fork through the rice gently.","4. While the rice is cooking, grill or griddle the chicken strips for 6-8 minutes or until just firm, turning once. Spoon the pilaf into a serving dish and put the chicken on top. Serve with lemon wedges."],"nutritionList":["Calories 510 kcal","protein 37 g","Fat 12 g","Saturates 1 g","Carbohydrates 63 g"],"serves":"serves: 4","preparationTime":"Ready in  30 mins"}
