{"hash":0,"title":" Wheatgerm and Banana Breakfast Smoothie ","description":" Wheatgerm and Banana Breakfast Smoothie ","ingredients":["450ml pineapple juice","450ml (16 fl oz) pineapple juice","2 bananas","2 bananas","500 gm pasteurized vanilla yogurt","1 (500g) vanilla yoghurt","150g strawberries, hulled","150g (5 oz) strawberries, hulled","4 tablespoons wheatgerm","4 tablespoons wheatgerm","1 teaspoon vanilla essence","1 teaspoon vanilla extract"],"directions":["1. In a blender combine all ingredients. Blend until smooth.","2. In a blender combine all ingredients. Blend until smooth."],"nutritionList":["Calories 268.2 kcal","Total Fat 2.7 g","Saturated Fat 1.2 g","Salt 84 mg","Protein 8.9 g"],"serves":"serves: 4","preparationTime":"Ready in  4 mins"}
