{"hash":0,"title":" Strawberry Lemon Yoghurt Smoothie ","description":" Strawberry Lemon Yoghurt Smoothie ","ingredients":["7 large strawberries","1 (140g) tub lemon curd yogurt","5 tablespoons orange juice"],"directions":["1. In a blender, combine strawberries, yoghurt and orange juice. Blend until smooth. Pour into a tall glass and serve."],"nutritionList":["Calories 278.8 kcal","Total Fat 1 g","Saturated Fat 0.3 g","Sodium 155.5 mg","Protein 12.8 g"],"serves":"serves: 1","preparationTime":"Ready in  10 mins"}
