{"hash":0,"title":" Lebanese Lentil Soup ","description":" Lentils, lemon juice, fresh herbs and greens go into this version of a traditional Lebanese-style lentil soup. Serve with some warm pitta for a delicious meal! ","ingredients":["1 (500g) container chicken stock","1.4L (2 3/8 pints) water","1 small onion, peeled and diced","1 bay leaf","3 sprigs flat leaf parsley","2 sprigs fresh thyme","1L (1 3/4 pints) water","275g (10 oz) dried brown lentils, rinsed and drained","675g (1 1/2 lb) Swiss chard - rinsed, stems removed and thinly sliced","2 tablespoons olive oil","1 large onion, finely chopped","4 cloves garlic, crushed","good handful chopped fresh coriander","100ml (4 fl oz) lemon juice","salt to taste","1 lemon, cut into wedges"],"directions":["1. In a large saucepan, combine the chicken stock, 1.4L water, 1 small onion, bay leaf, parsley and thyme. Bring to the boil, then reduce heat to low and simmer for about 1 1/2 hours. Strain, and reserve 1L (1 3/4 pints) of the stock for the recipe. Reserve the remaining stock for other uses.","2. Pour the stock into a large soup pot, and add 1L water to it. Stir in lentils, and bring to the boil. Cover, reduce heat to low, and simmer for about 1 hour.","3. Heat olive oil in a large frying pan over medium heat. Add the large onion, and cook until transparent, stirring frequently. Add the garlic, and cook for just a minute, until fragrant. Place the chard in the pan, and cook until wilted, about 5 minutes. The smells here are gorgeous!","4. Transfer the chard and onion mixture to the pot with the lentils. Stir in the coriander and lemon juice. Season with salt and additional lemon if desired. Simmer covered for an additional 15 minutes before serving. Serve with lemon wedges."],"nutritionList":["Calories 264.2 kcal","Total Fat 6 g","Saturated Fat 0.9 g","Sodium 625.9 mg","Protein 17.4 g"],"serves":"serves: 6","preparationTime":"Ready in  3 hours 30 mins"}
