{"hash":0,"title":" Garlic and Dill Baked Salmon ","description":" A large salmon fillet, seasoned with minced garlic, fresh dill and lemon and steamed in foil while it cooks either in the oven or on the barbecue. ","ingredients":["675g (1 1/2 lb) salmon fillet","salt and freshly ground black pepper to taste","3 cloves garlic, minced","2 sprigs fresh dill, chopped","5 slices lemon","5 sprigs fresh dill","2 spring onions, chopped"],"directions":["1. Preheat oven to 230 C / Gas mark 8.","2. Place salmon fillet on top of one piece of aluminium foil. Sprinkle salmon with salt, pepper, garlic and chopped dill. Arrange lemon slices on top of fillet and place a sprig of dill on top of each lemon slice. Sprinkle fillet with chopped spring onions.","3. Cover salmon with second piece of foil and pinch together both pieces to tightly seal. Place on a baking tray or in a large baking dish.","4. Bake in preheated oven for 20 to 25 minutes, until salmon flakes easily."],"nutritionList":["Calories 169.3 kcal","Calories from Fat 60.3 kcal","Fat 6.7 g","Saturated Fat 1.4 g","Cholesterol 50.5 mg","Sodium 48.5 mg","Potassium 440.9 mg","Carbohydrates 2.1 g","Dietary Fibre 0.7 g","Protein 24.6 g","Vitamin A 40.2 mcg","Vitamin C 11.1 mg","Calcium 54.4 mg","Iron 0.8 mg","Thiamin 0.1 mg","Niacin Equivalents 11.5 mg","Vitamin B6 0.5 mg","Magnesium 33.9 mg","Folate 12.3 mcg"],"serves":"serves: 6","preparationTime":"Ready in  40 mins"}
