{"hash":0,"title":" Roasted Red Pepper and Cannellini Soup ","description":" A delicious, creamy soup without the cream. This soup is a favourite in our house. I like it with some fresh goat\u0027s cheese and chopped watercress. ","ingredients":["3 red peppers","1 onion, chopped","6 cloves garlic, minced","1 tablespoon olive oil","2 (400g) tins cannellini beans, drained and rinsed","2 (500g) tubs chicken stock","salt and freshly ground black pepper to taste"],"directions":["1. Preheat oven grill.","2. Place the red peppers on a baking tray and grill on the top shelf of the oven, using tongs to turn them as each side blackens. Place the blackened peppers in a paper bag, close tightly and allow them to cool for 20 to 30 minutes. Then peel the skin off the peppers and discard the stem and all the seeds. Chop the peppers and set aside.","3. In a large pot over medium heat, sauté the onion and garlic in the oil for 5 minutes, or until onion is translucent. Add the chopped, roasted red peppers and sauté for 2 to 3 more minutes.","4. Next, add the chicken stock and the cannellini beans, stirring well. Using a blender, purée the soup in small batches and return to the pot over low heat for 5 minutes."],"nutritionList":["Calories 226.3 kcal","Total Fat 4 g","Saturated Fat 0.7 g","Sodium 593.4 mg","Protein 12.2 g","Sugars 8.8 g"],"serves":"serves: 6","preparationTime":"Ready in  35 mins"}
