{"hash":0,"title":" Spicy Sweet Potato Soup ","description":" Pumpkin and sweet potatoes are roasted with a blend of spices, then puréed and combined with chicken stock for a smooth and luscious soup. Garnish with diced bacon, crème fraîche, yoghurt or basil leaves. ","ingredients":["1 tablespoon coriander seeds","1 dessertspoon cumin seeds","1 dessertspoon dried oregano","1 tablespoon fennel seeds","1/2 teaspoon dried crushed chillies","1/2 teaspoon salt","1/2 teaspoon whole black peppercorns","1 clove garlic, crushed","2 tablespoons olive oil, divided","1 medium pumpkin","4 sweet potatoes","1 large onion, chopped","1.4L (2 3/8 pints) chicken stock"],"directions":["1. Preheat oven to 200 C / Gas mark 6.","2. With a mortar or spice grinder, grind coriander, cumin, oregano, fennel, chillies, salt and peppercorns into a coarse powder. Blend in garlic and 1 tablespoon olive oil to form a paste.","3. Wash pumpkin, and cut into wedges, scraping away seeds. Peel potatoes and cut each potato lengthwise into wedges. Smear the pumpkin and the potatoes with the spice paste and place in a baking dish.","4. Roast in preheated oven 30 to 40 minutes, until tender and just beginning to blacken at the thinnest points.","5. Meanwhile, in a large pot over medium heat, cook the onion in the remaining 1 tablespoon olive oil until translucent.","6. Chop pumpkin and potatoes into smaller chunks and purée in a blender or food processor with some of the chicken stock until smooth. Be sure to scrape the roasted spice paste off the baking dish and include it in the purée. It may be necessary to deglaze the dish with a little chicken stock.","7. Pour the puréed vegetables into the pot with the onions, and stir in as much additional chicken stock as needed to achieve the desired consistency. Heat through."],"nutritionList":["Calories 252.3 kcal","Total Fat 7.6 g","Saturated Fat 1.4 g","Sodium 1263.8 mg","Protein 6.9 g"],"serves":"serves: 6","preparationTime":"Ready in  1 hour"}
