{"hash":0,"title":" Spicy Veggie Salad ","description":" This is a colourful, spicy salad with shedloads of vegetables. You can use lime juice instead of lemon if you prefer. ","ingredients":["2 large tomatoes, seeded and chopped","1 small courgette, diced","175g (6 oz) frozen sweetcorn","1/2 bunch spring onions, chopped","1 avocado - peeled, stone removed and diced","5 tablespoons salsa, such as Discovery","2 tablespoons olive oil","2 tablespoons lemon juice","1/4 teaspoon ground cumin"],"directions":["1. In a large bowl, combine the vegetables.","2. Whisk together the salsa, oil, lemon juice and cumin. Toss gently with the vegetables and serve."],"nutritionList":["Calories 141.2 kcal","Total Fat 10.2 g","Sodium 243 mg","Protein 2.5 g"],"serves":"serves: 6","preparationTime":"Ready in  15 mins"}
