{"hash":0,"title":" Easy Lentil Soup ","description":" As a busy uni student, I don\u0027t have much time to eat, let alone cook! This soup is easy and filling. ","ingredients":["400g (14 oz) brown lentils","2L (3 1/4 pints) chicken stock","1 onion, diced","4 tablespoons tomato purée","2 cloves garlic, minced","1 tablespoon ground cumin"],"directions":["1. In a large saucepan combine all ingredients. Bring to the boil, then reduce heat, cover and simmer until lentils are soft, 30 to 45 minutes. Serve with a squeeze of lemon."],"nutritionList":["Calories 185.7 kcal","Total Fat 2.7 g","Saturated Fat 0.6 g","Sodium 1062.6 mg","Protein 13.5 g"],"serves":"serves: 8","preparationTime":"Ready in  35 mins"}
