{"hash":0,"title":" Smoked Salmon With Melon ","description":" Here\u0027s a fantastic snack that\u0027s not only a treat for the eyes but also really good for you. Melon and heart healthy, oily fish provide a balanced boost of vitamins and minerals. As well as being sweet and refreshing, melons contain beta carotene and lycopene. ","ingredients":["1½ chilled ripe melons, seeds removed, sliced","Juice of ½ lime","½ teaspoon preserved ginger, finely chopped","2 tablespoons extra virgin olive oil","Salt and black pepper","115g smoked salmon slices","Lemon and lime wedges to serve"],"directions":["1. Arrange the melon slices on four plates.","2. Whisk together the lime juice, ginger, olive oil, and salt and pepper to taste. Spoon over the melon.","3. Arrange the smoked salmon on the plates with the melon. Serve with lemon and lime wedges.","Nutrients per serving"],"nutritionList":["Calories 115 kcal","Carbohydrates 5 g","Sugars 5 g","Protein 8 g","Fat 7 g","Saturated Fat 1 g","Fibre 1 g"],"preparationTime":"Ready in  15 mins"}
