{"hash":0,"title":" Chinese Tea Leaf Eggs ","description":" These are hard-boiled eggs, best eaten chilled, enjoying the subtle flavour of anise and the deep brown hues of black tea and soy. The cracked patterns from the broken shells make these quite attractive! Eggs symbolise fertility and this dish is made for Chinese New Year. ","ingredients":["8 eggs","8 eggs","1 teaspoon salt","1 teaspoon salt","750ml water","","1 tablespoon soy sauce","750ml water","1 tablespoon soya sauce","1 tablespoon soy sauce","1/4 teaspoon salt","1 tablespoon black soy sauce","2 tablespoons black tea leaves","1/4 teaspoon salt","2 pods star anise","2 tablespoons black tea leaves","1 (5cm) piece cinnamon stick","2 pods star anise","1 tablespoon orange zest","1 (5cm) piece cinnamon stick","1 tablespoon tangerine zest"],"directions":["1. In a large pan, combine eggs and 1 teaspoon salt; cover with cold water. Bring to the boil, reduce heat, and simmer for 20 minutes. Remove from heat, drain and cool. When cool, tap eggs with the back of a spoon to crack shells (do not remove shells).","2. In a large saucepan, combine eggs and 1 teaspoon salt; cover with cold water. Bring to the boil, reduce heat, and simmer for 20 minutes. Remove from heat, drain and cool. When cool, tap eggs with the back of a spoon to crack shells (do not remove shells).","3. In a large pan, combine 750ml water, soy sauce, black soy sauce, salt, tea leaves, star anise, cinnamon stick and tangerine zest. Bring to the boil, then reduce heat, cover and simmer for 3 hours. Remove from heat, add eggs, and let steep for at least 8 hours.","4. In a large saucepan, combine 750ml water, soy sauce, black soy sauce, salt, tea leaves, star anise, cinnamon stick and tangerine zest. Bring to the boil, then reduce heat, cover and simmer for 3 hours. Remove from heat, add eggs, and let steep for at least 8 hours."],"serves":"serves: 8","preparationTime":"Ready in  11 hours 20 mins"}
