{"hash":0,"title":" Smoked salmon bagel with quark ","description":" Finely sliced healthy smoked salmon makes an ideal partner to serve with virtually fat-free quark. ","ingredients":["50 g (1¾ oz) quark","1 teaspoon lemon juice","1 bagel","50 g (1¾ oz) smoked salmon, finely sliced","Black pepper","To garnish: a few sprigs of dill, chopped"],"directions":["1. Mix together the quark and lemon juice.","2. Warm the bagel briefly, slice it in half and spread the bottom piece with the quark mixture. Sprinkle it with the slices of salmon then add black pepper to taste and a little dill. Cover with the top half and eat while the bagel is still warm."],"nutritionList":["Calories 336 kcal","Carbohydrates 48 g","Protein 29 g","Fat 4 g","Saturated Fat 1 g"],"serves":"serves: 1","preparationTime":"Ready in  7 mins"}
