{"hash":0,"title":" Homemade Baked Beans ","description":" Homemade Baked Beans ","ingredients":["1 (400g) tin kidney beans, drained (optional)","1 (400g) tin pinto beans, drained","1 (400g) tin butter beans, drained","1 (400g) tin cannellini beans, drained","1 (57ml) bottle Tabasco Sauce","2 tablespoons dark brown soft sugar","1 tablespoon Dijon mustard","1 tablespoon Worcestershire sauce","2 tablespoons treacle","3 rashers streaky bacon, cut in half"],"directions":["1. Preheat oven to 160 C / Gas mark 3.","2. In a medium baking dish, mix kidney beans, pinto beans, butter beans, cannellini beans, chilli sauce, brown sugar, Dijon mustard, Worcestershire sauce and treacle. Top with bacon.","3. Bake 1 hour in the preheated oven, until thick and bubbly."],"nutritionList":["Calories 178.5 kcal","Total Fat 4.2 g","Saturated Fat 1.4 g","Sodium 423.1 mg","Protein 7.6 g"],"serves":"serves: 14","preparationTime":"Ready in  1 hour 10 mins"}
