{"hash":0,"title":" Creamy Asparagus Pasta ","description":" Creamy Asparagus Pasta ","ingredients":["1 bunch fresh asparagus, trimmed and cut into 5cm (2 in) pieces","30g (1 oz) butter","1 clove garlic, minced","1 1/2 (284ml) tubs single cream","1 (500g) pack linguine pasta","1 lemon, juiced"],"directions":["1. Bring a pot of water to a boil. Boil asparagus for 3 to 4 minutes; drain.","2. In a large saucepan, melt butter over medium heat. Sauté garlic and asparagus for 3 to 4 minutes. Stir in cream and simmer for 10 minutes.","3. Meanwhile, cook linguine according to pack instructions; drain and transfer to a serving dish.","4. Stir lemon juice into asparagus mixture; pour mixture over pasta."],"nutritionList":["Calories 247.8 kcal","Calories from Fat 42.4 kcal","Fat 4.7 g","Saturated Fat 2.4 g","Cholesterol 10.1 mg","Sodium 38.2 mg","Potassium 152 mg","Carbohydrates 44.1 g","Dietary Fibre 3.9 g","Protein 8.4 g","Vitamin A 123.1 mcg","Vitamin C 16.1 mg","Calcium 33.3 mg","Iron 2.5 mg","Thiamin 0.4 mg","Niacin Equivalents 3.2 mg","Vitamin B6 0.1 mg","Magnesium 32.7 mg","Folate 175 mcg"],"serves":"serves: 8","preparationTime":"Ready in  25 mins"}
