{"hash":0,"title":" Spring vegetable risotto ","description":" Risotto is comfort food at its best, and you can ring the changes by adding almost any fresh ingredients you have to hand. This one uses fresh asparagus, baby carrots and young spring peas and beans. ","ingredients":["1 litre vegetable stock","100g asparagus tips","100g baby carrots, halved lengthways","200g fresh young peas, shelled","500g baby broad beans, shelled","2 tbsp olive oil","2 baby leeks, thinly sliced","300g risotto rice","1 tbsp pesto sauce","25g pine nuts, toasted"],"directions":["1. Bring the stock to the boil in a large saucepan, then reduce the heat, add the asparagus tips, carrots, peas and broad beans and simmer for 4–5 minutes until tender. Remove the vegetables with a draining spoon and set aside. Keep the stock simmering over a gentle heat.","2. Meanwhile, heat the oil in a large, heavy-based frying pan and add the leeks. Stir-fry for 2 minutes until they are bright green, then stir in the rice.","3. Add 2–3 tbsp of the hot stock and cook gently, stirring until the liquid is absorbed. Continue adding the stock, a little at a time, until the mixture is soupy and the grains of rice are tender but still have a slight bite. This will take about 20 minutes.","4. Stir in the pesto and season to taste. Gently stir in the asparagus, carrots, peas and beans and cook for a few more minutes until the vegetables are heated through. Serve in heated soup plates and scatter over the pine nuts."],"nutritionList":["Calories 524 kcal","Protein 20 g","Fat 16 g","Saturates 2 g","Carbohydrates 75 g","Sugars 6 g","Fibre 12 g","Sodium 36 mg","Vegetables 275 g"],"serves":"serves: 4","preparationTime":"Ready in  45 mins"}
