{"hash":0,"title":" Easy King Prawns ","description":" Easy King Prawns ","ingredients":["675g raw king or tiger prawns","3 tsp olive oil","3 garlic cloves, finely chopped","150ml low-sodium fish stock","3 tbsp fresh lemon juice","good pinch of crushed dried chillies","1 tsp cornflour blended with 1 tbsp water","4 tbsp chopped parsley"],"directions":["1. Peel the prawns. To devein them, make a shallow cut along the back of each prawn and remove the black vein.","2. Pour the olive oil into a large non-stick frying pan and heat over a medium heat. Add the garlic and cook briefly until tender.","3. Add the prawns and cook, stirring frequently, for about 3 minutes. Add the stock, lemon juice and crushed chillies, and bring to the boil. Cook for about 1 minute or until the prawns are opaque throughout.","4. With a slotted spoon, transfer the prawns to serving plates. Bring the liquid in the pan to the boil, stir in the cornflour mixture and cook, stirring, for about 1 minute or until the sauce is lightly thickened. Stir in the parsley and spoon the sauce over the prawns."],"nutritionList":["Calories 164 kcal","Fat 4 g","Saturated Fat 0.5 g","protein 30 g","Carbohydrates 4 g","Sodium 350 mg","Salt 0.87 g","Fibre 0 g","Useful source of potassium 425 mg"],"preparationTime":"Ready in  30 mins"}
