{"hash":0,"title":" Honey and Ginger Pork Chops ","description":" This recipe has been enjoyed by our family for years now. A great midweek supper with a baked potato and green veg. ","ingredients":["2 tablespoons vegetable oil","6 boneless pork loin chops","3 tablespoons honey","100ml (4 fl oz) water","4 tablespoons soy sauce","1 small onion, chopped","1/4 teaspoon ground ginger","1/8 teaspoon freshly ground black pepper"],"directions":["1. Preheat oven to 160 C / Gas mark 3.","2. Heat the oil in a frying pan over medium heat, and brown the pork chops about 5 minutes on each side. Transfer to a baking dish","3. In a bowl, mix the honey, water, soy sauce, onion, ginger and pepper. Pour over the pork chops in the baking dish.","4. Bake pork chops 1 hour in the preheated oven, to an internal temperature of 70 C."],"nutritionList":["Calories 182.9 kcal","Total Fat 8.4 g","Saturated Fat 2 g","Sodium 643.1 mg","Protein 16.1 g"],"serves":"serves: 6","preparationTime":"Ready in  1 hour 25 mins"}
