{"hash":0,"title":" Grilled Orange and Rosemary Chicken ","description":" A citrus and rosemary marinade keeps chicken moist and flavourful. This recipe is great for the barbecue too. ","ingredients":["350ml (12 fl oz) orange juice","4 tablespoons olive oil","small handful chopped fresh chives","small handful chopped fresh rosemary","1 teaspoon salt","1 teaspoon freshly ground black pepper","1 whole chicken, cut into 8 pieces"],"directions":["1. In a medium bowl, mix the orange juice, olive oil, chives, rosemary, salt and pepper. Place the chicken in the mixture. Cover and marinate in the refrigerator at least 4 hours.","2. Preheat the oven grill.","3. Arrange the chicken on a baking tray. Grill 30 minutes in the preheated oven, on the middle rack. Turn and brush frequently with the remaining marinade mixture, until no longer pink and juices run clear."],"nutritionList":["Calories 258.2 kcal","Total Fat 17.4 g","Saturated Fat 3.9 g","Sodium 349 mg","Protein 19.3 g"],"serves":"serves: 8","preparationTime":"Ready in  45 mins"}
