{"hash":0,"title":" Lemon Dhania Prawns ","description":" Prawns are great in this flavourful dish with couscous or on top of a leafy green salad. Plus, they take hardly any time to cook! ","ingredients":["20 king prawns, peeled and deveined","6 lemons, zested","good handful chopped fresh dhania (coriander)","4 tablespoons extra virgin olive oil","salt to taste","1 lemon, juiced","ground black pepper to taste"],"directions":["1. In a bowl, toss prawns with lemon zest and coriander to coat.","2. Heat 1/2 the oil in a frying pan over medium heat. Sprinkle oil with salt, then stir in the prawns, lemon zest and coriander. Cook, stirring, 5 minutes, or until prawns are opaque.","3. Transfer to a serving bowl, drizzle with remaining oil and lemon zest. Squeeze lemon juice over prawns, season with pepper, and serve immediately."],"nutritionList":["Calories 277.6 kcal","Total Fat 15.7 g","Saturated Fat 2.4 g","Salt 899.7 mg","Protein 29.6 g"],"serves":"serves: 4","preparationTime":"Ready in  20 mins"}
