{"hash":0,"title":" Smoked trout Niçoise ","description":" A variation on a colourful Provençal favourite, this hearty salad is just perfect for an early summer lunch, making the most of baby new potatoes and asparagus at the peak of their season. ","ingredients":["600g baby new potatoes, scrubbed","225g asparagus spears, trimmed and cut into short lengths","225g cherry tomatoes, halved","40g stoned black olives","2 large eggs","175g Arbroath hot-smoked trout fillets, flaked","85g rocket","PARSLEY DRESSING","2 tbsp extra virgin olive oil","1 tbsp lime juice","1 tsp Dijon mustard","1 tbsp chopped fresh parsley"],"directions":["1. First make the dressing by shaking all the ingredients together in a screw-topped jar. Season to taste. Cook the potatoes in a saucepan of lightly salted, boiling water for about 15 minutes until just tender. Lift out the potatoes with a draining spoon, leave whole if they are small or slice thickly, then toss with the dressing and put aside.","2. Bring the pan of water back to the boil and add the asparagus, then reduce the heat and simmer for 4–5 minutes until tender. Remove with a draining spoon, refresh briefly under cold water and drain. (This cools the asparagus quickly and helps to retain the bright green colour.) Stir the asparagus into the potatoes with the tomatoes and olives.","3. Add the eggs to the pan of water and simmer for 7 minutes. Remove, run under cold water until cool enough to handle, then peel away the shells and cut the eggs into quarters.","4. Add the eggs, flaked trout and rocket to the potatoes and toss lightly to coat evenly in the dressing. Serve slightly warm or cold."],"nutritionList":["Calories 304 kcal","Protein 18.5 g","Fat 14 g","Saturates 3 g","Carbohydrates 28 g","Sugars 5 g","Fibre 4 g","Sodium 805 mg","Vegetables 144 g"],"serves":"serves: 4","preparationTime":"Ready in  40 mins"}
