{"hash":0,"title":" Breaded Lamb Loin Chops ","description":" Breaded Lamb Loin Chops ","ingredients":["3 eggs","3 teaspoons Worcestershire sauce","12 lamb loin chops","225g (8 oz) dried breadcrumbs"],"directions":["1. Preheat oven to 190 C / Gas mark 5.","2. In a medium bowl, combine the eggs and the Worcestershire sauce; stir well. Dip each lamb chop in the egg mixture and then lightly dredge in the breadcrumbs. Arrange them on a lightly greased baking tray or dish.","3. Bake in preheated oven for 20 minutes, turn chops over, and cook for 20 more minutes, or to desired doneness."],"nutritionList":["Calories 739.8 kcal","Total Fat 45.2 g","Saturated Fat 18.6 g","Sodium 505.7 mg","Protein 52.1 g"],"serves":"serves: 6","preparationTime":"Ready in  45 mins"}
