{"hash":0,"title":" Easy German Spätzle ","description":" These pasta-like dumplings are cooked quickly in boiling water. Delicious with a creamy white sauce. These can be frozen after cooking. ","ingredients":["100g (4 oz) plain flour","2 eggs"],"directions":["1. Place flour in a medium bowl, making a well for the eggs. Introduce the eggs, and mix with a fork; then knead to form a stiff dough. Pinch off 1cm (1/3 in) pieces of dough with fingers, and cook in a large pot of boiling water until dumplings float to the top, 5 to 10 minutes."],"nutritionList":["Calories 151 kcal","Calories from Fat 25.2 kcal","Fat 2.8 g","Saturated Fat 0.8 g","Cholesterol 105.8 mg","Sodium 70.6 mg","Potassium 63.4 mg","Carbohydrates 24.2 g","Dietary Fibre 0.8 g","Protein 6.3 g","Sugars 0.8 g","Vitamin A 47.4 mcg","Vitamin C 0 mg","Calcium 16.9 mg","Iron 1.8 mg","Thiamin 0.3 mg","Niacin Equivalents 2.5 mg","Vitamin B6 0 mg","Magnesium 9.4 mg","Folate 56.9 mcg"],"serves":"serves: 4","preparationTime":"Ready in  20 mins"}
