{"hash":0,"title":" Mexican Mango Spicy Salad ","description":" My boyfriend\u0027s mom taught me this delicious recipe. It\u0027s a totally authentic Hispanic take on the mango. ","ingredients":["1/4 cup water","1 tablespoon chili powder","1 pinch salt","3 tablespoons lemon juice","1 mango - peeled, seeded and sliced"],"directions":["1. Bring water to a boil in a small pan. Stir in chilli powder, salt, and lemon juice until smooth and hot. Add sliced mango and toss to coat; allow to soak up the chilli sauce for a few minutes before serving."],"serves":"serves: 2","preparationTime":"Ready in  15 mins"}
