{"hash":0,"title":" Lamb and barley soup ","description":" Full of tender lamb cubes, deliciously nutty pearl barley and chunky vegetables, this substantial soup is really a meal in a bowl. Savoury herb-scented scones are served alongside. ","ingredients":["1 tbsp extra virgin olive oil","340 g (12 oz) lean boneless lamb, cut into 2 cm (¾ in) dice","1 onion, chopped","2 carrots, cut into 1 cm (½ in) dice","250 g (8½ oz) turnips, cut into 1 cm (½ in) dice","250 g (8½ oz) swede, cut into 1 cm (½ in) dice","100 g (3½ oz) pearl barley","1.2 litres (2 pints) lamb or chicken stock, preferably home-made","2 tsp chopped fresh rosemary","1 tsp chopped fresh thyme","100 g (3½ oz) frozen peas","salt and pepper","Herb scones","225 g (8 oz) plain flour","1 tbsp baking powder","55 g (2 oz) butter","3 tbsp chopped parsley","3 tbsp snipped fresh chives","1 tbsp finely chopped fresh rosemary","150 ml (5 fl oz) semi-skimmed milk"],"directions":["1. Heat the oil in a large saucepan and fry the lamb over a high heat for about 5 minutes or until browned, stirring frequently. Use a draining spoon to transfer the lamb to a plate. Add the onion, carrots, turnips and swede to the oil remaining in the pan. Stir well and cook for 2–3 minutes or until the vegetables are starting to soften.","2. Return the lamb to the saucepan and stir in the pearl barley, stock, rosemary and thyme with seasoning to taste. Heat until simmering, then reduce the heat and cover the pan. Simmer gently for 40 minutes.","3. Meanwhile, make the scones. Preheat the oven to 230ºC (450ºF, gas mark 8) and grease a baking tray. Sift the flour and baking powder into a bowl. With your fingertips, rub in the butter until the mixture resembles fine breadcrumbs. Stir in the parsley, chives and rosemary, then make a well in the middle and pour in all but about 1 tbsp of the milk. Gradually mix the dry ingredients into the milk to make a fairly soft dough.","4. Turn the scone dough out onto a well-floured surface. Dust your hands with a little flour, then lightly pat and knead the dough into a smooth ball. Flatten the dough and roll it out into a round about 2.5 cm (1 in) thick and 13 cm (5 1/2 in) across.","5. Place the dough round on the baking tray and use a large sharp knife to cut it into 8 wedges, leaving them in place. Wipe the knife with a damp cloth between cuts to prevent the dough from sticking to it. Brush with the reserved milk and bake immediately for 10–15 minutes or until well risen and deep golden brown on top. Slide the scone round onto a wire rack to cool.","6. Add the peas to the soup and simmer for a further 10 minutes. Taste for seasoning, then ladle the soup into large bowls and serve with the scones. If you like, wrap the scone round loosely in a folded napkin or clean tea-towel and take it to the table on a large flat basket or board. Break it into wedges to serve."],"nutritionList":["Calories 640 kcal","Protein 31 g","Fat 24 g","Saturated Fat 12 g","Carbohydrates 78 g","Sugars 10 g","Fibre 7 g"],"serves":"serves: 4","preparationTime":"Ready in  1 hour 35 mins"}
