{"hash":0,"title":" Easy Vegetarian Chilli ","description":" This quick and easy chilli recipe is a great midweek solution for supper! You can even use it to top jacket potatoes. ","ingredients":["1 onion, chopped","5 cloves crushed garlic","1 stalk celery, chopped","1 tablespoon olive oil","225g (8 oz) soya or Quorn mince","4 (400g) tins kidney beans","1 (400g) tin chopped tomatoes","1L (1 3/4 pints) water","2 tablespoons dark brown soft sugar","salt and freshly ground black pepper to taste","1 dessertspoon chilli powder"],"directions":["1. In a large saucepan sauté onion, garlic, celery and olive oil until onions are soft.","2. Add soya or Quorn mince, kidney beans, tomatoes, water, sugar, salt, pepper and chilli powder. Stir occasionally, let simmer for 30 minutes."],"nutritionList":["Calories 339.6 kcal","Calories from Fat 41.4 kcal","Fat 4.6 g","Saturated Fat 0.4 g","Cholesterol 0.9 mg","Sodium 1420.8 mg","Potassium 1027.7 mg","Carbohydrates 51.1 g","Dietary Fibre 13.1 g","Protein 35.9 g","Vitamin A 310.2 mcg","Vitamin C 14.3 mg","Calcium 151.9 mg","Iron 7.2 mg"],"serves":"serves: 8","preparationTime":"Ready in  45 mins"}
