{"hash":0,"title":" Reshmi Kebabs ","description":" This traditional Mughlai kebab gets its name from the succulence of the meat after prolonged marinating. Use bbq or tandoor. Traditionally, chicken, beef or lamb is used, but prawns or scallops work well too. ","ingredients":["6 almonds","6 green chillies, seeded and chopped","8 cloves garlic","2.5cm (1 in) piece fresh ginger, peeled","handful chopped fresh coriander","salt to taste","1 lemon, juiced","100ml cream","1kg skinless, boneless chicken breast fillets - cubed","skewers","30g butter"],"directions":["1. Place almonds in a small bowl and cover with water. Allow to soak for 15 to 20 minutes; drain. Place almonds, chillies, garlic, ginger and coriander into the bowl of a food processor; blend until smooth. Season with salt, and blend in lemon juice. Blend in cream.","2. Transfer mixture to a large, nonmetallic bowl. Place chicken in bowl, and turn to coat. Cover, and marinate in fridge for 24 hours.","3. Preheat tandoor or barbecue for high heat, and lightly oil cooking grate. Remove meat from marinade, and thread onto skewers.","4. Brush meat with butter, and arrange skewers on hot grate. Slowly cook the chicken until cooked through."],"nutritionList":["Calories 292.9 kcal","Total Fat 15.6 g","Saturated Fat 8.1 g","Salt 126.7 mg","Protein 33 g"],"serves":"serves: 6","preparationTime":"Ready in  1 hour"}
