{"hash":0,"title":" Fish Soup With Veggies ","description":" This soup makes a great starter for a dinner party. Rich in B-complex vitamins, it is also low in fat and contains a good amount of fibre. Serve with crusty wholewheat rolls. ","ingredients":["pinch of saffron threads","2 tsp extra virgin olive oil","55 g lean smoked back bacon rashers, rinded and chopped","85 g potatoes, scrubbed and finely diced","85 g parsnips, finely diced (optional)","2 celery sticks, finely chopped","85 g onion, finely chopped","1 bay leaf","1 strip of finely pared lemon zest","750 ml fish stock, preferably home-made","250 g skinless fish fillet, cut into bite-sized pieces (I used haddock)","salt and pepper","4 green onions, finely chopped, to garnish"],"directions":["1. Put the saffron threads in a small frying pan over a moderate heat and stir until they just begin to give off their aroma. Immediately tip the saffron threads onto a small plate and set aside.","2. Heat the oil in a large non-stick saucepan, add the bacon and cook over a moderate heat, stirring, for about 2 minutes. Add the potatoes, parsnips, celery and onion, and cook gently for about 1 minute, stirring frequently.","3. Add the saffron threads, bay leaf and lemon zest, and season with salt and pepper to taste. Pour in the stock and slowly bring to the boil. Reduce the heat to moderately low, half cover the pan and simmer, stirring occasionally, for about 8 minutes or until the vegetables are almost tender when pierced with the tip of a knife.","4. Lay the pieces of haddock on top of the vegetables. Reduce the heat to low and cover the pan tightly. Simmer for 7–8 minutes or until the fish will flake easily and all the vegetables are tender. Remove and discard the bay leaf and lemon zest.","5. Ladle the soup into bowls, sprinkle with the chopped green onions and serve immediately."],"nutritionList":["Calories 148 kcal","protein 16 g","Fat 5 g","Saturated Fat 1 g","Carbohydrates 11 g","Sugars 4 g","Fibre 3 g"],"serves":"serves: 4","preparationTime":"Ready in  35 mins"}
