{"hash":0,"title":" Tarte aux Pommes ","description":" Here\u0027s an exotic apple tart that looks like a million bucks and is flavoured with frangipane. A little labour is required but the results are totally worth it! Hope you like it as much as me. ","ingredients":["For the pâte brisée (pastry):","175g plain flour","pinch salt","125g butter","1 egg yolk","3 tablespoons cold water","For the frangipane:","125g butter, softened","100g caster sugar","1 egg, beaten","1 egg yolk","2 tsp Calvados or Kirsch liquor (optional)","2 tablespoons plain flour","100g ground almonds","Additional ingredients:","3 to 4 ripe apples - peeled, cored, halved and thinly sliced","5 tablespoons apricot jam"],"directions":["1. To make the pâte brisée, stir together the flour and salt.","2. Add butter, egg yolk, salt and water and mix until the mixture forms large crumbs. If the crumbs are too dry, add a little more water.","3. Press the crumbs firmly together to make a dough, it should be soft but not sticky. Press the dough into a ball and wrap it in a plastic bag or cling film. Chill for at least 30 minutes or until firm. (The dough can be stored in the fridge for up to 3 days, or frozen.)","4. To make the frangipane, cream together the butter and 100g of sugar in a medium bowl until light and soft. Gradually mix in the egg and the remaining egg yolk one at a time.","5. Then stir in the Calvados or Kirsch. Add 2 tablespoons of flour to the ground almonds, then mix this into the batter. Set aside.","6. Roll the pastry dough out to about a 30cm (12 in) circle on a lightly floured surface. Fold loosely into quarters, and centre the point in a 10 inch tart or pie pan. Unfold dough, and press into the bottom and up the sides. Prick with a fork all over, and flute the edges. Return pastry to the refrigerator to chill until firm.","7. Preheat the oven to 200 C. Place a baking tray inside the oven while it preheats.","8. Spoon the frangipane into the chilled pastry, and spread into an even layer. Arrange the apple slices in an overlapping spiral pattern. Each slice should have one edge pressed into the frangipane until it touches the pastry base, and then overlap the previous slice. Start at the outside edge, and work towards the centre.","9. Place the tart onto the warm baking tray and bake until the frangipane begins to brown (15-20 minutes). Reduce the heat to 180 C and bake for another 15-20 minutes."],"serves":"serves: 8","preparationTime":"Ready in  2 hours 10 mins"}
