{"hash":0,"title":" Dukkah ","description":" A spice blend that is wonderful. The more you eat it the more addictive it becomes. Serve with toasted crusty bread and olive oil. Dip bread into olive oil, then into the hazelnut mixture and enjoy this unique and addictive mix. ","ingredients":["75g (3oz) hazelnuts","75g (3oz) sesame seeds","2 tablespoons coriander seeds","2 tablespoons cumin seeds","2 tablespoons freshly ground black pepper","1 teaspoon coarse sea salt"],"directions":["1. Preheat the oven to 175 degrees C/Gas Mark 4. Place the hazelnuts on a baking tray, and bake for about 5 minutes, or until fragrant. While the nuts are still hot, pour them onto a clean drying cloth. Fold the cloth over them to cover, and rub vigorously to remove the skins. Set aside to cool.","2. In a dry frying pan over medium heat, toast the sesame seeds until light golden brown. Pour into a medium bowl as soon as they are done so they will not continue toasting. In the same frying pan, toast the coriander and cumin seeds while shaking the pan or stirring occasionally until they begin to pop. Transfer to a food processor. Process until finely ground, then pour into the bowl with the sesame seeds.","3. Place the cooled hazelnuts into the food processor, and process until finely ground. Stir into the bowl with the spices. Season with salt and pepper, and mix well."],"nutritionList":["Calories 45.3 kcal","Total Fat 4 g","Saturated Fat 0.4 g","Sodium 97.5 mg","Protein 1.3 g"],"serves":"serves: 24","preparationTime":"Ready in  25 mins"}
