{"hash":0,"title":" Masala Paneer @ Home ","description":" Masala paneer is so easy to make, just drain curd in a muslin potli, mix with your choice of herbs, thyme in this case, and serve with bread and tea. The perfect gourmet snack for your next tete a tete! ","ingredients":["500g thick curd","½ teaspoon salt","3 tablespoons chopped thyme leaves and thyme flowers, if available","1 tablespoon chopped fresh parsley","2 teaspoons finely snipped chives","Black pepper","2-3 small sprigs of thyme (preferably in flower) to garnish"],"directions":["1. Put a 25cm (10in) square of muslin/cheesecloth (or a cotton hanky or dupatta) in a saucepan, add boiling water to cover and return to the boil. Remove from the heat and, when cool enough to handle, squeeze the muslin dry.","2. Put the muslin potli in a pot and refrigerate for 2 days, draining off the whey after about 12 and 24 hours.","3. Turn the cheese out onto a plate and carefully strip off the muslin. (The cheese will keep, wrapped, in the fridge for up to 2 weeks.)","4. When ready to serve, spread the herbs and some pepper out on a sheet of greaseproof paper and gently roll the cheese in them to coat the sides and top.","5. Decorate with thyme sprigs and serve with radishes and namkeen biscuits or on top of bread.","Nutrients per serving"],"nutritionList":["Calories 100 kcal","Carbohydrates 10 g","Sugars 10 g","Protein 7 g","Fat 2 g","Saturated Fat 1 g","Fibre 0 g"],"serves":"serves: 4","preparationTime":"Ready in  2 days 20 mins"}
