{"hash":0,"title":" Oven-Baked Omelette ","description":" Oven-Baked Omelette ","ingredients":["10 eggs","5 tablespoons semi skimmed milk","1/2 teaspoon salt","4 dashes Tabasco Sauce, or to taste","225g (8 oz) bacon, cooked and diced","100g (4 oz) black olives, pitted and chopped","2 plum tomatoes, chopped","4 spring onions, chopped","50g (2 oz) mushrooms, sliced","100g (4 oz) mild Cheddar cheese, grated"],"directions":["1. Preheat oven to 180 C / Gas mark 4. Lightly grease a 20cm square baking dish.","2. In a large bowl, combine eggs and milk. With an electric mixer, beat until frothy. Blend in salt and Tabasco. Stir in bacon, olives, tomatoes, spring onions, mushrooms and cheese. Pour into prepared tin, and cover with lid or aluminium foil.","3. Bake in preheated oven for 40 to 50 minutes, or until eggs are set in the centre."],"nutritionList":["Calories 297.8 kcal","Total Fat 22.3 g","Saturated Fat 8.2 g","Sodium 783.1 mg","Protein 19.5 g"],"serves":"serves: 6","preparationTime":"Ready in  55 mins"}
