{"hash":0,"title":" Adraki Veggie Stir-Fry ","description":" This dish\u0027s great ginger flavour can be tweaked mild or strong. Works well with paneer/tofu over steamed rice. ","ingredients":["1 tablespoon cornflour","1 1/2 cloves garlic, crushed","1 robust knob ginger, chopped","4 tablespoons vegetable oil, divided","1 small broccoli, cut into florets","good handful sweet peas (in pods)","1 carrot, julienned","good handful green beans, trimmed and halved","2 tablespoons soy sauce","2 1/2 tablespoons water","1/2 onion, chopped","1/2 tablespoon salt"],"directions":["1. In a large bowl, blend cornflour, garlic, 1/2 of the ginger and 2 tablespoons vegetable oil until cornflour is dissolved. Mix in broccoli, sweet peas, carrots and green beans, tossing to lightly coat.","2. Heat remaining 2 tablespoons oil in a large frying pan or wok over medium heat. Cook vegetables in oil for 2 minutes, stirring constantly to prevent burning. Stir in soy sauce and water. Mix in onion, salt and remaining ginger. Cook until vegetables are tender but still crisp."],"nutritionList":["Calories 116 kcal","Total Fat 9.3 g","Saturated Fat 1.3 g","Salt 904.8 mg","Protein 2.2 g"],"serves":"serves: 6","preparationTime":"Ready in  40 mins"}
