{"hash":0,"title":" Basic Chicken Stock ","description":" Chicken stock has almost endless uses, from soup bases and gravies to a rich but low fat flavouring for veggies. The stock freezes will in ice cube trays or bags. After trying homemade stock you will never want the shop-bought kind again. ","ingredients":["1.75kg (4 lb) chicken, skin on and bone in","1 large onion, halved","3 carrots, cut into small pieces","3 stalks celery","1 bay leaf","1 small knob root ginger, peeled and chopped","salt to taste"],"directions":["1. Place the chicken in a large stockpot over high heat. Add water to cover and bring to a boil, then reduce heat to medium low and simmer covered for 1 hour.","2. Remove chicken from pot, leaving liquid. Cool chicken. Remove skin and bones from meat. Return bones and skin to pot. Add onion, carrots, celery, bay leaf, ginger and salt. Continue simmering covered for 3 to 4 hours.","3. Strain the stock through a fine sieve; allow to cool uncovered.","4. Use the chicken meat for soups, salads, sandwiches, or any dish that calls for cooked chicken is needed. After skimming the fat from the cooled stock, use or freeze immediately. Freeze in ice cube trays or bags, or in larger amounts in small reclosable freezer bags."],"nutritionList":["Calories 252.5 kcal","Total Fat 14.4 g","Saturated Fat 4.1 g","Sodium 100.2 mg","Protein 26.6 g"],"serves":"serves: 14","preparationTime":"Ready in  5 hours 15 mins"}
