{"hash":0,"title":" Chicken Shawarma ","description":" I\u0027ve grown up eating doner kebabs but these day, I\u0027m loving this authentic Lebanese sandwich. Serve with Tahini sauce. ","ingredients":["For the chicken:","7 tablespoons malt vinegar","4 tablespoons curd","1 tablespoon olive oil","1 teaspoon mixed middle eastern spice","1/4 teaspoon freshly ground cardamom","salt and freshly ground black pepper to taste","8 skinless, boneless chicken breast/thighs","For the tahini sauce:","100g tahini:","4 tablespoons curd","1 clove garlic, minced","2 tablespoons lemon juice","1 tablespoon olive oil","1 tablespoon chopped fresh parsley","salt and freshly ground black pepper to taste","To serve:","4 medium tomatoes, thinly sliced","1 onion, sliced","225g lettuce, shredded","8 pita breads"],"directions":["1. In a glass baking dish, mix together the malt vinegar, curd, olive oil, mixed spice, cardamom, salt and pepper. Place the chicken thighs into the mixture and turn to coat. Cover and marinate in the refrigerator for at least 4 hours or overnight.","2. In a small bowl, mix together the tahini, curd, garlic, lemon juice, olive oil and parsley. Season with salt and pepper, taste, and adjust flavours if desired. Cover and refrigerate.","3. Preheat the oven to 175 C. Cover the chicken with foil and bake in the marinade for 30 minutes, turning once. Uncover, and cook for an additional 5 to 10 minutes, or until chicken is browned and cooked through. Remove from the dish, and cut into thin slices.","4. Place sliced chicken, tomato, onion and lettuce onto pitta breads. Roll up, and top with the tahini sauce."],"nutritionList":["Calories 403.3 kcal","Total Fat 15.3 g","Saturated Fat 2.6 g","Salt 422.4 mg","Protein 23.3 g"],"serves":"serves: 8","preparationTime":"Ready in  8 hours 55 mins"}
