{"hash":0,"title":" Herbed Chicken Salad ","description":" I came up with this as I was trying to use things I had on hand. I have fresh dill growing on my balcony, which was the key inspiration for this gorgeous version of chicken salad. ","ingredients":["120g (4 oz) light mayonnaise","2 tablespoons cider vinegar","2 cloves garlic, crushed","3 tablespoons chopped fresh dill","450g (16 oz) skinless, boneless chicken breast fillets - diced and cooked","1 red pepper, chopped","30g (1 oz) crumbled feta cheese"],"directions":["1. Blend mayonnaise, vinegar, garlic and dill. Refrigerate for several hours or overnight so that flavours meld.","2. Stir together chicken, red pepper and feta and blend with the chilled mayonnaise. Serve as a sandwich filling or over a bed of crisp green salad."],"nutritionList":["Calories 241 kcal","Total Fat 12.9 g","Saturated Fat 2.7 g","Sodium 321.3 mg","Protein 27.7 g"],"serves":"serves: 5","preparationTime":"Ready in  20 mins"}
