{"hash":0,"title":" Dreamy Night time Drink ","description":" Warm milk with honey, vanilla and cinnamon make this a deeply relaxing drink. Just put on Raga Chandrakauns and off you slip into dreamland! ","ingredients":["1 mug of milk","1 tablespoon of honey","a drop of vanilla essence (can add more to taste)","a sprinkle of cinnamon"],"directions":["1. Heat milk in microwave for 3 minutes or until it starts foaming. Add a spoon of honey, vanilla and sprinkle cinnamon, and enjoy!"],"nutritionList":["Calories 152.3 kcal","Protein 8.2 g","Sugars 17.6 g","Total Fat 4.7 g","Saturated Fat 2.9 g","Salt 122.7 mg"],"serves":"serves: 1","preparationTime":"Ready in  4 mins"}
