{"hash":0,"title":" Chicken Stew from Sierra Leone ","description":" This delicious stew is inspired by my friend from Sierra Leone. Many ingredients can be modified. This is kind of a \u0027whatever is in the fridge\u0027 recipe. You can use a whole chicken or turnips, carrots and celery. This looks great served over white rice with a garnish of fresh chopped coriander or unsalted peanuts. ","ingredients":["1 tablespoon olive oil","1 whole chicken, deboned and cut into bite-sized pieces","2 cloves garlic, crushed","1 onion, chopped","1 large potato, diced","1 teaspoon ground cumin","1 teaspoon ground coriander","1 teaspoon ground black pepper","1 teaspoon dried crushed chillies","1 teaspoon salt","250ml (8 fl oz) water","100g (3¾ oz) unsweetened natural-style peanut butter","400g Kabuli chane, soaked overnight and boiled, or tinned, drained and rinsed"],"directions":["1. In a large frying pan with a tight-fitting lid, heat oil over medium high heat. Add chicken and brown quickly. Remove chicken from pan. Reduce heat to medium low and add garlic, onion and potato to the pan; sauté for 2 to 3 minutes. Season with cumin, coriander, black pepper, chillies and salt. Do not let garlic brown.","2. Mix in water and browned chicken, and any accumulated juices. Place lid on frying pan and simmer, stirring occasionally, for 10 to 15 minutes.","3. Remove lid and stir in the peanut butter and chickpeas. Ensure the peanut butter is blended in. Replace lid to simmer for 10 more minutes or until chicken is cooked through and potatoes are tender. Remove from heat, adjust seasoning and serve."],"nutritionList":["Calories 644.9 kcal","Protein 44.9 g","Sugars 7.1 g","Total Fat 36.3 g","Saturated Fat 7.2 g","Salt 694.6 mg"],"serves":"serves: 6","preparationTime":"Ready in  45 mins"}
