{"hash":0,"title":" Dark Polenta Loaf ","description":" Treacle and polenta distinguish this dark, sweet bread. It\u0027s best when hot out of the oven or toasted. ","ingredients":["100ml water","30g polenta","30g butter","100ml treacle","1 (7g) sachet dried active baking yeast","100ml warm water (45 C)","375g plain flour, divided","1 teaspoon salt"],"directions":["1. Place water and polenta in a small saucepan. Bring to the boil over medium heat, stirring occasionally. Cook until mixture thickens; about 5 minutes. Remove from heat and stir in the butter and treacle. Let cool to lukewarm.","2. In a small mixing bowl, dissolve yeast in warm water. Let sit until creamy; about 10 minutes.","3. In a large mixing bowl, combine the cooled polenta mixture with the yeast mixture; stir until well blended. Add about half the flour and the salt; mix well. Add the remaining flour, a little at a time, stirring well after each addition. When the dough has pulled together, turn it out onto a lightly floured surface and knead until smooth and elastic, about 8 minutes.","4. Lightly oil a large mixing bowl, place the dough in the bowl and turn to coat with oil. Cover with a damp cloth and put in a warm place to rise until doubled in volume, about 1 hour.","5. Preheat oven to 190 C / Gas mark 5.","6. Deflate the dough and turn it out onto a lightly floured surface and form into a loaf. Place the loaf in a lightly greased 23x12cm (9x5 in) loaf tin. Cover with a damp cloth and let rise until doubled in volume, about 40 minutes.","7. Bake in preheated oven for about 30 minutes or until the top is golden brown and the bottom of the loaf sounds hollow when tapped."],"nutritionList":["Calories 142.4 kcal","Calories from Fat 17 kcal","Fat 1.9 g","Saturated Fat 1 g","Cholesterol 4.1 mg","Sodium 176.6 mg","Potassium 202.5 mg","Carbohydrates 28.3 g","Dietary Fibre 0.9 g","Protein 2.9 g","Sugars 7 g","Vitamin A 20.1 mcg","Vitamin C 0 mg","Calcium 27.4 mg","Iron 1.8 mg","Thiamin 0.2 mg","Niacin Equivalents 1.9 mg","Vitamin B6 0.1 mg","Magnesium 35.2 mg","Folate 50 mcg"],"serves":"serves: 15","preparationTime":"Ready in  2 hours 15 mins"}
