{"hash":0,"title":" Spicy cod with chickpeas and spinach ","description":" Succulent chunks of creamy white cod, gently cooked in an aromatic, slightly spicy sauce with a colourful mix of vegetables and chickpeas, makes a satisfying, yet low-fat meal. If liked, serve with French bread. ","ingredients":["2 tbsp olive oil","1 onion, finely chopped","1 green chilli, deseeded and finely chopped","2 carrots, peeled and diced","2 celery sticks, diced","40g fresh root ginger, peeled and finely chopped","2 garlic cloves, crushed","6 green cardamom pods, seeds only","1 tsp ground turmeric","500ml fish, chicken or vegetable stock, hot","400g can chickpeas, drained and rinsed","500g tomatoes, skinned and quartered","150g frozen peas","600g skinless thick cod fillet, cut into chunks","250g baby spinach leaves"],"directions":["1. Heat the oil in a large, deep frying pan. Add the onion, chilli, carrots, celery, ginger, garlic and cardamom seeds. Stir well, then cover the pan and cook over a moderate heat for 5 minutes or until the onions are slightly softened.","2. Stir in the turmeric, then pour in the stock and bring to the boil. Reduce the heat, cover and simmer for 10 minutes or until the vegetables are tender.","3. Add the chickpeas, followed by the tomatoes, peas and cod. Mix in gently, taking care not to break up the fish. Bring back to a simmer. When the stock is bubbling gently, pile the spinach on top – there\u0027s no need to stir it in – and cover the pan. Cook for 5 minutes or until the chunks of fish are white and firm, and the spinach has just wilted.","4. Use a fork to combine the spinach gently with the fish and vegetables. Ladle the mixture into shallow bowls and serve at once."],"nutritionList":["Calories 342 kcal","Protein 38 g","Fat 10 g","Saturates 1.5 g","Carbohydrates 27 g","Sugars 13 g","Fibre 9 g","Sodium 357 mg","Vegetables 350 g"],"serves":"serves: 4","preparationTime":"Ready in  40 mins"}
