{"hash":0,"title":" Crispy Vegetable Pakoras ","description":" Serve with a spicy chilli or minty yoghurt sauce. Try other vegetables too, such as sweet potatoes, broccoli and asparagus. You can also use paneer. ","ingredients":["75g (3 oz) chickpea (gram) flour","1/2 teaspoon ground coriander","1 teaspoon salt","1/2 teaspoon ground turmeric","1/2 teaspoon chilli powder","1/2 teaspoon garam masala","2 cloves garlic, crushed","175ml (6 fl oz) water","oil for deep frying","1/2 head cauliflower, cut into florets","2 onions, sliced into rings"],"directions":["1. Sift the chickpea flour into a medium bowl. Mix in the coriander, salt, turmeric, chilli powder, garam masala and garlic.","2. Make a well in the centre of the flour. Gradually pour the water into the well and mix to form a thick, smooth batter.","3. Over medium high heat in a large, heavy saucepan, heat the oil to 190 C.","4. Coat the cauliflower and onions in the batter and fry them in small batches until golden brown, about 4 to 5 minutes. Drain on kitchen roll before serving."],"nutritionList":["Calories 211.5 kcal","Calories from Fat 142.9 kcal","Fat 15.9 g","Carbohydrates 14.9 g","Dietary Fibre 2.6 g","Protein 4.4 g","Calcium 37.7 mg","Iron 1.5 mg","Niacin Equivalents 1.2 mg","Magnesium 28.4 mg"],"serves":"serves: 6","preparationTime":"Ready in  25 mins"}
