{"hash":0,"title":" Greek Pizza ","description":" If you have a ready made pizza base, you can make this Mediterranean pizza in just 20 mins! An unforgettable dish for casual dinner or a gourmet kids party! ","ingredients":["2 tbsp olive oil (from the jar of sun-dried tomatoes)","1 tsp balsamic vinegar","1 small red onion, thinly sliced","1 large, thin and crispy ready-made pizza base, about 265g, or 2 x 150g pizza bases","3 tbsp sun-dried tomato paste","8 cherry tomatoes, halved","50g sun-dried tomatoes in oil, cut into thin slices","12 stoned black or green olives","150g feta cheese, crumbled"],"directions":["1. Preheat the oven to 220°C. Whisk 1 tbsp oil and the vinegar in a bowl, add the onion rings and toss to coat. Leave while you prepare the remaining ingredients (the marinade helps to soften the onion and mellows the flavour a little).","2. Spread the pizza base with the sun-dried tomato paste. Arrange the onion rings and cherry tomatoes on top, then scatter with the sun-dried tomato slices, olives and feta cheese. Drizzle the remaining oil over the pizza.","3. Put the pizza directly on to the top shelf of the oven, putting a baking sheet on the shelf below to catch any drips. Bake for 10 minutes or until the base is crisp and the topping lightly browned. Season with ground black pepper. Cut into wedges and serve."],"nutritionList":["Calories 429 kcal","protein 13 g","Fat 24 g","Saturates 7 g","Carbohydrates 44 g"],"serves":"serves: 4","preparationTime":"Ready in  20 mins"}
