{"hash":0,"title":" Sunshine In Cup Smoothie ","description":" This is such a bright, tasty drink that it can cheer you up even on the most gloomy, sun less day! ","ingredients":["1 mango - peeled, seeded, and cut into chunks","1 banana, peeled and chopped","1 cup orange juice","1 cup vanilla flavoured curd"],"directions":["1. Place mango, banana, orange juice, and yogurt in a blender. Blend until smooth. Serve in clear glasses, and drink with a bendy straw!"],"serves":"serves: 2","preparationTime":"Ready in  15 mins"}
