{"hash":0,"title":" Chicken, Olive Mediterranean Salad ","description":" Chorizo sausage, red capsicum, sun dried tomatoes, olives and herbs combine into a classic dish, well loved from Spain to Mexico. Feel free to use sausage of choice if you can\u0027t find chorizo. ","ingredients":["2 tbsp olive oil","2 onions, roughly chopped","2 garlic cloves, crushed","1 tbsp chopped fresh rosemary","40g chorizo sausage, skinned and diced","2 large red capsicum peppers, deseeded and roughly chopped","40g sun-dried tomatoes, roughly chopped","400g can chopped tomatoes","3 tbsp white wine","4 skinless chicken breast fillets or large thighs, about 450g in total","50g stoned olives (black, green or a mixture)"],"directions":["1. Heat the oil in a deep frying pan. Add the onions, garlic and rosemary and cook gently, stirring frequently, for about 15 minutes until soft and golden.","2. Add the chorizo sausage and red capsicum peppers and cook over a moderate heat, stirring frequently, for a couple of minutes or until the sausage turns slightly golden.","3. Add the sun-dried tomatoes, the canned tomatoes with their juice, and the wine. Season with freshly ground black pepper (salt should not be needed because of the salt in the sausage, canned tomatoes and olives), then stir well and bring to a simmer.","4. Add the chicken and stir to coat with the sauce. Bring to the boil, then reduce the heat so the sauce simmers. Cover and cook for 25–30 minutes until the chicken is tender and the sauce is thick. (Prepare ahead up to this stage, if more convenient. Keep chilled or freeze, then reheat thoroughly.)","5. Just before serving, stir in the olives and heat through."],"nutritionList":["Calories 293 kcal","Protein 32 g","Fat 11 g","Saturates 2 g","Carbohydrates 15 g","Sugars 13 g","Fibre 4 g","Sodium 452 mg","Vegetables 280 g"],"serves":"serves: 4","preparationTime":"Ready in  1 hour"}
