{"hash":0,"title":" Toulouse sausages with Puy lentils and golden mash ","description":" This easy recipe turns just a few simple ingredients into the most satisfying and well-balanced midweek supper. Serve with thickly sliced crusty bread and a peppery rocket or watercress salad. ","ingredients":["170 g (6 oz) Puy lentils","750 ml (1 1/4 pints) chicken stock","1 large onion, roughly chopped","600 g (1 lb 5 oz) potatoes, peeled and quartered","300 g (10½ oz) butternut squash, peeled, seeded and chopped","4 Toulouse sausages, about 280 g (10 oz) in total","1 can chopped tomatoes, about 400 g","3 tbsp semi-skimmed milk","salt and pepper","To serve:","4 tsp balsamic vinegar","3 tbsp chopped fresh flat-leaf parsley"],"directions":["1. Preheat the grill. Rinse the lentils and place them in a saucepan with 600 ml (1 pint) of the stock and the chopped onion. Bring to the boil, then reduce the heat, cover and simmer for 25 minutes.","2. Meanwhile, cook the potatoes in a large saucepan of boiling water for 10 minutes. Add the butternut squash and continue cooking for 10 minutes or until both the squash and potatoes are tender.","3. While the lentils, potatoes and squash are cooking, grill the sausages for 15 minutes, turning them several times so they brown evenly.","4. Slice the sausages thickly and add them to the lentils, together with the tomatoes and their juice. If the lentils have absorbed all the liquid, add the remaining stock. Cover and cook for a further 10 minutes.","5. Drain the potatoes and squash and mash them with the milk. Season with salt and pepper to taste. Spoon onto plates and top with the sausages and lentils. Drizzle over the vinegar and sprinkle with the chopped parsley. Serve immediately."],"nutritionList":["Calories 520 kcal","Protein 23 g","Fat 18 g","Saturated Fat 7 g","Carbohydrates 67 g","Sugars 11 g","Fibre 9 g"],"serves":"serves: 4","preparationTime":"Ready in  1 hour"}
