{"hash":0,"title":" Chai Latte ","description":" This is a cheat\u0027s chai tea - rather than making the tea and spice blend yourself, use your favourite brand of tea and then embellish it a little. ","ingredients":["1 chai tea bag","200ml (7 fl oz) boiling water","2 tablespoons goats\u0027 milk","1 tablespoon demerara sugar","1 pinch ground cardamom"],"directions":["1. Place the tea bag in a large mug and pour in the boiling water. Steep for 2 to 3 minutes. Stir in the goats milk and sugar. Garnish with a pinch of cardamom."],"nutritionList":["Calories 75.9 kcal","Total Fat 1.3 g","Saturated Fat 0.8 g","Sodium 21.8 mg","Protein 1.2 g"],"serves":"serves: 1","preparationTime":"Ready in  2 mins"}
