{"hash":0,"title":" Swordfish with salsa dressing ","description":" Orange juice adds a refreshing note to the salsa-style tomato and pepper dressing for this vibrant-looking salad. As the dressing can be made well in advance and the swordfish steaks take only minutes to cook, this is a very quick dish to prepare, ideal when you are entertaining. Serve with lots of sesame breadsticks or crusty wholegrain bread. ","ingredients":["4 swordfish steaks, about 1 cm (½ in) thick, 140 g (5 oz) each","1½ tsp extra virgin olive oil","250 g (8½ oz) baby spinach leaves","2 courgettes, coarsely grated","1 tbsp chopped parsley","Tomato salsa dressing","1 large orange","600 g (1 lb 5 oz) ripe tomatoes, seeded and cut into 5 mm (¼ in) dice","4 large spring onions, green parts only, finely chopped","1 orange pepper, seeded and cut into 5 mm (¼ in) dice","1 yellow pepper, seeded and cut into 5 mm (¼ in) dice","1 tsp ground cumin, or to taste","1 tbsp extra virgin olive oil","1 fresh green chilli, seeded and finely chopped","salt and pepper","2 tbsp finely chopped fresh coriander"],"directions":["1. Prepare the salsa dressing at least 20 minutes (or up to 8 hours) before serving. Finely grate the zest from the orange and squeeze out 4 tbsp juice. Put the zest and juice in a large mixing bowl and add the tomatoes, spring onions, peppers, cumin, olive oil and chilli. Season to taste. Stir, then cover and chill.","2. Preheat the grill to high. Lightly brush the swordfish steaks with some of the olive oil and place on the grill rack. Grill, about 7.5 cm (3 in) from the heat, for 2½ minutes. Turn the swordfish steaks over, brush with the rest of the olive oil and grill for a further 2½–3 minutes or until the edges are lightly charred and the flesh is just firm. Don\u0027t overcook or the swordfish will be tough and dry. Remove from the heat and set aside to cool slightly.","3. Meanwhile, put the spinach leaves, courgettes and parsley in a bowl and toss to mix. Divide among 4 plates.","4. Stir the coriander into the dressing. Break the swordfish into bite-sized pieces, add to the dressing and gently mix in, taking care not to break up the fish. Spoon the dressed fish on top of the spinach salad and serve."],"nutritionList":["Calories 280 kcal","protein 31 g","Fat 11 g","Saturated Fat 2 g","Carbohydrates 16 g","Sugars 15 g","Fibre 6 g"],"serves":"serves: 4","preparationTime":"Ready in  1 hour 10 mins"}
