{"hash":0,"title":" Beef in red wine ","description":" Long, slow cooking gives this traditional casserole its inimitable flavour. The cooking liquid is reduced simply by removing the casserole lid, resulting in a wonderfully aromatic sauce that glazes the meat and vegetables. Flambéing with brandy brings the cooking to a spectacular finale. Serve with boiled or mashed potatoes. ","ingredients":["2 tbsp sunflower oil","1 large onion, sliced","450 g (1 lb) lean stewing beef, cubed","250 g (8½ oz) baby carrots","250 g (8½ oz) baby parsnips","250 g (8½ oz) button mushrooms","1 garlic clove, finely chopped","1 bottle full-bodied red wine","grated zest and juice of 1 orange","1 sprig of fresh thyme","1 sprig of fresh rosemary","1 bay leaf","200 g (7 oz) shelled fresh broad beans, or frozen broad beans, thawed","salt and pepper","To finish","2 tbsp chopped parsley","3 tbsp brandy"],"directions":["1. Preheat the oven to 150ºC (300ºF, gas mark 2). Heat the oil in a large flameproof casserole. Add the onion and cook over a moderately-high heat for 5 minutes or until softened and beginning to brown. Add the beef and fry for about 5 minutes, stirring frequently, until the pieces of meat are browned on all sides. Stir in the carrots, parsnips, mushrooms and garlic.","2. Pour in the wine, then stir in the orange zest and juice, thyme, rosemary, bay leaf, and some salt and pepper. Bring to the boil, then cover the casserole and transfer it to the oven. Cook for 1 1/4 hours.","3. Remove the lid and cook the casserole for a further 30 minutes, stirring once or twice. Stir in the broad beans and cook, uncovered, for another 30 minutes, again stirring once or twice.","4. Taste and adjust the seasoning, and stir in the parsley. Warm the brandy in a small saucepan and pour it over the casserole. Immediately set the brandy alight and carry the casserole to the table while still flaming."],"nutritionList":["Calories 390 kcal","Protein 32 g","Fat 13 g","Saturated Fat 4 g","Carbohydrates 22 g","Sugars 13 g","Fibre 9 g"],"serves":"serves: 4","preparationTime":"Ready in  2 hours 50 mins"}
