{"hash":0,"title":" Yum Pizza Bites ","description":" Freshly baked personal-sized pizzas, loaded with fresh tomato slices and topped up with cheeses, olives and fresh herbs. A delicious way to welcome your guests! ","ingredients":["350g white flour","1 tsp caster sugar","7g easy-blend dried yeast","225ml lukewarm water","1 tbsp extra virgin olive oil","pepper to taste","350g cherry tomatoes","115g fontina or cheddar cheese, grated","3 tbsp freshly grated parmesan cheese","12 kalamata olives, pitted and cut into slivers","fresh oregano leaves"],"directions":["1. Mix 115g (4oz) of the flour, the sugar and yeast in a bowl. Stir in the water and oil until blended. Put 200g (7oz) of the remaining flour in a food processor and add the yeast mixture and pulse until blended. With the motor running, add the remaining flour, 1 tablespoon at a time, until a soft dough forms (you will need to process for about 2 minutes).","2. Dust a work surface lightly with flour. Turn out the dough and knead for 1–2 minutes or until smooth. Shape into a ball. Cover with a clean tea towel and rest for 10 minutes.","3. Preheat the oven to 230°C (450°F, gas mark 8). Line two baking trays with baking parchment. Divide the dough into four pieces. Wrap three in cling film and refrigerate. Cut the remaining dough into 12 equal pieces and shape each into a 4cm (1½in) ball. Arrange on the baking trays and flatten into 7.5cm (3in) rounds. Lightly coat with cooking spray or brush with a little olive oil.","4. Thinly slice the tomatoes. Top each pizza with 2 or 3 slices of tomato, then sprinkle each with 1 teaspoon fontina or Cheddar, a little Parmesan, a few olive slivers and oregano leaves and pepper to taste. Bake for about 10 minutes or until bubbly and the bases are golden. Serve hot. Repeat with the remaining dough to make more pizza bites."],"nutritionList":["Calories 85 kcal","Fat 3 g","protein 3.5 g","Saturated Fat 2 g","Carbohydrates 11 g","Sodium 60 mg","Salt 0.15 g","Fibre 0.6 g"],"serves":"serves: 48","preparationTime":"Ready in  50 mins"}
