{"hash":0,"title":" Corn Bread ","description":" This famous bread is great dunked into soups and stews or with just warm butter melted on top. It\u0027s healthy, filling and delicious, a real treat from the American heartland. ","ingredients":["1 fresh corn-on-the-cob, or 70g frozen sweetcorn kernels, thawed","140g plain flour","100g cornmeal (maize meal) or polenta","1 tbsp baking powder","150ml semi-skimmed milk","4 tbsp olive oil","1 egg","1 tbsp clear honey"],"directions":["1. Preheat the oven to 220°C. Lightly coat an 18cm (7in) square baking tin that is 5cm (2in) deep with a teaspoon of olive oil. If using fresh corn-on-the-cob, remove the kernels using a sharp knife. Set aside.","2. In a medium bowl, thoroughly mix together the flour, cornmeal and baking powder. In a small bowl, combine the sweetcorn, milk, oil, egg and honey, and beat well to mix.","3. Pour the egg mixture into the flour and cornmeal mixture. Quickly and thoroughly mix together. Pour into the baking tin, scraping any mixture from the sides of the bowl into the tin. Spread the mixture evenly with a spatula.","4. Bake for 20–25 minutes or until lightly browned and a knife inserted in the centre comes out clean. Cut into 4.5cm (1¾in) squares and serve straightaway."],"nutritionList":["Calories 100 kcal","Fat 4 g","protein 2.5 g","Saturated Fat 0.5 g","Carbohydrates 14 g","Sodium 120 mg","Salt 0.3 g","Fibre 0.5 g"],"serves":"serves: 16","preparationTime":"Ready in  30 mins"}
