{"hash":0,"title":" Butter and Garlic Prawns ","description":" Prawns cooked in butter, garlic, lemon juice and parsley are even better with the help of Dijon mustard. Serve with fresh crusty bread. ","ingredients":["250g (9 oz) butter","2 tablespoons Dijon mustard","juice of half a lemon","2 cloves garlic, chopped","half a bunch fresh parsley, chopped","1kg (2 lb) medium fresh prawns - shells removed with tails attached, and deveined"],"directions":["1. Preheat oven to 230 C / Gas mark 8.","2. In a small saucepan over medium heat, combine the butter, mustard, lemon juice, garlic and parsley. When the butter melts completely, remove from heat.","3. Arrange prawns in a shallow baking dish. Pour the butter mixture over the prawns.","4. Bake in preheated oven for 12 to 15 minutes or until the prawns are pink and opaque."],"nutritionList":["Calories 393 kcal","Total Fat 32.6 g","Saturated Fat 19.1 g","Sodium 706.7 mg","Protein 26.1 g"],"serves":"serves: 6","preparationTime":"Ready in  30 mins"}
