{"hash":0,"title":" Egg and Salsa Breakfast Tostada ","description":" Tostada is Spanish for \u0027toasted\u0027 - and in Latin American cuisine tostadas refer to dishes that feature a toasted or deep fried tortilla. Corn tortillas are typically used, but you can use flour ones also. ","ingredients":["4 egg whites","50g (2 oz) grated half fat Cheddar cheese","100ml (4 fl oz) salsa","1 wholemeal tortilla","salt and freshly ground black pepper to taste"],"directions":["1. In a medium bowl, beat together egg whites, half the Cheddar cheese and half the salsa.","2. In a medium frying pan over medium-high heat, brown both sides of the tortilla. Remove from heat.","3. In the same frying pan over medium-high heat, scramble the egg white mixture until no longer runny.","4. Top tortilla with the scrambled egg mixture, remaining cheese and remaining salsa. Season with salt and pepper."],"nutritionList":["Calories 363.8 kcal","Calories from Fat 47.5 kcal","Fat 5.3 g","Saturated Fat 2.7 g","Cholesterol 11.9 mg","Sodium 1508.3 mg","Potassium 685.9 mg","Carbohydrates 55.1 g","Dietary Fibre 6.3 g","Protein 36 g","Vitamin A 273.6 mcg","Vitamin C 18 mg","Calcium 304 mg","Iron 3.2 mg","Niacin Equivalents 9 mg","Vitamin B6 0.3 mg","Magnesium 97.5 mg","Folate 49.7 mcg"],"serves":"serves: 1","preparationTime":"Ready in  25 mins"}
