{"hash":0,"title":" Tomato and crab soup ","description":" Forget about fiddly and time-consuming crab preparation. Just buy a ready-prepared fresh crab, presented in the body shell, and make this quick and easy soup that captures all the flavours of the sea. Serve it as a starter for 4, or as a light lunch dish for 2, with toasted ciabatta or Granary bread for dunking. ","ingredients":["15 g (½ oz) butter","2 tsp extra virgin olive oil","1 large onion, finely chopped","400 g (14 oz) potatoes, peeled and finely diced","340 g (12 oz) ripe tomatoes, skinned, seeded and diced","2 anchovy fillets, drained and chopped","600 ml (1 pint) fish stock, preferably home-made","200 ml (7 fl oz) dry white wine","1 tbsp tomato purée","200 g (7 oz) fresh crab meat (brown and white)","150 ml (5 fl oz) semi-skimmed milk","salt and pepper","To garnish","3 tbsp soured cream","2 anchovy fillets, drained and cut into thin strips","paprika"],"directions":["1. Heat the butter and oil in a large saucepan. Add the onion and potatoes and cook over a moderate heat, stirring, for 5 minutes or until the onion is softened.","2. Stir in the tomatoes and chopped anchovies, then add the stock, wine and tomato purée. Season with salt and pepper to taste. Bring to the boil, then cover and simmer for 15 minutes, stirring occasionally.","3. Add half of the white crab meat and all the brown meat to the pan and stir in the milk. Cover again and simmer gently for 10 minutes.","4. Ladle the soup into soup bowls and swirl the soured cream over the top. Garnish with the remaining white crab meat, strips of anchovy and a sprinkling of paprika. Serve hot."],"nutritionList":["Calories 265 kcal","protein 9 g","Fat 10 g","Saturated Fat 4.5 g","Carbohydrates 3 g","Sugars 10 g","Fibre 3 g"],"serves":"serves: 4","preparationTime":"Ready in  45 mins"}
