{"hash":0,"title":" Date and walnut cake ","description":" This old-fashioned favourite is proof that you don’t need to invent new recipes in order to eat healthily. Despite being very low in fat it has a lovely light, moist texture, thanks to the dried dates, and makes a pleasant alternative to a conventional fruited cake. It’s delightfully easy to make, and keeps well too. ","ingredients":["200 g (7 oz) stoned dried dates, chopped","30 g (1 oz) unsalted butter","1 tsp bicarbonate of soda","240 ml (8 fl oz) boiling water","140 g (5 oz) light muscovado sugar","2 eggs","280 g (10 oz) plain flour","2 tsp baking powder","1½ tsp ground mixed spice","pinch of salt","115 g (4 oz) walnuts, chopped"],"directions":["1. Place the dates in a bowl with the butter and bicarbonate of soda. Pour over the boiling water and stir until the butter has melted. Set aside to cool.","2. Preheat the oven to 180ºC (350ºF, gas mark 4). Lightly grease an 18 cm (7 in) round deep cake tin and line the bottom with baking parchment.","3. Place the sugar and eggs in a large bowl and beat well to combine. Add the cooled date mixture, then sift in the flour, baking powder, mixed spice and salt. Add the walnuts and stir together until thoroughly mixed.","4. Pour the mixture into the prepared tin and level the top. Bake for 1–1 1/4 hours or until the cake is risen and nicely browned and a skewer inserted in the centre comes out clean.","5. Turn out onto a wire rack and leave to cool. The cake can be kept, wrapped in foil or stored in an airtight container, for up to 5 days."],"nutritionList":["Calories 295 kcal","Protein 8 g","Fat 12 g","Saturated Fat 2 g","Carbohydrates 43 g","Sugars 21 g","Fibre 1 g"],"serves":"serves: 10","preparationTime":"Ready in  1 hour 35 mins"}
