{"hash":0,"title":" Chunky Cranberry Sauce ","description":" This is a chunky cranberry sauce with apple, sultanas and spices. I suppose it\u0027s more like a chutney, but either way it\u0027s great with leftover turkey on Boxing Day. ","ingredients":["225ml (8 fl oz) water","150g (5 oz) caster sugar","350g (12 oz) fresh cranberries","1 large apple - peeled, cored and diced","7 tablespoons cider vinegar","75g (3 oz) sultanas","1/2 teaspoon ground cinnamon","1/4 teaspoon ground ginger","1/4 teaspoon ground allspice","1/8 teaspoon ground cloves"],"directions":["1. In a medium saucepan, combine the water and sugar. Bring mixture to a boil over medium heat. Add the cranberries, apple, cider vinegar, sultanas and spices. Bring to a boil, then simmer gently for 10 minutes, stirring often.","2. Pour mixture into a mixing bowl. Place cling film or greaseproof paper directly on the surface of the sauce. Cool to room temperature and serve, or cover and refrigerate. Bring sauce to room temperature before serving."],"nutritionList":["Calories 53 kcal","Calories from Fat 0.7 kcal","Fat 0.1 g","Saturated Fat 0 g","Cholesterol 0 mg","Sodium 1.2 mg","Potassium 53.4 mg","Carbohydrates 13.9 g","Dietary Fibre 1.1 g","Protein 0.2 g","Vitamin A 3.6 mcg","Vitamin C 2.8 mg","Calcium 5 mg","Iron 0.2 mg","Thiamin 0 mg","Niacin Equivalents 0.1 mg","Vitamin B6 0 mg","Magnesium 3.9 mg","Folate 0.6 mcg"],"serves":"serves: 20","preparationTime":"Ready in  25 mins"}
