{"hash":0,"title":" Quark citrus soufflés ","description":" These deliciously light, individual citrus soufflés will be a tempting and refreshing end to any meal. Quark cheese is low in fat and provides valuable nutrients such as calcium without adding too many calories. The accompanying strawberry coulis looks pretty and complements the soufflés perfectly, as well as contributing vitamin C. ","ingredients":["15 g (½ oz) unsalted butter, melted","115 g (4 oz) caster sugar","4 eggs, separated","30 g (1 oz) cornflour","250 g (8½ oz) quark cheese","finely grated zest of 1 lime","finely grated zest of 1 small orange","sifted icing sugar to dust","Strawberry coulis","300 g (10½ oz) ripe strawberries, halved","2 tsp icing sugar, or to taste, sifted","dash of liqueur, such as kirsch (optional)"],"directions":["1. Preheat the oven to 190ºC (375ºF, gas mark 5). Brush 6 individual 200 ml (7 fl oz) soufflé dishes with the melted butter, then coat with caster sugar, using 30 g (1 oz) sugar in total. Set the dishes aside.","2. Put the egg yolks, 30 g (1 oz) of the caster sugar and the cornflour in a bowl and whisk together until creamy. Add the quark and the lime and orange zests, and whisk until thoroughly mixed.","3. In a clean mixing bowl, whisk the egg whites until stiff. Gradually whisk in the remaining 55 g (2 oz) caster sugar. Carefully fold the whisked egg whites into the quark mixture.","4. Spoon the mixture into the prepared soufflé dishes and set them on a baking sheet. Bake for 15–20 minutes or until well risen and golden brown.","5. Meanwhile, make the strawberry coulis. Purée the strawberries in a blender or food processor until smooth. Sweeten with the icing sugar, then stir in the liqueur, if using.","6. Serve the hot soufflés straight from the oven, dusted with a little icing sugar and with the coulis alongside."],"nutritionList":["Calories 221 kcal","protein 12 g","Fat 7 g","Saturated Fat 2 g","Carbohydrates 31 g","Sugars 27 g","Fibre 0.5 g"],"serves":"serves: 6","preparationTime":"Ready in  50 mins"}
