{"hash":0,"title":" Avocado, Tomato and Pepper Salad ","description":" This is a healthy, colourful chopped summer salad, featuring the fresh flavours of avocado, tomato and green pepper. It\u0027s practically a salsa - make sure to use large, ripe avocados. ","ingredients":["2 avocados - stone removed, peeled and diced","1 red onion, chopped","1 green pepper, chopped","1 large ripe tomato, chopped","half a bunch chopped fresh coriander","1/2 lime, juiced","salt and freshly ground black pepper to taste"],"directions":["1. In a medium bowl, combine avocados, onion, pepper, tomato, coriander and lime juice. Gently toss until evenly coated. Season with salt and pepper."],"nutritionList":["Calories 128.7 kcal","Total Fat 10.5 g","Saturated Fat 1.7 g","Sodium 11.4 mg","Protein 2.1 g","Sugars 3.2 g"],"serves":"serves: 6","preparationTime":"Ready in  10 mins"}
