{"hash":0,"title":" Turkey chilli soup with salsa ","description":" This colourful soup is inspired by the spicy and complex flavours of chilli con carne. Full of delicious vegetables and served with tortillas and a refreshing salsa, it makes a healthy main course that is fun to eat. ","ingredients":["2 tsp extra virgin olive oil","450 g (1 lb) minced turkey","1 onion, finely chopped","2 celery sticks, finely chopped","1 red or yellow pepper, seeded and finely chopped","3 garlic cloves, finely chopped","1 can chopped tomatoes, about 400 g","1 litre (1¾ pints) turkey or chicken stock, preferably home-made","¼ tsp ground coriander","¼ tsp ground cumin","¼ tsp dried oregano","½ tsp chilli powder, or to taste","200 g (7 oz) courgettes, diced","150 g (5½ oz) fresh or frozen sweetcorn, thawed if necessary","1 can borlotti or kidney beans, about 400 g, drained and rinsed","salt and pepper","12 flour tortillas to serve (1 packet, about 312 g)","Avocado salsa","2 tbsp fresh lime juice","2 avocados","100 g (3 1/2 oz) cherry tomatoes, quartered","6 spring onions, finely chopped","50 g (1 3/4 oz) rocket, chopped"],"directions":["1. Heat the oil in a large saucepan over a high heat. Add the turkey and cook for about 4 minutes, stirring occasionally, until lightly browned. Reduce the heat to moderate and add the onion, celery, pepper and garlic. Continue cooking, stirring often, for about 2 minutes or until the onion begins to soften. Stir in the tomatoes with the juice from the can, the stock, coriander, cumin, oregano and chilli powder. Bring to the boil, then reduce the heat to low, cover the pan and simmer for 20 minutes.","2. Preheat the oven to 160ºC (325ºF, gas mark 3). Add the courgettes, sweetcorn and borlotti or kidney beans to the soup. Bring back to the boil, then reduce the heat to low and cover the pan again. Simmer the soup for a further 10 minutes or until the courgettes are just tender.","3. Meanwhile, wrap the stack of tortillas tightly in foil and heat in the oven for about 10 minutes or until warmed through and soft.","4. To make the salsa, place the lime juice in a bowl. Halve, stone, peel and dice the avocados, then add to the bowl and toss them in the lime juice. Gently mix in the tomatoes, spring onions and rocket, adding seasoning to taste. Take care not to break up the diced avocados.","5. Season the soup with a little salt and pepper to taste. Ladle the soup into warm bowls and serve. Spoon the salsa on top of the soup or eat it, wrapped in the warm tortillas, as an accompaniment."],"nutritionList":["Calories 400 kcal","protein 28 g","Fat 11 g","Saturated Fat 2 g","Carbohydrates 51 g","Sugars 10 g","Fibre 8 g"],"serves":"serves: 6","preparationTime":"Ready in  1 hour 25 mins"}
