{"hash":0,"title":" Yum Japanese Dipping Sauce ","description":" This is a Japanese recipe for a versatile dipping sauce. This is one serving - make as much as you need. ","ingredients":["1 tablespoon soya sauce","1 tablespoon rice vinegar","1/4 teaspoon chilli oil, or to taste"],"directions":["1. In a small bowl, stir together the soy sauce and rice vinegar. Drip in the chilli oil to taste. Stir with chopsticks, and dip away!"],"nutritionList":["Calories 16.6 kcal","Total Fat 0.9 g","Saturated Fat 0.1 g","Salt 914.4 mg","Protein 0.8 g","Sugars 0.6 g"],"serves":"serves: 1","preparationTime":"Ready in  12 mins"}
