{"hash":0,"title":" Sweet and Tart Strawberry Salad ","description":" This is a delightful and unusual strawberry salad. Pepper and vinegar enhance the sweetness of fresh, in-season strawberries. ","ingredients":["800g (1 1/2 lb) fresh strawberries, rinsed and sliced","2 1/2 tablespoons dark brown soft sugar","1 tablespoon balsamic vinegar","1/4 teaspoon freshly ground black pepper"],"directions":["1. In a large bowl, toss berries with sugar and let stand at room temperature for 10 minutes.","2. In a small bowl, combine the vinegar and pepper. Pour over berries and toss to coat. Divide berries among 4 serving bowls and serve. Enjoy!"],"nutritionList":["Calories 85.7 kcal","Total Fat 0.6 g","Saturated Fat 0 g","Sodium 6 mg","Protein 1.1 g"],"serves":"serves: 4","preparationTime":"Ready in  15 mins"}
