{"hash":0,"title":" Best Italian Pasta Sauce ","description":" The secret ingredient in this pasta sauce is bicarbonate of soda - but do not taste the sauce right after adding it. Wait a while, and this sauce will not disappoint. Stir in Parmesan and keep simmering. Let the flavours meld overnight, then serve over your favourite pasta. ","ingredients":["4 (400g) tins whole peeled plum tomatoes","1 (700g) jar passata","680g (24 oz) tomato purée","675ml (1 pint 4 fl oz) water","280g (10 oz) fresh sliced mushrooms","2 onions, chopped","4 cloves garlic, minced","4 teaspoons caster sugar","1 bunch fresh basil, chopped","salt and freshly ground black pepper to taste","2 pinches bicarbonate of soda","4 tablespoons grated Parmesan cheese"],"directions":["1. Mix together whole tomatoes, passata, tomato purée, water, mushrooms, onions, garlic, sugar, salt, pepper, basil, and 1 pinch of bicarbonate of soda in a large saucepan. Bring to a boil, stirring. Reduce to a simmer, and cook for at least 4 hours.","2. Stir in another pinch of bicarbonate of soda; the sauce will foam. Simmer, stirring occasionally, until thick and almost brown. Make sure to scrape the sides of the pan into the sauce.","3. After the sauce is fork consistency, stir in Parmesan. Watch that the cheese does not burn. Taste sauce. If it is too tangy or acidic, add another pinch of bicarbonate of soda and simmer another 1/2 hour.","4. Cool, cover and refrigerate overnight. The next day, reheat and serve."],"nutritionList":["Calories 183.9 kcal","Total Fat 2 g","Saturated Fat 0.8 g","Sodium 1739 mg","Protein 9.1 g"],"serves":"serves: 8","preparationTime":"Ready in  5 hours 10 mins"}
