{"hash":0,"title":" Aubergine Parmigiano ","description":" This makes for a luxuriously rich vegetarian meal, prepared in only an hour thanks to a few shortcuts. Aubergine slices are dipped in egg and breadcrumbs, then baked instead of fried. The slices are layered with tomato pasta sauce, mozzarella and Parmesan. ","ingredients":["500g (16 oz) dried breadcrumbs","1 teaspoon dried basil","1 teaspoon dried oregano","1 teaspoon dried parsley","3 aubergines, peeled and thinly sliced","2 eggs, beaten","3 (500g) jars tomato pasta sauce, divided","450g (16 oz) mozzarella, grated and divided","75g (2.5 oz) grated Parmesan, divided","1/2 teaspoon dried basil"],"directions":["1. Preheat oven to 180 C / Gas mark 4.","2. Mix together the breadcrumbs, basil, oregano and parsley. Dip aubergine slices in egg, then in breadcrumb mixture. Place in a single layer on a baking tray. Bake in preheated oven for 5 minutes on each side.","3. Spread pasta sauce to cover the bottom of a 23x33cm (9x13 in) baking dish. Place a layer of aubergine slices in the sauce. Sprinkle with mozzarella and Parmesan. Repeat layers with remaining ingredients, ending with the cheeses.","4. Sprinkle basil on top. Bake in preheated oven for 35 minutes, or until golden brown."],"nutritionList":["Calories 487 kcal","Total Fat 16 g","Sodium 1663 mg","Protein 24.2 g","Fibre 8.8 g","Carbohydrates 62.1 g"],"serves":"serves: 10","preparationTime":"Ready in  1 hour"}
