{"hash":0,"title":" Achari Aloo Ki Sabji ","description":" Perfect for party or family dinner, this spicy dish is always a hit. I love the sounf ka flavour and also that it\u0027s ready in 15 mins! ","ingredients":["4-6 potato (aloo)","2 tablespoons mustard oil","1 teaspoon rai","1 teaspoon sounf","1/4 teaspoon jeera","1 teaspoon kalonji seeds","1 teaspoon red chilli powder","1/4 teaspoon haldi powder","3-4 geen chillies (sliced)","salt to taste","coriander leaves for garnish"],"directions":["1. Cut potatoes into medium size pieces. Heat oil in pan, add rai, jeera, sounf and kalonji seeds.","2. Add potato pieces, saute it for 2 minutes, add the remaining dry masalas, green chillies and little water. Let it cook till potatoes are done. Garnish with coriander leaves, serve hot."],"serves":"serves: 4","preparationTime":"Ready in  20 mins"}
