{"hash":0,"title":" Sesame cheese twists ","description":" These crisp cheese sticks are delicious served fresh and still warm from the oven. Enriched with egg yolks and well flavoured with freshly grated Parmesan cheese, they are made with a combination of wholemeal and plain flour, so that they are substantial without being at all heavy. ","ingredients":["85 g (3 oz) plain wholemeal flour, preferably stoneground","85 g (3 oz) plain white flour, plus extra for rolling","¼ tsp salt","45 g (1½ oz) butter","45 g (1½ oz) Parmesan cheese, freshly grated","1 large egg","2 tbsp semi-skimmed milk","1 tsp paprika","1 tbsp sesame seeds"],"directions":["1. Preheat the oven to 180ºC (350ºF, gas mark 4). Sift the flours and salt into a bowl, tipping in the bran left in the sieve. Rub in the butter until the mixture resembles fine breadcrumbs. Stir in the Parmesan cheese.","2. Whisk the egg and milk together. Reserve 1 tsp of this mixture, and stir the rest into the dry ingredients to make a firm dough. Knead on a lightly floured surface for a few seconds or until smooth.","3. Sprinkle the paprika over the floured surface, then roll out the dough on it to form a square slightly larger than 20 cm (8 in). Trim the edges to make them straight. Brush the dough with the reserved egg mixture and sprinkle over the sesame seeds. Cut the square of dough in half, then cut into 10 cm (4 in) sticks that are about 1 cm (½ in) wide.","4. Twist the sticks and place on a large baking sheet lined with baking parchment. Press the ends of the sticks down so that they do not untwist during baking.","5. Bake for 15 minutes or until lightly browned and crisp. Cool on the baking sheets for a few minutes, then serve warm, or transfer to a wire rack to cool completely. The sticks can be kept in an airtight tin for up to 5 days."],"nutritionList":["Calories 32 kcal","protein 1 g","Fat 2 g","Saturated Fat 1 g","Carbohydrates 3 g","Sugars 0.1 g","Fibre 0.3 g"],"serves":"serves: 20","preparationTime":"Ready in  30 mins"}
