{"hash":0,"title":" Chicken Vindaloo from Scratch ","description":" A spicy authentic East Indian speciality! Try making your own curry for a change - you won\u0027t regret it. The vindaloo paste can also be made ahead of time, covered and put in the fridge, to save cooking time. ","ingredients":["2 tsp whole cumin seeds","1 tsp black peppercorns","1 tsp cardamom seeds or 1 tsp curry powder","1 cinnamon stick","1 1/2 tsp black mustard seeds","1 tsp whole fenugreek seeds","5 tablespoons white wine vinegar","1 tsp salt","1 tsp cayenne pepper","1 tsp light brown soft sugar","10 tablespoons vegetable oil","2 large onions, sliced in half and cut into half rings","6 tablespoons water","good knob of fresh root ginger, peeled and coarsely chopped","2 cloves garlic","1 tablespoon ground coriander","1/2 tsp ground turmeric","800g chicken breasts, cut into pieces","250ml passata"],"directions":["1. Grind cumin seeds, black pepper, cardamom seeds/curry powder, cinnamon, black mustard seeds and fenugreek seeds together in a spice grinder or mortar and pestle.","2. In a small bowl, combine ground spices, vinegar, salt, cayenne pepper and brown sugar. Set aside.","3. Heat oil in large frying pan over medium heat. Fry onions, stirring frequently, until they are a rich, dark brown. (Do not undercook the onions, this is important for colour reasons.)","4. Remove onions with a slotted spoon and puree them in a food processor or blender.","5. Return onions to pan but turn off the heat. Add 3 tablespoons water (or more if necessary) to the onions and blend until you have a smooth paste. Add the spices and mix in well. This mixture is the vindaloo paste.","6. Now, put the ginger and garlic in a blender. Add 1 tablespoon water (or more) and blend until you have a smooth paste.","7. Heat the remaining oil in a wide saucepan over medium heat. When hot, add the ginger-garlic paste. Stir until the paste browns slightly. Add the coriander and turmeric. Stir for a few seconds.","8. Add the chicken, a little at a time, and brown lightly.","9. Stir in the vindaloo paste and tomato passata. Stir and bring to a gentle boil."],"serves":"serves: 6","preparationTime":"Ready in  1 hour 30 mins"}
