{"hash":0,"title":" Wild Rice Stuffing with Apples, Currants and Bacon ","description":" Try this delightfully different stuffing is the perfect accompaniment to roast chicken, turkey or pork. ","ingredients":["750ml (1 1/4) pints water, divided","350ml (12 fl oz) chicken stock","175g (6 oz) wild rice","150g (5 oz) bacon","500g (1 1/4 lb) diced onions","375g (13 oz) diced celery","1 tablespoon water","200g (7 oz) long-grain white rice","250g (9 oz) currants","100g (4 oz) dried cherries","75g (3 oz) dried cranberries","50g (2 oz) dried apricots","100g (4 oz) diced, unpeeled apples","1/2 bunch flat leaf parsley, chopped","6 tablespoons dried mixed herbs"],"directions":["1. In a medium saucepan over medium heat, bring 1/2 of the water and the chicken stock to the boil. Stir in wild rice. Cover, reduce heat and simmer 45 minutes.","2. Place bacon in a large, deep frying pan. Cook over medium high heat until evenly brown. Reserving dripping, drain bacon, dice and set aside.","3. In the frying pan with the reserved bacon dripping, sauté onions and celery with 1 tablespoon water. Cook until very soft, about 20 minutes.","4. Stir remaining water, white rice, currants, cherries, cranberries, apricots and apples into the wild rice. Continue cooking 20 minutes, or until wild rice and white rice are tender.","5. In a large bowl, mix the bacon and the onion mixture into the rice mixture. Season with the Italian parsley and dried mixed herbs."],"nutritionList":["Calories 325.5 kcal","Total Fat 8 g","Saturated Fat 2.8 g","Sodium 185.1 mg","Protein 7 g"],"serves":"serves: 12","preparationTime":"Ready in  1 hour 30 mins"}
