{"hash":0,"title":" Thyme roast pork with cider cream sauce ","description":" Thyme roast pork with cider cream sauce ","ingredients":["1 boneless pork loin (1.5kg rolled)","small bunch of fresh thyme","6 large parsnips, peeled and diced","150ml dry cider","100ml double cream","pinch of sea salt"],"directions":["1. Preheat the oven to 200 C / gas 6.","2. Once pork joint is cleaned, rub salt into the skin of the pork to help create a crisp crackling.","3. Put the thyme on the base of a roasting tin with the pork on top; roast for 45 minutes.","4. Parboil the parsnips for 5 minutes, adding them to the roasting tin when the 45 minutes is up, making sure you cover them in some of the pork\u0027s cooking juices. Roast for a further 45 minutes.","5. Remove pork and parsnips from oven and leave to rest for 10 minutes.","6. Remove thyme from roasting tray along with any excess fat. Add cider to the meat juices, and boil for 2-3 minutes. Stir in the cream, heat through but do not boil.","7. Slice the pork loin and serve with the parsnips and cider cream. Enjoy!"],"serves":"serves: 6","preparationTime":"Ready in  1 hour 45 mins"}
