{"hash":0,"title":" Roasted Asparagus with Crispy Parmesan ","description":" Can be served as either a side or a warm starter. Indulge with the finest balsamic vinegar you can find, and enjoy! ","ingredients":["500g (1 lb) thin asparagus spears","1 tablespoon extra-virgin olive oil","30g (1 oz) shaved Parmesan","freshly ground black pepper to taste","60ml (2 fl oz) balsamic vinegar, or to taste"],"directions":["1. Preheat oven to 230 C / Gas mark 8.","2. Place asparagus on a baking tray. Drizzle with olive oil, and toss to coat. Arrange asparagus spears in a single layer. Spread Parmesan over asparagus, and season with freshly ground black pepper.","3. Bake 12 to 15 minutes in preheated oven, until cheese is melted and crispy, and asparagus is tender but firm. Serve immediately on warm plates, sprinkling with balsamic vinegar to taste."],"nutritionList":["Calories 98.5 kcal","Total Fat 5.8 g","Saturated Fat 1.9 g","Sodium 138.1 mg","Protein 5.6 g"],"serves":"serves: 4","preparationTime":"Ready in  20 mins"}
