{"hash":0,"title":" Almond and Celery Chicken Salad ","description":" Sometimes the best approach is the simplest one, as in this mix of chicken, mayonnaise, almonds and celery. ","ingredients":["60g (2 oz) blanched slivered almonds","4 tablespoons mayonnaise","1 tablespoon lemon juice","freshly ground black pepper to taste","280g (10 oz) cooked chicken meat, chopped","1 stalk celery, chopped"],"directions":["1. Place almonds in a frying pan. Toast over medium-high heat, shaking frequently. Watch carefully, as they burn easily.","2. In a medium bowl, mix together mayonnaise, lemon juice and pepper. Toss with chicken, almonds and celery. Serve atop lettuce leaves or in a sandwich."],"nutritionList":["Calories 819.1 kcal","Total Fat 66.6 g","Saturated Fat 9.2 g","Sodium 405.3 mg","Protein 45.8 g"],"serves":"serves: 2","preparationTime":"Ready in  10 mins"}
