{"hash":0,"title":" Keema ki tikki ","description":" This is my sister\u0027s recipe and she makes it whenever we visit her. Our kids love this dish and I hope you do too! ","ingredients":["250 grams minced goat meat (washed and drained)","4 tablespoon besan","1 small onion (chopped)","2-3 green chillies","1/2 cup dhaniya leaves (finely chopped)","1 egg","Oil for frying"],"directions":["1. In a non stick pan, roast the besan for a minute. Add all the ingredients and mix them well. Make tikkis from the mix.","2. Heat a griddle, cook both sides of the tikkis by brushing them with oil. Serve hot with green chutney or ketchup!"],"serves":"serves: 4","preparationTime":"Ready in  25 mins"}
