{"hash":0,"title":" Rajasthani Masala baatis ","description":" Rajasthani Masala baatis ","ingredients":["1 cup wheat flour (atta)","1 teaspoon red chilli powder","1/2 teaspoon ajawin","1/4 teaspoon garlic paste - optional","2 table spoon ghee","salt to taste","Luke warm water for kneading","Oil for frying"],"directions":["1. Mix all the ingredients in the flour and knead it to tight dough. Make balls out of it.","2. Heat oil in deep pan; fry these baatis until light pink in color. Serve hot with green chutney."],"serves":"serves: 4","preparationTime":"Ready in  25 mins"}
