{"hash":0,"title":" Apple Stuffed Chicken Breast ","description":" This is a great dish for using up autumn apples. Bramley, Golden Delicious or Cox\u0027s Pippin apples work well. ","ingredients":["2 (100g) skinless, boneless chicken breast fillets","2 small apples, thinly sliced or coarsely shredded","2 tablespoons grated mild Cheddar cheese","1 tablespoon breadcrumbs","1 tablespoon butter","60ml (2 fl oz) dry white wine","60ml (2 fl oz) water","1 tablespoon water","1 1/2 teaspoons cornflour","1 tablespoon chopped fresh parsley to garnish"],"directions":["1. Combine apple, cheese and breadcrumbs. Set aside.","2. Flatten chicken breasts between sheets of greaseproof paper to 1cm thickness. Divide apple mixture between chicken breasts, and roll up each breast. Secure with toothpicks.","3. Melt butter in large frying pan over medium heat and brown the stuffed chicken breasts.","4. Add wine and water. Cover. Simmer for 15 to 20 minutes, or until chicken is no longer pink.","5. Transfer chicken to a serving platter. Combine 1 tablespoon water and cornflour; stir into juices in pan. Cook and stir until thickened.","6. Pour sauce over chicken, and garnish with parsley. Serve."],"nutritionList":["Calories 138 kcal","Total Fat 5.1 g","Saturated Fat 2.9 g","Sodium 145.5 mg","Protein 15 g","Sugars 2.1 g"],"serves":"serves: 4","preparationTime":"Ready in  40 mins"}
