{"hash":0,"title":" Grilled salmon with anchovy dressing ","description":" Salty anchovies enhance the subtle flavour of salmon. Lemon and fresh parsley add zest. Try serving with new potatoes and a green salad lightly dressed with lemon juice. ","ingredients":["4 salmon fillets, about 100 g (3½ oz) each","olive oil for greasing","For the dressing:","2 canned anchovy fillets, drained","1 clove garlic, crushed","Finely grated zest of 1 lemon","1 tablespoon lemon juice","2 tablespoons chopped fresh parsley","salt and black pepper","2 tablespoons extra virgin olive oil","To garnish:","sprigs of fresh flat-leaved parsley"],"directions":["1. To make the dressing, pat the anchovy fillets dry, then chop them finely. Place them in a bowl with the garlic, lemon zest and juice and parsley. Season to taste and whisk in the oil. As anchovies are salty, you may not need any salt.","2. Place a ridged, iron grill pan or a large nonstick frying pan over a medium-high heat. Brush the pan with oil and season the salmon with salt and pepper on both sides.","3. When the pan is very hot, place the fillets on it, flesh side down, and cook for 6 minutes, then turn them over and continue cooking for a further 4 minutes, or until the flesh is opaque.","4. Arrange on four warm plates, drizzle the dressing over them and garnish with a sprig of parsley. Serve the salmon hot or at room temperature."],"nutritionList":["Calories 261 kcal","Carbohydrates 1 g","Protein 15 g","Fat 22 g","Saturated Fat 9 g"],"serves":"serves: 4","preparationTime":"Ready in  20 mins"}
