{"hash":0,"title":" Basmati Rice ","description":" Basmati Rice ","ingredients":["400ml water","200g basmati rice","50g fresh or frozen peas","1 teaspoon cumin seeds"],"directions":["1. In a pan, combine water and rice, and bring to the boil. Stir well, reduce heat, cover and simmer for 20 minutes.","2. When rice is cooked, stir in peas and cumin. Cover and let stand for 5 minutes."],"nutritionList":["Calories 192.4 kcal","Total Fat 0.8 g","Saturated Fat 0.2 g","Protein 4.5 g"],"serves":"serves: 4","preparationTime":"Ready in  35 mins"}
