{"hash":0,"title":" Sourdough Pancakes ","description":" If you have leftover starter from making sourdough bread, use some of it to make these deliciously fluffy pancakes. The amount of water can be adjusted depending on the consistency of your starter. ","ingredients":["100g (7 oz) sourdough starter","1 egg, beaten","2 tablespoons water","1 dessertspoon vegetable oil","5 tablespoons dried milk powder","3/4 teaspoon salt","1 teaspoon bicarbonate of soda","1 1/2 tablespoons caster sugar"],"directions":["1. In a large bowl, combine the sourdough starter, egg, water and oil.","2. In a separate bowl, combine the dried milk, salt, bicarb and sugar. Stir to blend dry ingredients. Add to wet mixture and mix until batter is smooth.","3. Grease a heavy bottomed frying pan and heat on medium high heat. Add pancake batter to desired size (4 tablespoons is good), and pan fry until brown. Flip over and cook other side until brown. Serve."],"nutritionList":["Calories 160.4 kcal","Total Fat 3.9 g","Saturated Fat 0.8 g","Sodium 830.9 mg","Protein 8.3 g","Sugars 11.1 g"],"serves":"serves: 4","preparationTime":"Ready in  30 mins"}
