{"hash":0,"title":" Vanilla Bread Pudding ","description":" Vanilla Bread Pudding ","ingredients":["1 (500g) white loaf, torn into small pieces","1L (1 3/4 pints) hot semi-skimmed milk","3 eggs, beaten","400g (14 oz) caster sugar","2 tablespoons vanilla extract","150g (5 oz) sultanas","50g (2 oz) butter"],"directions":["1. Preheat oven to 180 C / Gas mark 4.","2. In a large mixing bowl, pour hot milk over bread. Blend eggs, sugar and vanilla. Stir egg mixture into the bread mixture and blend well. Add sultanas. Mix well.","3. Melt the butter and pour into a 23x33cm (9x13 in) baking dish. Pour bread mixture over butter. Bake for 40 minutes, or until firm and golden brown. Serve warm with custard."],"nutritionList":["Calories 474.3 kcal","Total Fat 9.2 g","Saturated Fat 2.7 g","Sodium 390.6 mg","Protein 10.4 g"],"serves":"serves: 9","preparationTime":"Ready in  1 hour 5 mins"}
