{"hash":0,"title":" Basic Sourdough Bread ","description":" Absolutely the best - and easiest - sourdough recipe for your bread machine. Soft crust and well risen. ","ingredients":["280g sourdough starter","5 tablespoons water","385g plain flour","1 tablespoon caster sugar","1 tablespoon vegetable oil","1 teaspoon salt","2 tsp quick yeast"],"directions":["1. Allow starter to come to room temperature.","2. Place all ingredients in the bread machine in the order suggested by the manufacturer.","3. Select Basic or White Bread cycle, and Medium crust setting. Press Start."],"nutritionList":["Calories 167.2 kcal","Total Fat 1.6 g","Saturated Fat 0.2 g","Salt 200.9 mg","Protein 5.2 g","Sugars 2.1 g"],"serves":"serves: 12","preparationTime":"Ready in  2 hours 10 mins"}
