{"hash":0,"title":" Fresh Herb Yorkshire Pudding ","description":" Perfect alongside roast beef and gravy. Yorkshire comfort food with the added flavour of fresh parsley and sage. Actually, you can use any herbs you like! Rosemary and thyme work well, too. ","ingredients":["Yorkshire Pudding Batter:","275g (10 oz) plain flour (sifted)","4 eggs","1 pinch salt","150ml water","150ml milk","","2 large onions","1 tbsp freshly chopped sage","1 tbsp freshly chopped parsley","1 tbsp freshly chopped mint (optional)","2 tbsp fresh white breadcrumbs","fresh coarse ground black pepper","salt","sunflower oil"],"directions":["1. To make the Yorkshire pudding batter, sift the flour into a large bowl. Break the eggs into the centre. Mix the water and the milk together in a jug. Pour the mixture slowly into the flour and eggs. As you start to pour the milk mixture slowly, beat the batter together with a whisk. Add the salt and continue to beat. The yorkshires will be lighter if the batter includes a little air.","2. Once all the ingredients have been beaten together, leave to stand, covered with a clean tea towel, for half an hour.","3. Peel the onions, and then boil them in water until they are soft. Allow them to cool and then dice them.","4. Preheat the oven to 240 degrees C / gas mark 9. Put a 12 hole muffin tin or Yorkie tin in the oven to heat up, for 5 minutes.","5. Put the chopped onions into a large bowl. Add the sage, parsley and mint, breadcrumbs, black pepper and salt. Mix this together.","6. Slowly blend in the pudding batter making sure that it is well mixed.","7. Remove tin from the oven and carefully pour a little oil into the tray.","8. Pour in the herb batter mixture until it reached half way up the tin.","9. Bake for 10 minutes, then turn the oven temperature down to 160 degrees C / gas mark 3."],"serves":"serves: 6","preparationTime":"Ready in  1 hour 50 mins"}
