{"hash":0,"title":" Lemon and cornmeal tea time loaf ","description":" Fine cornmeal gives this afternoon treat a wonderful golden colour to match its tangy lemon flavour. ","ingredients":["150 g (5½ oz) fine cornmeal","150 g (5½ oz) plain white flour","1 tablespoon baking powder","60 g (2¼ oz) soft light brown sugar","Finely grated zest and juice of 2 large lemons","225 ml (8 fl oz) buttermilk, or 225 g (8 oz) low-fat natural yoghurt","2 eggs, beaten","4 tablespoons sunflower oil","40 g (1½ oz) caster sugar","60 g (2¼ oz) icing sugar"],"directions":["1. Heat the oven to 190°C (375°F, gas mark 5). Line a loaf tin measuring about 22 × 11 × 6 cm (8½ × 4¼ × 2½ in) with baking paper.","2. Sift the cornmeal, flour and baking powder into a bowl, then stir in the brown sugar and lemon zest.","3. Make a well in the centre and pour in the buttermilk or yoghurt, eggs and oil. Stir with a wooden spoon until the ingredients are just blended and a soft consistency forms. Do not overmix or the loaf will be heavy.","4. Spoon the mixture into the prepared tin and level the surface. Bake for 45 minutes, or until the loaf is well risen, firm to the touch and a skewer inserted into the centre comes out clean.","5. Meanwhile, put the lemon juice into a small bowl and stir in the caster sugar until it dissolves.","6. Remove the loaf from the tin, put it on a wire rack over a plate and leave to cool for 5 minutes.","7. Peel off the baking paper and prick the loaf all over with a fine skewer, inserting it deeply but not quite to the base. Spoon the sweetened lemon juice over the loaf slowly to allow it to soak in.","8. Put 50 ml (2 fl oz) of water into a small saucepan and bring to the boil. Put the icing sugar into a bowl and stir in 1½-2 teaspoons of the boiling water, adding just enough to make an icing that drizzles off the spoon. Using a teaspoon, drizzle the icing from side to side over the warm loaf.","9. Allow the loaf to cool completely on the wire rack, then slice and serve. It will keep fresh for several days stored in an airtight container."],"nutritionList":["Calories 201 kcal","Carbohydrates 34 g","Protein 5 g","Fat 5 g","Saturated Fat 1 g"],"serves":"serves: 12","preparationTime":"Ready in  1 hour 15 mins"}
