{"hash":0,"title":" Rajasthani Mirchi bada ","description":" Imagine a giant pakora with the heat of a large green chilli, softness of potato mix, calming texture of gram flour and an explosion of spices that make you want one more! ","ingredients":["For filling","4 long green chillies","4 medium potatoes (boiled and mashed)","1 teaspoon chilli powder","Salt to taste","For pakora:","1 cup besan","Salt to taste","Oil for frying"],"directions":["1. Slit green chillies andremove the seeds. Blanch it in hot water.","2. Mix chilli powder and salt in potatoes. Put potato masala in and around the chilli.","3. In a separate bowl mix salt water and besan .Make smooth batter.","4. Heat oil in a deep pan. Dip green chillies in besan batter. Deep fry till golden brown. Serve hot."],"serves":"serves: 4","preparationTime":"Ready in  30 mins"}
