{"hash":0,"title":" Jacket Aloo ","description":" Jacket Aloo ","ingredients":["4 large baking potatoes","4 tablespoons butter","225g mature Cheddar cheese, grated","1 small onion or 4 green onions, finely diced","salt and pepper"],"directions":["1. Wash the potatoes, cut in half lengthwise but don\u0027t peel them. Place in a pan of boiling water and cook until medium soft.","2. Drain and remove them from the water. Scoop out the \"flesh\", taking care not to split the skin. Put the skin to one side, don\u0027t throw away.","3. Place the flesh into a mixing bowl, add the butter, sliced onion and half of the cheese. Mix well.","4. Put the mixture into the skins, sprinkle the rest of the cheese on the top and place under the grill for 2 minutes or until cheese is melted and bubbling.","5. Serve and enjoy. Hope you like them."],"serves":"serves: 4","preparationTime":"Ready in  30 mins"}
