{"hash":0,"title":" Double chocolate chunk and nut cookies ","description":" These American-style cookies are simply irresistible eaten while still warm and the chocolate chunks are still soft and melting. Macadamia nuts, with their buttery flavour, add a crunchy texture, but can be omitted if you prefer. Like the chocolate, the nuts should be kept in fairly large pieces. ","ingredients":["115 g (4 oz) unsalted butter, at room temperature","85 g (3 oz) light muscovado sugar","½ tsp pure vanilla extract","1 egg, beaten","85 g (3 oz) self-raising white flour","55 g (2 oz) plain wholemeal flour","20 g (¾ oz) cocoa powder","¼ tsp baking powder","¼ tsp salt","115 g (4 oz) good dark chocolate (at least 70% cocoa solids), roughly chopped","55 g (2 oz) macadamia nuts, roughly chopped","3 tbsp semi-skimmed milk"],"directions":["1. Preheat the oven to 190ºC (375ºF, gas mark 5). Line 2 baking sheets with baking parchment.","2. Beat the butter with the sugar and vanilla extract in a large bowl until light and fluffy. Gradually add the egg, beating well after each addition.","3. Sift the white and wholemeal flours, cocoa powder, baking powder and salt over the creamed mixture, tipping in any bran left in the sieve. Add the chocolate, nuts and milk, and mix everything together.","4. Place tablespoonfuls of the mixture on the prepared baking sheets, arranging the cookies well apart so there is space for them to spread during baking. Flatten the cookies slightly with the back of a fork, then bake for about 15 minutes or until they feel soft and springy.","5. Leave on the baking sheets for a few minutes, then transfer to a wire rack. Serve while still slightly warm or leave until cold. The cookies can be kept in an airtight container for up to 5 days."],"nutritionList":["Calories 240 kcal","Protein 3 g","Fat 15 g","Saturated Fat 8 g","Carbohydrates 22 g","Sugars 13 g","Fibre 1 g"],"serves":"serves: 12","preparationTime":"Ready in  35 mins"}
