{"hash":0,"title":" Spaghetti Carbonara ","description":" A creamy, eggy pasta dish. I ate this this Italian favourite in a little restaurant in Rome and I hope you\u0027ll also love it. ","ingredients":["1 (500g) pack spaghetti","4 teaspoons olive oil","100g of pancetta (or smoked bacon)","8 tablespoons white wine","2 whole eggs","2 egg yolks","8 tablespoons freshly grated Parmesan cheese","2 tablespoons butter","black pepper to taste","a little grated nutmeg","2 cloves of garlic, crushed","2 handfuls of frozen peas"],"directions":["1. Cook pasta in the boiling water until al dente, adding the peas to the pasta during the last 5 minutes of cooking.","2. Meanwhile, cut rind off pancetta (or bacon) and fry in the oil. Then add the rest of the pancetta and fry until crispy. Add the wine and garlic and let it bubble away. Remove from heat.","3. Beat together the eggs, egg yolks, Parmesan cheese, pepper and nutmeg.","4. Drain pasta and peas, put bacon mixture back on the heat with the butter, then when it is nice and glossy add drained pasta and peas.","5. Remove from the heat (this is very important or your eggs will curdle). Add egg mixture and work it through the pasta. The heat from the hot pasta is enough to cook the eggs."],"serves":"serves: 4","preparationTime":"Ready in  30 mins"}
