{"hash":0,"title":" Indian Spicy Seekh Kebabs ","description":" This recipe hails from North India. My mum uses just the right amount of spices to suit all. They\u0027re great as a main, sandwich filler or for picnics. Leftovers can be frozen. ","ingredients":["250g (9 oz) minced lamb or chicken","200g (7 oz) channa dhal","4 green chillies","handful chopped fresh coriander","handful chopped fresh mint","1 teaspoon turmeric","1 teaspoon chilli powder","1 dessertspoon cumin","1 teaspoon allspice","250ml (9 fl oz) water","50g (2 oz) fresh breadcrumbs","1 egg","1 dessertspoon salt","skewers","vegetable oil for frying (optional)"],"directions":["1. Add the meat, dhal, chillies, herbs, spices and water to a pressure cooker and cook according to manufacturer\u0027s instructions. Once pressure has been released, open the cooker and allow the mixture to cool slightly.","2. Once cooled, process the mixture along with the breadcrumbs, egg and salt.","3. Take handfuls of the mixture and wrap around each skewer, forming the shape of a sausage.","4. Shallow fry the kebabs in a large frying pan over medium high heat. Alternatively, brown the kebabs under the grill, turning once to brown on both sides."],"serves":"serves: 10","preparationTime":"Ready in  30 mins"}
