{"hash":0,"title":" Strawberry yoghurt smoothie ","description":" This refreshing drink is perfect for summer, when strawberries are plentiful and full of flavour and vitamins. It takes only a few minutes to prepare, so it is ideal as a nourishing start to the day or as a snack-in-a-glass at any time. ","ingredients":["450g (1lb) ripe strawberries, hulled","grated zest and juice of 1 large orange","225g (8oz) plain low-fat yoghurt","1 tbsp caster sugar, or to taste (optional)","To garnish","4 small strawberries","4 small slices of orange"],"directions":["1. Put the strawberries in a food processor or blender and add the grated orange zest, orange juice and yoghurt. Blend to a smooth purée, scraping down the sides of the container once or twice. Taste the mixture and sweeten with the sugar, if required.","2. For a really smooth consistency, press through a sieve to remove the strawberry seeds.","3. Pour into glasses. Garnish with small strawberries and slices of orange, both split so they sit on the rim of the glass."],"nutritionList":["Calories 85 kcal","Fat 1 g","Saturated Fat 0.3 g","protein 4 g","Carbohydrates 17 g","Sodium 56 mg","Sodium 0.14 g","Fibre 1 g","Useful source of potassium 360 mg"],"serves":"serves: 4","preparationTime":"Ready in  5 mins"}
