{"hash":0,"title":" Vegan Peanut and Tomato Stew ","description":" Vegan Peanut and Tomato Stew ","ingredients":["1 tablespoon vegetable oil","2 small red onions, finely chopped","6 cloves garlic, chopped","2 green pepper, diced","50g (2 oz) crushed peanuts","4 large tomatoes, coarsely chopped","350ml (12 fl oz) water","salt and cayenne pepper to taste"],"directions":["1. Heat oil in a saucepan over medium heat. Sauté onion, garlic, green pepper and peanuts for 2 to 3 minutes. Stir in tomatoes, water, salt and cayenne pepper; bring to the boil. Reduce heat to low and simmer at least 30 minutes; simmering for 1 1/2 hours is optimal."],"nutritionList":["Calories 146.5 kcal","Total Fat 8.3 g","Saturated Fat 1.2 g","Sodium 364.5 mg","Protein 4.8 g"],"serves":"serves: 5","preparationTime":"Ready in  40 mins"}
