{"hash":0,"title":" Mediterranean Red Snapper ","description":" Mediterranean Red Snapper ","ingredients":["2 tablespoons olive oil","1/2 small onion, diced","2 cloves garlic, minced","1 (400g) tin peeled plum tomatoes, drained and chopped","2 tablespoons capers, chopped","75g (3 oz) black olives, chopped","1/4 teaspoon dried crushed chillies, such as Schwartz","small handful chopped fresh parsley","500g (1 1/4 lb) red snapper fillets","1 tablespoon fresh lemon juice"],"directions":["1. Preheat oven to 200 C / Gas mark 6.","2. In a medium frying pan, heat olive oil and sauté onion until tender, about 5 minutes. Add garlic, and sauté for 1 minute. Stir in tomatoes, capers, black olives, chillies and parsley. Bring to the boil, and simmer for 10 minutes.","3. Spread a couple spoonfuls of the sauce in the bottom of an 18x28cm (7x11 in) baking dish, and arrange fillets in a single layer in the dish. Drizzle lemon juice over the fillets, and then pour the remaining sauce over all.","4. Bake for 15 to 30 minutes, depending on the thickness of your fillets. Baste once with the sauce while baking. Fish is done when it flakes easily with a fork."],"nutritionList":["Calories 228.2 kcal","Total Fat 10.4 g","Saturated Fat 1.5 g","Sodium 561.5 mg","Protein 25.1 g"],"serves":"serves: 4","preparationTime":"Ready in  45 mins"}
