{"hash":0,"title":" Savita\u0027a Egg Sandwich ","description":" This is one of my favourite sandwiches which I often have for lunch! You can make it the night before and it stays good! ","ingredients":["2 slices wheat bread","1 egg","1 slice tomato, chopped","1 slice cheese","1/2 tsp mayonaisse","1 pinch salt","1 pinch black pepper","1/4 tsp chat masala","1 tsp chopped fresh coriander","1/4 tsp ketchup"],"directions":["1. Boil the egg for 10 mins and place it under cold water to cool for a few seconds and peel.","2. Mash the egg with a fork and add the rest of the ingredients and finely cut slice of cheese as shown,","3. Place the mixture on a slice of bread and cover with another slice , cut in triangles and enjoy!"],"serves":"serves: 1","preparationTime":"Ready in  11 mins"}
