{"hash":0,"title":" Fresh Yeast Loaf ","description":" This recipe uses fresh yeast. Most local bakeries sell it. When you make these loaves - slice and freeze them. Then simply defrost how ever many slices you need, toast them and spread with butter for a \u0027fresh out of the oven\u0027 taste. ","ingredients":["35g (1 oz) fresh (compressed) yeast","225ml (8 fl oz) warm water (45 C)","1L (1 3/4 pints) hot water","150g (5 oz) caster sugar","1 tablespoon salt","100g (4 oz) butter","2kg (4 1/2 lb) bread flour"],"directions":["1. In a small bowl, dissolve yeast in warm water. Let stand 10 minutes.","2. In a very large bowl, combine hot water, sugar, salt and butter. Stir to dissolve butter; let cool to lukewarm. Add the yeast mixture and 1/3 of the of flour; beat well. Stir in the remaining flour, a little at a time, beating well after each addition. When the dough has pulled together, turn it out onto a lightly floured surface and knead until smooth and elastic, about 15 minutes.","3. Lightly oil two large bowls. Divide the dough in half and place each half in a bowl; turn to coat with oil. Cover with a damp cloth and let rise in a warm place until doubled in volume, about 1 hour.","4. Deflate dough, form into rounds and let rise again until doubled, about 30 minutes.","5. Deflate the dough and turn it out onto a lightly floured surface. Divide the dough into six equal pieces and form into loaves. Place the loaves into six lightly greased 23x12cm (9x5 in) loaf tins. Cover the loaves and let rise until doubled in volume, about 40 minutes.","6. Meanwhile, preheat oven to 180 C / Gas mark 4.","7. Bake in preheated oven for 35 to 40 minutes, until loaves are golden brown and bottoms sound hollow when tapped."],"nutritionList":["Calories 124.2 kcal","Calories from Fat 17.2 kcal","Fat 1.9 g","Saturated Fat 0.4 g","Cholesterol 0 mg","Sodium 98.1 mg","Potassium 31.4 mg","Carbohydrates 22.9 g","Dietary Fibre 0.7 g","Protein 3.5 g","Sugars 2.5 g","Vitamin A 0 mcg","Vitamin C 0 mg","Calcium 4.8 mg","Iron 1.3 mg","Thiamin 0.2 mg","Niacin Equivalents 2.9 mg","Vitamin B6 0 mg","Magnesium 7.5 mg","Folate 47.7 mcg"],"serves":"serves: 72","preparationTime":"Ready in  2 hours 40 mins"}
