{"hash":0,"title":" Microwave Chocolate Breakfast Muffins ","description":" Microwave Chocolate Breakfast Muffins ","ingredients":["4 tbsp wholemeal plain flour","4 tbsp sugar","2 tbsp cocoa powder","1/3 tsp baking powder","2 tsp chocolate chips (optional but awesome!)","2 tbsp whisked egg","3 tbsp milk","3 tbsp veg oil","Splash vanilla essence"],"directions":["1. Stick all your ingredients into the coffee mug and stir well. The cup should be about two thirds full.","2. Sprinkle the top with sugar and whack it in the microwave on full power for about three minutes, until the mixture has risen over the top of the mug and is sticky and bubbly.","3. Take it out of the microwave and let it stand for ten minutes (the top will sink back into the cup). Either serve it in the mug or turned out onto a plate, topped with a dollop of plain pasteurized curd and some fresh hazelnuts. Yum!"],"serves":"serves: 1","preparationTime":"Ready in  15 mins"}
