{"hash":0,"title":" Grilled salmon in ciabatta ","description":" Here fresh salmon fillets are marinated, then lightly grilled and served in warm ciabatta rolls with mixed salad leaves and a basil mayonnaise, to create a very tempting and special lunch dish. Lightening the mayonnaise with yogurt reduces the fat without losing out on any of the creaminess. ","ingredients":["juice of 1 lime","3 tbsp chopped fresh basil","4 pieces skinless salmon fillets, about 85 g (3 oz) each","2½ tbsp plain low-fat yogurt","2½ tbsp mayonnaise","½ tsp finely grated lime zest","4 part-baked ciabatta rolls, about 75 g (2½ oz) each","salt and pepper","mixed salad leaves, such as rocket, Oak Leaf lettuce, baby spinach, red chard and lamb\u0027s lettuce, to serve"],"directions":["1. Mix together the lime juice, 2 tbsp of the basil, and salt and pepper to taste in a shallow, non-metallic dish. Add the salmon fillets and turn them in the mixture to coat well all over. Cover and leave to marinate in a cool place for 30 minutes.","2. Meanwhile, mix together the yogurt, mayonnaise, lime zest and remaining 1 tbsp basil in a small bowl. Season with salt and pepper to taste. Cover and chill until required.","3. Preheat the grill to moderate, and preheat the oven to 220°C (425°F, gas mark 7). Lift the salmon fillets out of the marinade and place in the foil-lined grill pan. Brush with a little of the marinade, then grill for 4-5 minutes on each side or until the fish is just cooked and the flesh is beginning to flake, brushing again with the marinade after you have turned the fillets. While the fish is cooking, place the ciabatta rolls in the oven to bake for about 5 minutes, or according to the packet instructions, until crisp.","4. Split the ciabatta rolls in half and spread the cut sides with the basil mayonnaise. Put a cooked salmon fillet on the bottom half of each roll and scatter over a few mixed salad leaves. Place the top half of each roll in place and serve immediately."],"nutritionList":["Calories 408 kcal","protein 26 g","Fat 18 g","Saturated Fat 3 g","Carbohydrates 36 g","Sugars 4 g","Fibre 2 g"],"serves":"serves: 4","preparationTime":"Ready in  55 mins"}
