{"hash":0,"title":" Crispy tuna steaks in citrus sauce ","description":" Their meaty texture makes tuna steaks a favourite with those who say they don\u0027t like fish. Here, a crisp crust keeps the tuna juicy and provides a delicious contrast. Who could resist? ","ingredients":["For the sauce","2 large oranges","350ml (12fl oz) orange juice","2 tbsp dry white wine (optional)","2 tbsp cornflour","For the tuna steaks","2 tbsp chopped fresh coriander","2 tbsp cornmeal (maize meal) or polenta","pepper to taste","4 tuna steaks, 1cm (½in) thick, 175g (6oz) each","4 tsp olive oil"],"directions":["1. Peel and segment the oranges. Whisk together the orange juice, wine (if using) and cornflour in a small saucepan until smooth. Bring to the boil over medium-high heat and cook, stirring, for about 2 minutes or until the sauce thickens. Remove from the heat and stir in the orange segments. Keep warm.","2. Mix the coriander, cornmeal and pepper in a shallow dish. Coat both sides of the tuna steaks with the cornmeal mixture, pressing firmly so it adheres.","3. Heat 2 teaspoons of the oil in a large, heavy frying pan over medium-high heat until hot but not smoking. Sear the tuna for about 2–3 minutes on each side for medium-rare, or longer according to your taste. Add the remaining oil just before turning the fish. Serve with the sauce."],"nutritionList":["Calories 370 kcal","Fat 12 g","Saturated Fat 3 g","protein 43 g","Carbohydrates 23 g","Sodium 100 mg","Sodium 0.25 g","Fibre 0.5 g","Good source of potassium 931 mg"],"serves":"serves: 4","preparationTime":"Ready in  24 mins"}
