{"hash":0,"title":" Middle Eastern salad ","description":" Based on ‘fattoush’, the colourful, crunchy salad served throughout the Middle East, this version adds tuna fish for extra flavour and protein. Make sure you grill the pitta bread until really crisp to prevent it from going soggy when mixed with the other ingredients, and serve the salad as soon as possible after making. ","ingredients":["4 pitta breads, about 55g (2 oz) each","1½ tbsp extra virgin olive oil","juice of 1 lemon","6 spring onions, sliced","340g (12 oz) ripe tomatoes, chopped","½ cucumber, diced","1 tin of tuna in spring water, about 200 g, drained and flaked","2 tbsp coarsely chopped fresh flat-leaf parsley","1 tbsp coarsely chopped fresh coriander","1 tbsp coarsely chopped fresh mint","salt and pepper"],"directions":["1. Preheat the grill to high. Warm the pitta breads under the grill for a few seconds or until puffy, then carefully split them open through the middle and open out each one like a book. Return to the grill and toast for 2–3 minutes on each side or until lightly browned and crisp. Roughly tear the pitta into bite-sized pieces and set aside.","2. Whisk together the olive oil and lemon juice in a large serving bowl, and season with salt and pepper to taste. Add the spring onions, tomatoes, cucumber and tuna, and toss gently to coat with the oil and lemon juice.","3. Add the parsley, coriander, mint and torn pitta pieces to the serving bowl and toss quickly to mix. Serve immediately."],"nutritionList":["Calories 274 kcal","protein 18 g","Fat 7 g","Saturated Fat 1.5 g","Carbohydrates 36 g","Sugars 5 g","Fibre 3 g"],"serves":"serves: 4","preparationTime":"Ready in  18 mins"}
