{"hash":0,"title":" Chicken chermoula with fruity couscous ","description":" Chermoula, a North African mix of spices, gives a warming flavour to this chicken served on a mild and fruity salad. ","ingredients":["4 skinned, boned chicken breasts, about 125 g (4½ oz) each","For the marinade:","2 tablespoons extra virgin olive oil","Pinch of cayenne pepper","1 tablespoon chopped fresh coriander","½ teaspoon ground coriander","½ teaspoon ground cumin","1 clove garlic, crushed","Juice of 1 lemon","1 teaspoon paprika","2 tablespoons chopped fresh parsley","Salt and black pepper","For the couscous:","175 g (6 oz) couscous","25 g (1 oz) ready-to-eat dried peaches, finely chopped","25 g (1 oz) raisins","175 g (6 oz) tomatoes, chopped","1 tablespoon chopped fresh coriander","1 tablespoon olive oil","To garnish: a few sprigs of fresh coriander"],"directions":["1. To make the marinade, put the olive oil, cayenne pepper, fresh and ground coriander, cumin, garlic, lemon juice, paprika and parsley in a shallow dish and stir until smooth. Season with salt and pepper to taste.","2. Cut several slashes in each chicken breast. Add the chicken to the marinade and turn it until it is coated all over, rubbing the marinade into the slashes. Cover and chill for 2 hours.","3. Put a kettle on to boil. Put the couscous into a pan and pour 300 ml (10 fl oz) of boiling water over it. Cover and leave for 5 minutes to fluff up.","4. Meanwhile, stir the peaches, raisins, tomatoes, coriander and olive oil into the couscous. Adjust the seasoning to taste, cover and set aside.","5. Heat the grill to medium. Grill the chicken breasts for 3-4 minutes on each side, until the juices run clear when they are pierced with a knife. Carve them into slices and serve on top of the fruity couscous, garnished with a few sprigs of coriander."],"nutritionList":["Calories 361 kcal","Carbohydrates 32 g","Protein 31 g","Fat 13 g","Saturated Fat 2 g"],"serves":"serves: 4","preparationTime":"Ready in  2 hours 23 mins"}
