{"hash":0,"title":" Mexican Sweet Rice Drink ","description":" This \u0027Horchata de Arroz\u0027 is made by soaking rice overnight and then spicing with cinnamon and vanilla. Serve with spicy Mexican fajitas. Yum! ","ingredients":["190g uncooked long grain white rice","850ml cold water","350ml evaporated milk","100g caster sugar","1/2 teaspoon ground cinnamon","1 teaspoon vanilla extract"],"directions":["1. Place the rice in a bowl with enough water to cover it and let it soak overnight.","2. Strain the rice and discard the water. Place the drained rice into a liquidiser. Pour 125ml of the cold water and 450ml of evaporated milk into the liquidiser. Blend until the rice is finely ground, about 30 seconds. Add the sugar, cinnamon and vanilla; blend well. Pour in the remaining diluted evaporated milk and cold water; blend.","3. Line a sieve with two layers of cheesecloth. Place the sieve over another bowl to catch the liquid. Pour the rice milk through the cheesecloth, discard the solids. Repeat the process if necessary. Serve over ice."],"serves":"serves: 4","preparationTime":"Ready in  32 mins"}
