{"hash":0,"title":" Strawberry and Rhubarb Custard Pie ","description":" Fresh strawberries and rhubarb are mixed with an eggy custard and poured into a pastry case, topped with more pastry and cooked to golden perfection. ","ingredients":["300g (11 oz) caster sugar","4 tablespoons plain flour","3/4 teaspoon ground nutmeg","3 eggs, beaten","500g (1 1/4 lb) chopped rhubarb","500g (1 1/4 lb) fresh strawberries, hulled and halved","1 package shortcrust pastry","1 egg white, lightly beaten"],"directions":["1. Preheat oven to 200 C / Gas mark 6. Roll out shortcrust pastry and line a 23cm (9 in) pie dish.","2. In a large bowl, mix together sugar, flour and nutmeg. Stir in eggs. Fold in rhubarb making sure to coat well, then do the same with the strawberries. Pour mixture into prepared pie dish.","3. Roll out a second layer of pastry and cover the top of the pie. Pinch pastry together around the edge of the pie dish, and cut off any excess pastry. Cut slits into the top of the pie to vent steam. Brush egg white on top layer of pastry.","4. Bake for 50 to 60 minutes in the preheated oven, until rhubarb is tender, and pastry is golden."],"nutritionList":["Calories 314 kcal","Total Fat 7.8 g","Saturated Fat 2 g","Sodium 119.2 mg","Protein 4.1 g"],"serves":"serves: 10","preparationTime":"Ready in  1 hour 15 mins"}
