{"hash":0,"title":" Lentil and Sausage Soup ","description":" Lentil and Sausage Soup ","ingredients":["225g (8 oz) Italian sausage, casings removed and chopped","1 large onion, chopped","1 stalk celery, finely chopped","6 cloves garlic, chopped","500g (1 1/4 lb) dried lentils, rinsed","5 carrots, finely chopped","1L (3 1/4 pints) water","750ml (1 1/ pints) chicken stock","2 (400g) tins chopped tomatoes","small handful chopped fresh parsley","2 bay leaves","1/2 teaspoon dried oregano","1/4 teaspoon dried thyme","1/4 teaspoon dried basil","1 tablespoon salt, or to taste","1/2 teaspoon black pepper"],"directions":["1. Place sausage in a large pot. Cook over medium high heat until evenly brown. Add onion, celery and chopped garlic, and sauté until tender and translucent. Stir in lentils, carrot, water, chicken stock and tomatoes. Season with parsley, bay leaves, oregano, thyme, basil, salt and pepper. Bring to the boil, then reduce heat. Cover, and simmer for 2 to 3 hours, or until lentils are tender."],"nutritionList":["Calories 358.2 kcal","Total Fat 8.7 g","Sodium 1362.5 mg","Protein 20.6 g"],"serves":"serves: 10","preparationTime":"Ready in  3 hours 15 mins"}
