{"hash":0,"title":" Quick Lemon Dijon Chicken ","description":" Quick Lemon Dijon Chicken ","ingredients":["2 skinless, boneless chicken breast fillets, cut into large pieces","1/4 lime, juiced","1/2 lemon, juiced","4 tablespoons Dijon mustard","freshly ground black pepper","Cajun seasoning to taste"],"directions":["1. Place chicken in a frying pan over medium heat. Pour in lime and lemon juices, and stir in Dijon, black pepper, and Cajun seasoning. Cook, turning chicken occasionally, until the chicken pieces are done, about 15 minutes."],"nutritionList":["Calories 307.5 kcal","Total Fat 5.8 g","Saturated Fat 0.9 g","Sodium 991.1 mg","Protein 56.9 g"],"serves":"serves: 2","preparationTime":"Ready in  25 mins"}
