{"hash":0,"title":" Khajoor Pudding ","description":" Khajoor Pudding ","ingredients":["450ml water","275g dried pitted dates","1 teaspoon bicarbonate of soda","100g butter, room temperature","275g caster sugar","3 large eggs","275g self raising flour","1 teaspoon vanilla extract","Sauce:","160g caster sugar","250ml cream","200g butter"],"directions":["1. Preheat oven to 180 C.","2. In a medium saucepan bring water and dates to the boil. Mix in the bicarbonate of soda. Let cool (careful the mixture will rise).","3. Cream the butter and sugar until pale. Add the eggs, one at a time, beating well after each addition. Sift in the flour. add the date mixture and the vanilla, and mix well with an electric hand mixer. Pour into a large rectangular ceramic baking dish, bake in the oven for approx 40 minutes.","4. To make the sauce put the caster sugar, cream and butter in a saucepan over a medium heat. Mix until well combined and smooth. Bring to the boil, then remove from the heat.","5. Pour the sauce over the pudding when plated and add a scoop of ice cream if you wish."],"serves":"serves: 8","preparationTime":"Ready in  55 mins"}
