{"hash":0,"title":" Spiced Butternut Squash Muffins ","description":" Delicious muffins made using cooked squash and flavoured with cinnamon, ginger, nutmeg and cloves. ","ingredients":["225g (8 oz) peeled, seeded and diced butternut squash","200g (7 oz) plain flour","1 dessertspoon baking powder","200g (4 oz) caster sugar","1/4 teaspoon salt","1/2 teaspoon ground cinnamon","1/2 teaspoon ground ginger","1/2 teaspoon ground nutmeg","1/2 teaspoon ground cloves","175ml (6 fl oz) semi skimmed milk","1 egg, beaten","1 tablespoon olive oil"],"directions":["1. Preheat oven to 200 C / Gas mark 6. Lightly grease a 12 cup muffin tin or line with paper muffin cases.","2. In a medium saucepan with enough water to cover, boil squash 20 minutes, or until tender. Remove from heat, drain, and purée in a food processor.","3. In a large bowl, whisk together flour, baking powder, sugar, salt and spices.","4. In a medium bowl, thoroughly mix together milk, egg and oil. Stir in squash. Fold the squash mixture into the flour mixture just until moistened.","5. Spoon the batter into the prepared muffin tin, filling cups about 3/4 full. Bake 20 minutes in the preheated oven, or until a cocktail stick inserted in the centre of a muffin comes out clean. Remove from muffin tin and cool on a wire rack."],"nutritionList":["Calories 121.4 kcal","Total Fat 1.9 g","Saturated Fat 1 g","Sodium 113.7 mg","Protein 2.9 g"],"serves":"serves: 12","preparationTime":"Ready in  55 mins"}
