{"hash":0,"title":" Fennel, Watercress and Tomato Salad ","description":" Fresh fennel mixed with tomatoes and watercress in this refreshing and unique salad. Perfect for a summer dinner party. ","ingredients":["2 tablespoons white wine vinegar","small handful chopped fresh tarragon","1 dessertspoon Dijon mustard","1 teaspoon fennel seed, ground","5 tablespoons extra virgin olive oil","6 large tomatoes","100g (4 oz) trimmed and coarsely chopped watercress","2 bulbs fennel, trimmed and thinly sliced","salt and freshly ground black pepper to taste"],"directions":["1. Whisk together the vinegar, tarragon, mustard, fennel seed and olive oil.","2. Cut the tomatoes into wedges. In a large salad bowl, combine the watercress, fennel and tomatoes. Toss with vinaigrette to coat, season with salt and pepper and serve."],"nutritionList":["Calories 167.7 kcal","Calories from Fat 110.2 kcal","Fat 12.2 g","Sodium 106.9 mg","Carbohydrates 14.8 g","Protein 3.1 g","Vitamin A 614.7 mcg","Vitamin C 51.6 mg","Calcium 76.6 mg"],"serves":"serves: 6","preparationTime":"Ready in  15 mins"}
