{"hash":0,"title":" Elizabethan carrot tart ","description":" Carrot tarts, both sweet and savoury, were popular during Elizabethan times because they were naturally sweet and colourful. Here the smooth and creamy filling is made with low-fat soft cheese, plus cashew nuts for extra protein. The oats in the pastry provide a lovely nutty flavour. ","ingredients":["PASTRY","125g plain flour","50g porridge oats","75g sunflower or soya spread, suitable for baking, chilled and diced","FILLING","450g carrots, peeled and sliced","75g reduced-fat soft cheese","1 egg","grated zest of 1 orange","50g cashew nuts, chopped"],"directions":["1. Mix together the flour, oats and a pinch of salt, then rub in the spread with your fingertips. Add 2–3 tbsp iced water to bind to a soft dough. Wrap with cling film and chill for 20 minutes.","2. Preheat the oven to 180°C/gas 4, with a baking sheet inside. Roll out the pastry on a lightly floured work surface to a round large enough to line a 23cm flan tin. Gently push down into the corners of the tin and trim the edge. Prick the base with a fork, then line the pastry case with baking paper and fill with baking beans.","3. Place the pastry case on the hot baking sheet and bake for 20 minutes, then remove the paper and beans and bake for a further 3 minutes.","4. Meanwhile, put the carrots into a saucepan of water, bring to the boil and simmer for about 8 minutes until very soft. Drain well and transfer to a food processor or blender. Purée the carrots until smooth, then add the cheese and pulse to combine, scraping down the sides occasionally. Add the egg and orange zest and pulse a few times to mix. Season to taste.","5. Pour the mixture into the pastry case and sprinkle the top with the cashew nuts. Bake for about 18 minutes until the nuts look golden. Serve warm."],"nutritionList":["Calories 463 kcal","Protein 11 g","Fat 28 g","Saturates 7 g","Carbohydrates 44 g","Sugars 9.5 g","Fibre 5 g","Sodium 246 mg","Vegetables 113 g"],"serves":"serves: 4","preparationTime":"Ready in  1 hour 18 mins"}
