{"hash":0,"title":" Chicken satay stir-fry ","description":" An Indonesian-style stir-fry combining colourful crunchy vegetables and tender chicken strips. Serve with toasted white, wholemeal or sesame pitta bread. ","ingredients":["3 tbsp smooth peanut butter","4 tbsp reduced-fat coconut milk","2 tbsp chicken stock","finely grated zest of 1 lemon","1 tbsp vegetable oil","2 garlic cloves, crushed","1 red chilli, deseeded and finely chopped","350g skinless chicken breast fillets, cut into thin strips","1 tbsp Chinese five-spice powder","1 red pepper, deseeded and sliced","2 carrots, peeled and cut into julienne strips","175g mushrooms, sliced","2 tbsp chopped fresh coriander"],"directions":["1. In a small bowl, whisk together the peanut butter, coconut milk, stock and lemon zest until blended, then set aside.","2. Heat the oil in a wok or large frying pan over a high heat. Add the garlic and chilli and stir-fry for 30 seconds to release the flavours.","3. Add the chicken and five-spice powder and stir-fry for 3–4 minutes until the chicken has coloured all over. Add the red pepper, carrots and mushrooms and stir-fry for 2–3 minutes until slightly softened.","4. Add the peanut butter mixture to the wok and stir-fry for a further 2–3 minutes until the chicken is cooked through and tender. Remove from the heat, stir in the chopped coriander and serve immediately."],"nutritionList":["Calories 261 kcal","Protein 26 g","Fat 13.5 g","Saturates 3.5 g","Carbohydrates 9.5 g","Sugars 7.5 g","Fibre 3.5 g","Sodium 126 mg","Vegetables 138 g"],"serves":"serves: 4","preparationTime":"Ready in  32 mins"}
