{"hash":0,"title":" Fast and Easy Pancakes ","description":" Quick and easy pancakes mixed in your blender! Perfect for those mornings when you have to get breakfast on the table but don\u0027t have the time to make anything complicated. ","ingredients":["450ml (16 fl oz) semi skimmed milk","150g (5 oz) caster sugar","2 eggs","1 teaspoon vegetable oil","1 teaspoon vanilla extract","250g (9 oz) plain flour","1 1/2 tablespoons baking powder"],"directions":["1. Place milk, sugar, eggs, oil and vanilla in the blender. Add flour and baking powder. Blend until smooth.","2. Heat a lightly oiled frying pan over medium high heat. Pour or scoop the batter onto the pan, using approximately 4 tablespoons for each pancake. Brown on both sides and serve hot."],"nutritionList":["Calories 324.5 kcal","Calories from Fat 39.6 kcal","Fat 4.4 g","Saturated Fat 1.7 g","Cholesterol 77.3 mg","Sodium 236.2 mg","Potassium 281.8 mg","Carbohydrates 61.4 g","Dietary Fibre 1.1 g","Protein 9.1 g","Vitamin C 0.8 mg","Calcium 114 mg","Iron 2.2 mg"],"serves":"serves: 6","preparationTime":"Ready in  20 mins"}
