{"hash":0,"title":" Basic Fish Stock ","description":" Use this as a base for soups, sauces and risottos. Never use an oily fish for stock - no salmon, herring, mackerel, or sardines. Any other fish is more or less suitable, but sole, brill and turbot make excellent stock. If in doubt, ask your fishmonger. ","ingredients":["1.2L (2 pints) water","1 stalk celery, chopped","1 small onion, quartered","1 bay leaf","1/2 teaspoon salt","1/2 teaspoon freshly ground black pepper","225g (8 oz) fish, gutted and bone in"],"directions":["1. Combine water, celery, onion, bay leaf and salt and pepper in a large saucepan. Bring to rolling boil over high heat. When at the boil, add fish. Reduce heat to low, cover, and cook for approximately 1/2 hour or until fish falls apart.","2. Strain stock thoroughly, and discard solids. Be especially careful to remove all bones. Use as directed in any recipe that calls for fish stock."],"nutritionList":["Calories 36.1 kcal","Calories from Fat 2.4 kcal","Fat 0.3 g","Saturated Fat 0 g","Cholesterol 13.7 mg","Sodium 228.4 mg","Potassium 162.6 mg","Carbohydrates 1.3 g","Dietary Fibre 0.4 g","Protein 6.8 g","Vitamin A 5.1 mcg","Vitamin C 1.9 mg","Calcium 12.1 mg","Iron 0.2 mg","Niacin Equivalents 1.9 mg","Vitamin B6 0.1 mg","Magnesium 12.1 mg","Folate 5.5 mcg"],"serves":"serves: 6","preparationTime":"Ready in  1 hour 15 mins"}
