{"hash":0,"title":" Creamy Apple, Cinnamon and Sultana Porridge ","description":" Creamy Apple, Cinnamon and Sultana Porridge ","ingredients":["450ml (16 fl oz) water","1 dessertspoon dark brown soft sugar","1 teaspoon ground cinnamon","2 tablespoons maple syrup","75g (3 oz) uncooked porridge oats","handful sultanas","1 apple - peeled, cored and diced"],"directions":["1. In a medium saucepan, combine water, brown sugar, cinnamon and syrup. Heat mixture to a boil.","2. When water is at a boil, reduce heat and add oats. Cook for about 5 minutes, or until all water is soaked by the oats. Remove from heat, stir in apples and sultanas and serve."],"nutritionList":["Calories 300 kcal","Calories from Fat 26.3 kcal","Fat 2.9 g","Saturated Fat 0.5 g","Cholesterol 0 mg","Sodium 13.9 mg","Potassium 361.1 mg","Carbohydrates 64.7 g","Dietary Fibre 7.2 g","Protein 7 g","Vitamin A 24.3 mcg","Vitamin C 4.6 mg","Calcium 67.1 mg","Iron 2.8 mg","Thiamin 0.3 mg","Niacin Equivalents 2 mg","Vitamin B6 0.1 mg","Magnesium 73.9 mg","Folate 15.7 mcg"],"serves":"serves: 2","preparationTime":"Ready in  15 mins"}
