{"hash":0,"title":" Courgette Muffins ","description":" Wholemeal muffins - honey-sweetened and packed with flavour - still manage to be low-fat and good for you. Semi skimmed milk, egg whites and just a little oil make these the healthy choice. ","ingredients":["225g (8 oz) wholemeal flour","1 tablespoon baking powder","1/2 teaspoon salt","1 teaspoon ground cinnamon","175ml (6 fl oz) skimmed milk","2 egg whites","4 tablespoons vegetable oil","4 tablespoons honey","4 oz grated courgette"],"directions":["1. Preheat oven to 190 C / Gas mark 5. Grease muffin tin lightly with oil or line with paper muffin cups.","2. Combine wholemeal flour, baking powder, salt and ground cinnamon, mix thoroughly.","3. Mix the milk, slightly beaten egg whites, oil, honey and grated courgette together. Pour into the dry ingredients and stir until just barely moistened. Batter should be thick and lumpy. Fill muffin tins 2/3 full with batter.","4. Bake in preheated oven for 20 minutes or until lightly browned."],"nutritionList":["Calories 140.4 kcal","Calories from Fat 45 kcal","Fat 5 g","Saturated Fat 0.7 g","Cholesterol 0.3 mg","Sodium 237.5 mg","Potassium 142.6 mg","Carbohydrates 21.9 g","Dietary Fibre 2.7 g","Protein 4 g","Vitamin A 19.2 mcg","Vitamin C 1.1 mg","Calcium 97.8 mg","Iron 1.1 mg","Thiamin 0.1 mg","Niacin Equivalents 2.3 mg","Vitamin B6 0.1 mg","Magnesium 32.5 mg","Folate 12 mcg"],"serves":"serves: 12","preparationTime":"Ready in  35 mins"}
