{"hash":0,"title":" Mediterranean Roasted Vegetable Sandwich ","description":" This is a delicious recipe for a focaccia sandwich with roasted aubergine, red peppers and sautéed portobello mushrooms. You can substitute your favourite vegetables and use any Italian flat bread you choose. It is great to take along on a picnic! ","ingredients":["1 aubergine, sliced into strips","2 red peppers","2 tablespoons olive oil, divided","2 portobello mushrooms, sliced","3 cloves garlic, crushed","4 tablespoons mayonnaise","1 loaf focaccia bread"],"directions":["1. Preheat oven to 200 C / Gas mark 6.","2. Brush aubergine and red peppers with 1 tablespoon olive oil; use more if necessary, depending on size of vegetables. Place on a baking tray and roast in preheated oven. Roast aubergine until tender, about 25 minutes; roast peppers until blackened. Remove from oven and set aside to cool.","3. Meanwhile, heat 1 tablespoon olive oil and sauté mushrooms until tender.","4. Stir crushed garlic into mayonnaise. Slice focaccia in half lengthwise. Spread mayonnaise mixture on one or both halves.","5. Peel cooled peppers, core and slice. Arrange aubergine, peppers and mushrooms on focaccia. Wrap sandwich in aluminium foil; place a cutting board on top of it and weight it down with some tinned foods. Allow sandwich to sit for 2 hours before slicing and serving."],"nutritionList":["Calories 356 kcal","Total Fat 14.8 g","Saturated Fat 2.4 g","Sodium 500.1 mg","Protein 9 g","Sugars 8.5 g"],"serves":"serves: 6","preparationTime":"Ready in  1 hour"}
