{"hash":0,"title":" Coconut Meringues ","description":" Gorgeous meringues - gooey on the inside, with a hint of coconut. Serve with a tropical flavoured sorbet - mango, pineapple, passion fruit - for a refreshing summer pudding. ","ingredients":["2 egg whites","1/8 teaspoon cream of tartar","85g (3 oz) icing sugar","4 tablespoons desiccated coconut","1/4 teaspoon almond extract"],"directions":["1. Preheat oven to 120 C / Gas mark 1/2.","2. In small bowl with mixer at high speed, beat egg whites and cream of tartar until soft peaks form. Beating at high speed, gradually sprinkle in sugar, 2 tablespoons at a time, beating until sugar is completely dissolved. Whites should stand in stiff glossy peaks. With a silicone spatula, gently fold in coconut and almond extract until mixed.","3. Drop mixture by rounded teaspoonfuls onto large baking tray, about 2.5cm (1 in) apart.","4. Bake 1 hour or until dry. Remove to a wire rack to cool."],"nutritionList":["Calories 39.8 kcal","Calories from Fat 4.5 kcal","Fat 0.5 g","Saturated Fat 0.4 g","Cholesterol 0 mg","Sodium 13.2 mg","Potassium 18.1 mg","Carbohydrates 8.3 g","Dietary Fibre 0.1 g","Protein 0.6 g","Vitamin A 0 mcg","Vitamin C 0 mg","Calcium 0.6 mg","Iron 0 mg","Niacin Equivalents 0.1 mg","Vitamin B6 0 mg","Magnesium 1.4 mg","Folate 0.3 mcg"],"serves":"serves: 12","preparationTime":"Ready in  1 hour 15 mins"}
