{"hash":0,"title":" Lamb with Double Mint ","description":" Baked lamb, drizzled with mint sauce. A small leg of lamb serves 6 and is surprisingly low in fat. A great dish for spring or any season, served with roasted veggies. ","ingredients":["For the sauce","200g mint jam","2 tbsp fresh lemon juice","4 tbsp chopped fresh mint","For the lamb","1 boneless leg of lamb, well trimmed, about 1kg","2 garlic cloves, chopped","1 tbsp chopped fresh rosemary","pepper to taste","1 large lemon, halved","150ml dry white wine or low-sodium chicken stock"],"directions":["1. Preheat the oven to 200°C. Lightly coat a pan with cooking spray or a teaspoon of olive oil. Combine the mint jam, lemon juice and fresh mint in a small saucepan. Stir over medium heat for about 5 minutes or until the jam melts. Remove from the heat and set aside.","2. Meanwhile, slash the lamb in half horizontally, cutting three-quarters of the way through. Open and spread flat like a book. Pound the meat with a rolling pin to about 2.5cm (1in) thickness.","3. Brush about 2 tablespoons of the mint sauce over the lamb, then sprinkle with the garlic, rosemary and pepper. Squeeze the juice from one lemon half over the lamb. Roll up the lamb from one wide side and tie with kitchen string, in both directions. Transfer to the roasting tin, seam-side down. Squeeze the remaining lemon half over the lamb and pour on the wine.","4. Roast for about 50 minutes or until cooked to your taste. Leave to rest for 10 minutes. Meanwhile, reheat the remaining mint sauce. Remove the strings from the lamb and cut into 1cm (½in) slices. Serve with the mint sauce."],"nutritionList":["Calories 361 kcal","Fat 18 g","Saturated Fat 9 g","protein 33 g","Carbohydrates 11 g","Sodium 148 mg","Salt 0.37 g","Fibre 0.2 g","Useful source of potassium 563 mg"],"serves":"serves: 6","preparationTime":"Ready in  1 hour 15 mins"}
