{"hash":0,"title":" Breaded Fish and Chips ","description":" Try this breaded version of fish and chips with a more sustainable fish, such as pollock, seabass or red snapper. ","ingredients":["vegetable oil for frying","1 egg, beaten","500g (1 lb) red snapper fillets","50g (2 oz) dried breadcrumbs"],"directions":["1. In a large heavy frying pan, heat oil to 190 C.","2. Dip fillets into beaten egg and dredge in breadcrumbs.","3. Gently slide fish into hot oil and fry until golden brown. Drain briefly on kitchen roll. Serve hot with chips and mushy peas."],"nutritionList":["Calories 386.1 kcal","Total Fat 26.1 g","Saturated Fat 3.8 g","Sodium 211 mg","Protein 26.7 g"],"serves":"serves: 4","preparationTime":"Ready in  15 mins"}
