{"hash":0,"title":" Sweet shortcrust pastry ","description":" This recipe provides the wrapping or covering for many pies and tarts, both sweet and savoury. Follow individual recipe instructions for methods of use and baking. See notes at the bottom of recipe for more ideas. This recipe makes enough to line a shallow 23cm (9 inch) flan tin. ","ingredients":["115 g (4 oz) plain flour","55 g (2 oz) cool unsalted butter, diced","25 g (scant 1 oz) icing sugar, sifted","1 egg yolk"],"directions":["1. Sift the flour into a mixing bowl. Add the butter and rub in until the mixture resembles fine breadcrumbs. Stir in the sugar.","2. Lightly beat the egg yolk with 1 tbsp cold water. Add to the flour mixture and mix in with a round-bladed knife. Gather together to make a soft dough.","3. Wrap in cling film and chill for at least 30 minutes before rolling out."],"serves":"serves: 8","preparationTime":"Ready in  40 mins"}
