{"hash":0,"title":" Broccoli soup with salmon cakes ","description":" Salmon goes so well with broccoli and watercress, both in flavour and colour. Here the fish is combined with potato and dill in miniature cakes that are delicious served in the fresh green vegetable soup. ","ingredients":["30 g (1 oz) butter","1 potato, peeled and cubed","300 g (10½ oz) broccoli, coarsely chopped","1 large leek, sliced","115 g (4 oz) watercress","1 litre (1¾ pints) vegetable stock, preferably home-made light","salt and pepper","Salmon cakes","700 g (1 lb 9 oz) potatoes, peeled and cubed","300 g (10½ oz) salmon fillet","200 ml (7 fl oz) semi-skimmed milk","3 spring onions, finely chopped","2 tbsp chopped fresh dill","grated zest of 1 lemon","55 g (2 oz) semolina","3 tbsp sunflower oil","To garnish","watercress leaves","finely shredded lemon zest"],"directions":["1. First make the salmon cakes. Add the potatoes to a pan of boiling water and cook for 10–12 minutes or until tender. Drain well and mash thoroughly until smooth.","2. While the potatoes are cooking, place the salmon in a deep-sided frying pan. Add the milk and heat until barely simmering, then cover the pan and simmer gently for 3–4 minutes or until the salmon flakes easily. Use a draining spoon to lift the salmon from the milk. Reserve the milk. Flake the salmon, discarding any bones and skin, then add it to the mashed potatoes. Mix in the spring onions, dill, lemon zest and seasoning to taste.","3. Place the semolina on a large plate. Shape the salmon mixture into 20 small balls, the size of golf balls, then flatten them into neat patties, coating them lightly on both sides with semolina as they are shaped. Cover and set aside in the refrigerator.","4. To make the soup, melt the butter in a large saucepan. Add the potato, broccoli and leek and cook gently for about 10 minutes or until softened. Stir in the watercress. Add the stock and bring to the boil, then reduce the heat and cover the pan. Simmer for about 10 minutes or until the vegetables are just tender. Cool the soup slightly, then purée it in a blender or food processor until smooth. Return the soup to the pan. Stir in the milk used to cook the fish and seasoning to taste. Reheat gently until simmering.","5. Cook the salmon cakes while the soup is reheating. Heat half the oil in a large frying pan and cook half of the cakes for 3–4 minutes on each side or until golden. Drain on kitchen paper. Heat the remaining oil and cook the remaining cakes.","6. Ladle the soup into warm bowls and float 2–3 salmon cakes in each one. Garnish with watercress and lemon zest, and serve with the remaining salmon cakes."],"nutritionList":["Calories 500 kcal","Protein 28 g","Fat 25 g","Saturated Fat 7 g","Carbohydrates 56 g","Sugars 6 g","Fibre 6 g"],"serves":"serves: 4","preparationTime":"Ready in  2 hours"}
