{"hash":0,"title":" Lamb tagine with dried fruit ","description":" An aromatic North African-style casserole, richly flavoured with dried fruits and warmly spiced with ginger and cinnamon. The sweetness of the honey tempers the fiery harissa, and chickpeas add a high fibre carbohydrate to the dish. ","ingredients":["2 tbsp olive oil","500g lean boneless lamb, cubed","1 onion, chopped","¼ tsp saffron","500ml vegetable stock, hot","1 tbsp tomato purée","zest of 1 orange, cut into strips","¼ tsp ground ginger","1 tsp ground cinnamon","½ tsp ground coriander","½ tsp harissa, or to taste","1 tbsp runny honey","16 baby onions, about 275g in total, peeled","125g ready-to-eat stoned dates","125g ready-to-eat dried apricots","2 x 400g cans chickpeas, drained and rinsed","2 tbsp chopped walnuts"],"directions":["1. Heat the oil in a large, deep saucepan or flameproof casserole. Add the cubes of lamb and fry until lightly browned. Push the meat to one side and add the chopped onion to the pan. Fry for 5–10 minutes, stirring frequently, until golden.","2. Stir the saffron into the hot stock, then pour into the pan. Add the tomato purée, strips of orange zest and spices. Stir well, then bring to the boil. Reduce the heat, cover and leave to simmer gently for 1½ hours.","3. Uncover the pan and take out about a teacup of the sauce. Stir in the harissa and honey, then stir this back into the pan.","4. Add the baby onions, dates, apricots and chickpeas and stir to mix. Simmer gently, uncovered, for a further 20 minutes, stirring occasionally.","5. Season to taste and scatter the chopped walnuts over the top, then serve. Put a little extra harissa on the table for those who like more heat."],"nutritionList":["Calories 554 kcal","Protein 38 g","Fat 22 g","Saturates 1 g","Carbohydrates 54 g","Sugars 33 g","Fibre 9 g","Sodium 287 mg","Fruit and vegetables 169 g"],"serves":"serves: 4","preparationTime":"Ready in  2 hours 30 mins"}
