{"hash":0,"title":" Carrot Risotto ","description":" Arborio or similar \u0027mota\u0027 chawal cooked with carrot juice and topped with parmesan. The secret to its incredibly appealing texture is the liquid-absorbing rice starch. ","ingredients":["2 tsp olive oil","1 small onion, finely chopped","2 large carrots, cut into 5mm (¼in) dice","225g arborio rice or any \u0027mota\u0027 chawal","125ml dry white wine (optional)","400ml low-sodium vegetable stock","225ml carrot juice","125ml water","pepper to taste","4 tbsp freshly grated Parmesan cheese"],"directions":["1. Heat the oil in a medium nonstick saucepan over moderate heat. Add the onion and sauté for about 5 minutes or until tender. Add the carrots and sauté for a further 4 minutes or until just tender. Add the rice, stirring to coat.","2. Add the wine and cook, stirring occasionally, for 2 minutes or until it has evaporated by half.","3. Mix together the stock, carrot juice and water. Add the stock mixture, a ladleful at a time, to the rice and cook, stirring. Wait until each addition of liquid has been absorbed before adding the next. Total cooking time will be about 20 minutes. Remove from heat, then stir in the Parmesan cheese and pepper."],"nutritionList":["Calories 354 kcal","Fat 8 g","Saturated Fat 4 g","protein 11 g","Carbohydrates 58 g","Sodium 200 mg","Salt 0.5 g","Fibre 2 g","Useful source of potassium 400 mg"],"serves":"serves: 4","preparationTime":"Ready in  50 mins"}
