{"hash":0,"title":" Beer and Lime BBQ Chicken ","description":" Beer and Lime BBQ Chicken ","ingredients":["1 lime, juiced","1 (330ml) bottle beer, such as Corona","1 teaspoon honey","3 tablespoons chopped fresh coriander","salt and pepper to taste","4 skinless, boneless chicken breast fillets"],"directions":["1. Preheat barbecue for medium heat. When ready, brush the cooking grate lightly with oil.","2. In a shallow bowl, mix together the lime juice, beer, honey, coriander, salt and pepper. Place chicken into the sauce, cover, and marinate for about 30 minutes.","3. Remove chicken breasts from marinade, and place on the grate. Cook for about 8 minutes on each side, or until juices run clear. Discard leftover marinade."],"nutritionList":["Calories 185.9 kcal","Total Fat 2.9 g","Saturated Fat 0.8 g","Sodium 62.1 mg","Protein 25.2 g"],"serves":"serves: 4","preparationTime":"Ready in  45 mins"}
