{"hash":0,"title":" Creamy Garlic Butter ","description":" This garlic butter is so good, my grandmum actually called me for the recipe! Serve with freshly baked breads and rolls. ","ingredients":["1 (200g) tub cream cheese, softened","100g (4 oz) butter, softened","handful chopped fresh parsley","1/2 onion, minced","1 clove garlic, minced"],"directions":["1. In a medium mixing bowl combine cream cheese and butter, mixing until well blended. Add parsley, onion and garlic and mix well.","2. Refrigerate for 1 to 3 hours. The mixture becomes more flavorful the longer it chills."],"nutritionList":["Calories 100.6 kcal","Total Fat 10.6 g","Saturated Fat 6.7 g","Sodium 100.4 mg","Protein 1.2 g","Sugars 0.3 g"],"serves":"serves: 16","preparationTime":"Ready in  20 mins"}
