{"hash":0,"title":" Easy Chicken Shwarma ","description":" Chicken pieces sprinkled with garam masala and sautéed in clarified butter. Wrap in pitta with houmous and fresh veg for a nutritious midweek supper. ","ingredients":["1 to 3 tablespoons ghee (clarified butter) divided","450g (1 lb) skinless, boneless chicken breast fillets - cut into thin strips","3 tablespoons garam masala"],"directions":["1. Melt 1 tablespoon clarified butter in a large frying pan over medium high heat. Sprinkle one side of chicken pieces with garam masala and place seasoned side down in hot butter. Sprinkle top of chicken pieces with more garam masala and sauté for 5 minutes.","2. Turn chicken pieces, adding more butter as needed, and sauté for 5 to 10 minutes more, or until chicken is cooked through."],"nutritionList":["Calories 242.4 kcal","Calories from Fat 127.2 kcal","Fat 14.1 g","Saturated Fat 7.2 g","Cholesterol 93.8 mg","Sodium 72.3 mg","Potassium 265.1 mg","Carbohydrates 3.4 g","Dietary Fibre 1.7 g","Protein 25.8 g","Vitamin A 121.3 mcg","Vitamin C 4 mg","Calcium 44.5 mg","Iron 1.3 mg","Thiamin 0.1 mg","Niacin Equivalents 16.3 mg","Vitamin B6 0.6 mg","Magnesium 36.7 mg","Folate 7.6 mcg"],"serves":"serves: 4","preparationTime":"Ready in  20 mins"}
