{"hash":0,"title":" Braised Celery ","description":" Celery braised in chicken stock. A simple but flavourful side dish I often serve with roasted meats. ","ingredients":["1 bunch celery, cleaned and cut into 10cm (4 in) pieces","1/2 teaspoon salt","1/4 teaspoon freshly ground black pepper","2 tablespoons butter","225ml (8 fl oz) chicken stock","1 tablespoon minced fresh parsley"],"directions":["1. Arrange the celery in a single layer on the bottom of a large frying pan. Season with salt and pepper. Dot with butter. Pour the stock over the celery.","2. Cover pan, and bring to a boil over medium-high heat. Reduce heat to low, and simmer for 30 minutes. Sprinkle with parsley before serving."],"nutritionList":["Calories 75.7 kcal","Total Fat 6 g","Saturated Fat 3.7 g","Sodium 758.2 mg","Protein 1.3 g"],"serves":"serves: 4","preparationTime":"Ready in  35 mins"}
