{"hash":0,"title":" Provençal vegetable pistou ","description":" Classic vegetable and pasta soup from the South of France, topped with a richly flavoured garlic and basil paste, called aïllade, and a sprinkling of Parmesan, makes a nourishing main meal. Serve with crusty bread, such as chunks of warm olive focaccia. ","ingredients":["1.2 litres vegetable stock","2 small leeks, thinly sliced","3 carrots, peeled and diced","2 courgettes, diced","400g can chopped tomatoes","200g French beans, cut into short lengths","400g can flageolet beans, drained and rinsed","100g dried vermicelli, broken into short lengths","40g Parmesan, or Italian-style hard cheese, shaved","AÏLLADE","3 garlic cloves","25g fresh basil leaves, roughly chopped","1 tomato, skinned, deseeded and chopped"],"directions":["1. Bring the stock to the boil in a large pan and add the leeks, carrots, courgettes and canned tomatoes with their juice. Bring back to the boil, then reduce the heat slightly, cover and simmer for 15 minutes.","2. Stir in the French beans, flageolets and vermicelli, bring back to the boil, then reduce the heat slightly and simmer for 5 minutes or until all the vegetables and pasta are tender. Season to taste.","3. Meanwhile, to make the aïllade, use a mortar and pestle to pound the garlic, basil and tomato until smooth. Season to taste. (The aïllade can be prepared ahead and can be added to the soup when ready to serve).","4. Ladle the soup into wide bowls and add a spoonful of aïllade and some thin shavings of cheese to each serving."],"nutritionList":["Calories 265 kcal","Protein 16 g","Fat 4 g","Saturates 2 g","Carbohydrates 41 g","Sugars 12 g","Fibre 7 g","Sodium 334 mg","Vegetables 422 g"],"serves":"serves: 4","preparationTime":"Ready in  40 mins"}
