{"hash":0,"title":" Karare Aloo Palak ","description":" Karare Aloo Palak ","ingredients":["750g potatoes, peeled and cut into 2.5cm cubes","250g spinach leaves","3½ tbsp groundnut oil","1 onion, finely sliced","5cm piece fresh ginger, peeled and finely chopped","1 small green chilli, halved, seeded and finely sliced","1 tsp ground coriander","1/4 tsp ground turmeric","2 x 250g packs cooked Puy lentils","2 garlic cloves, cut into fine shreds","1/2 tsp cumin seeds","2 tbsp chopped fresh coriander"],"directions":["1. Boil the potatoes: Cook the potatoes for 8-10 minutes or until just tender. Drain.","2. Cook the spinach: While the potatoes are boiling, cook the spinach in a steamer over the potatoes for 3-4 minutes, or pierce the bag of spinach several times and cook in the microwave for 2-3 minutes or until wilted. Tip into a colander and drain, squeezing out most of the excess liquid by pressing with the back of a spoon.","3. Fry the onion and spices: Heat a large frying pan or wok with 3 tbsp oil. Add the onion and cook over a medium heat for 2 minutes, then stir in the ginger, chilli, ground coriander and turmeric. Cook for a few seconds, then add the potato cubes and stir-fry for 3-4 minutes. Separate the spinach leaves with two forks, then stir into the spicy potato mixture together with the lentils. Season to taste with salt. Heat gently until piping hot.","4. Complete the dish: While the potato mixture is warming through, heat the remaining oil in a small frying pan. Add the garlic shreds and cumin seeds, then cook for 1-2 minutes or until lightly browned. Stir in half the chopped coriander. Tip the potato and lentil mixture into a warmed serving dish and sprinkle with the garlic and cumin seed mixture and the remaining coriander."],"nutritionList":["Calories 630 kcal","protein 37 g","Fat 13 g","Saturates 2 g","Carbohydrates 97 g"],"serves":"serves: 4","preparationTime":"Ready in  30 mins"}
