{"hash":0,"title":" Chicken and sweet potato hash ","description":" This is a great supper dish to make with leftover roast chicken, or with turkey. Sweet potatoes are a colourful addition to the potatoes traditionally used in a hash, and sweetcorn adds a delightful texture. With its simple yogurt sauce, the hash needs only a crisp mixed salad and crusty, rustic bread to make a delicious meal. ","ingredients":["300 g (10½ oz) potatoes, peeled","500 g (1 lb 2 oz) orange-fleshed sweet potatoes, peeled","225 g (8 oz) leeks, sliced","2 tbsp sunflower oil","225 g (8 oz) cooked chicken meat, without skin, diced","170 g (6 oz) frozen sweetcorn, thawed with boiling water and drained","8 sun-dried tomatoes packed in oil, drained and chopped","1 tsp paprika","salt","Yogurt-garlic sauce","150 g (5½ oz) plain low-fat yogurt","1 small garlic clove, crushed","½ tsp paprika"],"directions":["1. Cut the potatoes and sweet potatoes into small bite-sized chunks. Drop into a pan of boiling water, bring back to the boil and boil for 2 minutes. Add the leeks and cook for a further 1 minute. Drain well.","2. Heat the oil in a large non-stick frying pan and add the leeks and potatoes. Cook over a moderate heat, stirring frequently, for 3–4 minutes or until beginning to brown.","3. Add the chicken, sweetcorn, sun-dried tomatoes, paprika and salt to taste, and mix thoroughly. Continue cooking for 3–5 minutes, pressing down well to make a cake in the pan, and turning it over in chunks, until brown and crispy on both sides.","4. For the sauce, put the yogurt, garlic and paprika in a bowl and stir to mix. Serve portions of hash topped with the yogurt sauce."],"nutritionList":["Calories 460 kcal","protein 23 g","Fat 18 g","Saturated Fat 3 g","Carbohydrates 56 g","Sugars 16 g","Fibre 6 g"],"serves":"serves: 4","preparationTime":"Ready in  27 mins"}
