{"hash":0,"title":" Ice Cold Mocha ","description":" No need to go get expensive coffee outside, here\u0027s a great recipe for a cold mocha right at home! Top with whipped cream if desired. ","ingredients":["350ml cold coffee","450ml semi skimmed milk","4 tablespoons chocolate topping","2 tablespoons caster sugar"],"directions":["1. Pour coffee into ice cube tray. Freeze until solid, or overnight.","2. In a mixie, combine coffee ice cubes, milk, chocolate syrup and sugar. Blend until smooth. Pour into glasses and serve."],"nutritionList":["Calories 163.5 kcal","Total Fat 2.6 g","Saturated Fat 1.6 g","Salt 76.4 mg","Protein 4.5 g","Sugars 27.7 g"],"serves":"serves: 4","preparationTime":"Ready in  25 mins"}
