{"hash":0,"title":" Pork Vindaloo ","description":" This world renowned dish is the best example of the Portuguese influence in Goa. The name itself in Portuguese is called \"Vinho de alho\" which literally means \"wine of garlic\" although traditionally made with pork it is now prepared with chicken, lamb and even shrimp. ","ingredients":["1 kg Pork with fat","20 Red Kashmiri Chillies","1 pod or 15 flakes of Garlic","8 Peppercorns","1 tablespoon Cumin seeds","Vinegar As required","Salt To taste","3 Green chillies slit."],"directions":["1. Cut the meat into 2 inch cubes, apply salt and set aside.","2. Grind together all the chillies, garlic, peppercorns and cumin into a fine paste using only vinegar.","3. Apply this masala to the meat along with 1/2 cup of vinegar. Let it marinate overnight in the refrigerator. The next day cook it on a slow flame. If it is too dry add in some vinegar. When it comes to a boil put in the slit green chillies and cook till the meat is tender."],"serves":"serves: 8","preparationTime":"Ready in  7 hours 20 mins"}
