{"hash":0,"title":" Fried Mushrooms ","description":" Give the usual mutter- mushroom curries a break. Here\u0027s a nice mushroom snack, I love it as a topping for toast. ","ingredients":["30g butter","1/2 tablespoon olive oil","1/2 tablespoon balsamic vinegar","1 clove garlic, minced","1/8 teaspoon dried oregano","500g mushrooms, sliced (button mushrooms like crimini preferred)"],"directions":["1. Melt butter with oil in a large frying pan over medium heat. Stir in balsamic vinegar, garlic, oregano and mushrooms. Sauté for 20 to 30 minutes, or until tender.","Too much of a good thing...","Dried oregano is a delicious addition to savoury dishes, but don\u0027t go wild just because you love the taste. Using too much oregano can impart a bitter flavour, so best to stay on the conservative side when using it in your cooking."],"nutritionList":["Calories 93.8 kcal","Total Fat 7.9 g","Saturated Fat 3.9 g","Salt 63.3 mg","Protein 2.3 g"],"serves":"serves: 4","preparationTime":"Ready in  40 mins"}
