{"hash":0,"title":" Prawn and mango balti ","description":" A tasty curry with a spicy kick, mellowed with reduced-fat coconut milk. The addition of fresh mango not only adds to the colour and appeal, but boosts the vitamin content of the dish. Serve with warm naan bread and a favourite Indian chutney. ","ingredients":["1 tbsp vegetable oil","1 onion, finely chopped","1 red chilli, deseeded and thinly sliced","3 tbsp balti curry paste","225ml reduced-fat coconut milk","2 vine-ripened tomatoes, skinned and chopped","1 ripe medium mango, peeled, stoned and diced","24 large raw tiger prawns, peeled and deveined (about 225g prepared weight)","2 tbsp chopped fresh coriander"],"directions":["1. Heat the oil in a large frying pan, add the onion and cook on a moderate heat for 5 minutes or until softened. Add the chilli and curry paste and cook for 1–2 minutes, taking care not to allow the paste to burn.","2. Add the coconut milk to the pan and stir well, then add the tomatoes. Cook gently for 10 minutes or until the tomatoes are soft and the sauce has thickened slightly, stirring occasionally.","3. Stir in the mango and cook for 1–2 minutes, then add the prawns and simmer gently for about 5 minutes until the prawns are pink and tender. Stir in the chopped coriander and serve immediately."],"nutritionList":["Calories 215 kcal","Protein 12 g","Fat 11 g","Saturates 4 g","Carbohydrates 19 g","Sugars 16 g","Fibre 4 g","Sodium 295 mg","Fruit and vegetables 200 g"],"serves":"serves: 4","preparationTime":"Ready in  45 mins"}
