{"hash":0,"title":" Dog Treats ","description":" This is our dog with his favourite treat. Every dog that\u0027s tried these gobbles them up in a second! ","ingredients":["250g whole wheat flour","1 tablespoon baking powder","275g unsalted peanut butter","225ml skimmed milk"],"directions":["1. Preheat the oven to 190 C. Grease baking trays. Stir together the flour and baking powder; set aside.","2. In a medium bowl, mix together the peanut butter and milk. Stir in the flour mixture until well blended. Turn out dough onto a lightly floured surface and knead until smooth. Roll out to 1cm thickness and cut into shapes using biscuit cutters. Place 2cm apart onto the prepared baking trays.","3. Bake for 20 minutes in the preheated oven, or until lightly brown. Remove from baking trays to cool on wire racks."],"serves":"serves: 18","preparationTime":"Ready in  35 mins"}
