{"hash":0,"title":" Dairy-Free Herb Cream Sauce ","description":" This is a vegan, dairy-free sauce. It\u0027s great over pasta, and provides a flavourful alternative to traditional cream sauces. You could use any fresh herbs you like. ","ingredients":["225g (8 oz) silken tofu","350ml (12 fl oz) soya milk","2 tablespoons soya margarine","5 cloves garlic, minced","1 tablespoon nutritional yeast","1/2 teaspoon paprika","1 dessertspoon dried dill","salt to taste","4 tablespoons water","1 tablespoon cornflour"],"directions":["1. Crumble tofu into a blender or food processor. Purée briefly, then add the soya milk, margarine, garlic, nutritional yeast, paprika, dill and salt. Process the mixture until smooth.","2. Pour the mixture into a saucepan and cook over medium heat until it comes to the boil. Combine the cornflour and water, pour into pan with the sauce. Continue cooking over medium heat until sauce has thickened, about 1 minute. Remove from heat and allow sauce to cool slightly, adjust flavours to taste and serve over pasta or roasted vegetables."],"nutritionList":["Calories 110.4 kcal","Calories from Fat 65.5 kcal","Fat 7.3 g","Saturated Fat 1.1 g","Sodium 80.7 mg","Potassium 498.4 mg","Carbohydrates 5.9 g","Protein 6.3 g"],"serves":"serves: 5","preparationTime":"Ready in  15 mins"}
