{"hash":0,"title":" Intense Fruit Smoothie ","description":" Gorgeous colour and absolutely refreshing. Use your favourite tinned fruit - I prefer peaches or pears. ","ingredients":["275g frozen mixed berries","1 (410g) tin sliced peaches, drained","2 tablespoons honey"],"directions":["1. In a blender, combine frozen fruit, tinned fruit and honey. Blend until smooth."],"nutritionList":["Calories 293.4 kcal","Protein 3.4 g","Sugars 69.2 g","Total Fat 0.3 g","Saturated Fat 0 g","Salt 13.4 mg"],"serves":"serves: 2","preparationTime":"Ready in  8 mins"}
