{"hash":0,"title":" Peanut Chicken Satay ","description":" Why go out for Thai when you can make it at home? This delicious Thai-style chicken satay recipe calls for chicken marinated in a peanut, soy and citrus sauce. Perfect for a party. ","ingredients":["2 tablespoons smooth peanut butter","7 tablespoons soy sauce","7 tablespoons lemon or lime juice","1 tablespoon dark brown soft sugar","2 tablespoons curry powder","2 cloves garlic, chopped","1 teaspoon hot sauce, such as Tabasco","6 skinless, boneless chicken breast fillets - diced"],"directions":["1. In a mixing bowl, combine peanut butter, soy sauce, lime juice, sugar, curry powder, garlic and hot sauce. Place the chicken in the marinade and refrigerate. Let the chicken marinate at least 2 hours; overnight is best.","2. Preheat barbecue to high heat.","3. Thread the chicken onto bamboo skewers, then cook for 5 minutes per side."],"nutritionList":["Calories 162.5 kcal","Total Fat 3 g","Saturated Fat 0.7 g","Sodium 702.6 mg","Protein 28.7 g"],"serves":"serves: 12","preparationTime":"Ready in  2 hours 30 mins"}
