{"hash":0,"title":" Chicken Korma ","description":" Chicken cooked in curd, cream and many spices. An unforgettable dish when served on a bed of pulao with some Peshawari naan. ","ingredients":["2 tablespoons oil","2 large chicken breasts, skinned and cut into chunks","1 clove garlic, finely chopped","1 large onion, sliced and chopped","1/2 teaspoon ground ginger","1/2 teaspoon chilli powder","1/2 teaspoon ground cinnamon","1/2 teaspoon ground turmeric","1/2 teaspoon ground white pepper","1 cup chopped tomatoes","4 tablespoons chicken stock","2 tablespoon ground almonds","4 tablespoons cream","4 tablespoons plain curd"],"directions":["1. Heat oil in a frying pan and fry chicken, garlic and onion until chicken is cooked through. Cut open a small piece to test that it is no longer pink.","2. Season with ginger, chilli powder, cinnamon, turmeric and white pepper and set the heat to medium. Mix in the tomatoes and chicken stock. Return to a simmer, and then stir in the almonds.","3. Stir in cream and curd, and then cook gently for 2 to 4 minutes, before serving on a bed of rice."],"nutritionList":["Calories 244.2 kcal","Protein 16.2 g","Sugars 5.5 g","Total Fat 16.2 g","Saturated Fat 5.2 g","Salt 184.1 mg"],"serves":"serves: 4","preparationTime":"Ready in  50 mins"}
