{"hash":0,"title":" Cretons ","description":" This is a Québécois pork spread with a similar taste to pâté but not as smooth. This is best appreciated spread on wholegrain toast with some onion jam. ","ingredients":["450g (1 lb) minced pork","225ml (8 fl oz) semi skimmed milk","1 onion, chopped","chopped garlic to taste","salt and freshly ground black pepper, to taste","1 pinch ground cloves","1 pinch ground allspice","30g (1 oz) dried breadcrumbs"],"directions":["1. Place the pork, milk, onion and garlic into a large saucepan. Season with salt, pepper, cloves and allspice. Cook over medium heat for about 1 hour, then stir in the breadcrumbs. Cook for 10 more minutes. Adjust seasonings to taste. Transfer to a small container and keep refrigerated."],"nutritionList":["Calories 100.6 kcal","Calories from Fat 53.8 kcal","Fat 6 g","Saturated Fat 2.3 g","Cholesterol 26.2 mg","Sodium 49.2 mg","Potassium 147 mg","Carbohydrates 3.5 g","Dietary Fibre 0.3 g","Protein 7.8 g","Vitamin A 13.5 mcg","Vitamin C 1.1 mg","Calcium 38.6 mg","Iron 0.5 mg","Thiamin 0.2 mg","Niacin Equivalents 2.9 mg","Vitamin B6 0.1 mg","Magnesium 11.4 mg","Folate 6.9 mcg"],"serves":"serves: 12","preparationTime":"Ready in  1 hour 20 mins"}
