{"hash":0,"title":" Cereal Bread ","description":" Cereal Bread ","ingredients":["85g (3 oz) Grape-Nuts","300ml (1/2 pint) buttermilk","150g (5 oz) caster sugar","1 teaspoon salt","1 egg","1 teaspoon bicarbonate of soda","30g (1 oz) butter, melted","250g (9 oz) plain flour"],"directions":["1. In a small bowl, soak cereal in buttermilk for 1 hour.","2. Preheat oven to 180 C / Gas mark 4. Grease and flour a 23x12cm (9x5 in) loaf tin.","3. In a large bowl, combine buttermilk mixture, sugar, salt, egg and bicarbonate of soda. Stir until sugar dissolves. Mix in the melted butter and the flour. Pour batter into prepared loaf tin.","4. Bake in preheated oven for about 45 minutes. Bread is done when a cocktail stick inserted into the centre of the loaf comes out clean."],"nutritionList":["Calories 185.3 kcal","Total Fat 3.1 g","Saturated Fat 0.9 g","Sodium 375.1 mg","Protein 4.3 g","Sugars 15 g"],"serves":"serves: 12","preparationTime":"Ready in  1 hour 55 mins"}
