{"hash":0,"title":" Garlicky Tomato Salad ","description":" Different colours and varieties of tomatoes tossed with a garlic vinaigrette, served on a bed of lettuce with pumpkin and sunflower seeds sprinkled on top. Yum! ","ingredients":["1 large soft lettuce, large leaves torn into smaller pieces","4 large or 6 small ripe plum tomatoes, about 500 g in total, sliced","20 cherry tomatoes, about 225 g in total, halved","16 fresh basil leaves","1½ tbsp toasted pumpkin seeds","1½ tbsp toasted sunflower seeds","Garlic vinaigrette","1 small garlic clove, very finely chopped","1½ tsp red wine vinegar","2 tbsp extra virgin olive oil","salt and pepper"],"directions":["1. To make the garlic vinaigrette, whisk together the garlic, vinegar, oil, and salt and pepper to taste in a small mixing bowl.","2. Place a layer of lettuce leaves on a serving platter or on 4 plates and arrange the sliced tomatoes and then the cherry tomatoes on top. Drizzle over the vinaigrette.","3. Scatter the basil leaves and the pumpkin and sunflower seeds over the tomatoes, and serve at once."],"nutritionList":["Calories 160 kcal","Protein 5 g","Fat 12 g","Saturated Fat 2 g","Carbohydrates 9 g","Sugars 7 g","Fibre 3 g"],"serves":"serves: 4","preparationTime":"Ready in  35 mins"}
