{"hash":0,"title":" African Coconut Truffle ","description":" Flour and coconut made into a dough and baked. This Nigerian dish, popularly called \"Shuku Shuku\" is a favourite with children of all ages. ","ingredients":["100g desiccated coconut","50g caster sugar","3 egg yolks","60g self-raising flour"],"directions":["1. Preheat the oven to 180 C.","2. Mix together the coconut, sugar and egg yolks to form a stiff dough-like consistency. Take a little of the mixture and squeeze into balls about 2.5cm (1 in) in diameter, coat with the flour and arrange on a baking tray.","3. Place on the middle shelf of preheated oven and bake until golden, usually about 20 minutes."],"nutritionList":["Calories 86.2 kcal","Protein 1.5 g","Sugars 4.2 g","Total fat 5.4 g","Saturated fat 4.1 g","Sodium 60.7 mg"],"serves":"serves: 14","preparationTime":"Ready in  30 mins"}
