{"hash":0,"title":" Oriental vegetable soup ","description":" Oriental vegetable soup ","ingredients":["100 g (3½ oz) baby pak choi (Chinese cabbage)","85 g (3 oz) carrots","4 spring onions","50 g (1¾ oz) shiitake mushrooms","60 g (2¼ oz) tofu","4 thin slices ginger","1 clove garlic","600 ml (1 pint) chicken stock","1 tablespoon soy sauce, or to taste","Black pepper"],"directions":["1. Finely shred the pak choi and set it aside in a bowl. Cut the carrots in half lengthways, slice them at an angle into thin half moons and add them to the pak choi. Cut the spring onions into thin, angled slices; finely slice the mushrooms; chop the tofu. Add them all to the bowl.","2. Cut the ginger slices and garlic into thin matchsticks and place them in a saucepan with the stock. Bring to the boil, then reduce the heat and simmer for 3 minutes.","3. When you are almost ready to serve, bring the stock back to the boil, add the vegetables and tofu and season to taste with soy sauce and pepper. Reduce the heat and simmer for 2 minutes, then serve.","4. Variations: for a vegetarian dish, use vegetable stock instead of chicken. Enoki mushrooms can be used instead of shiitake, and peeled, deseeded cucumber can replace the carrots."],"nutritionList":["Calories 31 kcal","Carbohydrates 2 g","Protein 3 g","Fat 1 g","Saturated Fat 0 g"],"serves":"serves: 4","preparationTime":"Ready in  20 mins"}
