{"hash":0,"title":" Tender beef in oyster sauce with fried rice ","description":" Stir-fries are a simple way to incorporate a variety of meat, vegetables and grains into your diet in one dish. Here, thin slices of rump steak team with egg-fried rice and colourful red pepper and broccoli to make a delicious combination of textures and flavours. ","ingredients":["2 tbsp sunflower oil","300 g (10½ oz) lean rump steak, trimmed of fat and cut across the grain into thin slices","1 garlic clove, thinly sliced","2.5 cm (1 in) piece fresh root ginger, cut into fine shreds","2 red onions, cut into wedges","1 large red pepper, seeded and sliced","200 g (7 oz) small broccoli florets","6 tbsp oyster sauce","fresh coriander leaves to garnish","Egg-fried rice:","225 g (8 oz) long-grain rice","1 tbsp sunflower oil","4 spring onions, sliced diagonally","100 g (3½ oz) frozen peas","2 eggs, beaten","1 tbsp light soy sauce"],"directions":["1. First cook the rice in a saucepan of boiling water for 10–12 minutes, or according to the packet instructions, until tender. Drain the rice well if necessary, return it to the pan, cover and keep hot.","2. Heat a wok or heavy-based frying pan until hot, add 1 tbsp of the oil and swirl to coat the wok. Add the beef, garlic and ginger and stir-fry for 2 minutes or until the beef is browned all over. Remove from the wok with a draining spoon and set aside.","3. Heat the remaining 1 tbsp oil in the wok until hot, then add the red onions, red pepper and broccoli. Stir-fry for 2 minutes or until the onions begin to colour. Return the beef and its juices to the wok, then add the oyster sauce and simmer for 1 minute.","4. At the same time as you are cooking the beef and vegetables, heat the oil for the egg-fried rice in another wok or frying pan and add the spring onions and petit pois. Stir-fry for 1 minute, then pour in the eggs and soy sauce and continue stirring until the eggs begin to scramble. Add the rice and stir well to mix, then leave to cook gently for 1 minute.","5. Spoon the rice into bowls, top with the beef mixture and garnish with coriander leaves. Serve immediately."],"nutritionList":["Calories 534 kcal","Protein 31 g","Fat 16 g","Saturated Fat 3 g","Carbohydrates 70 g","Sugars 12 g","Fibre 6 g"],"serves":"serves: 4","preparationTime":"Ready in  45 mins"}
