{"hash":0,"title":" Baked trout with cucumber sauce ","description":" Orange and lemon slices add a great flavour to this simple recipe for baked fish, and a cucumber and yogurt sauce provides a refreshing contrast. New potatoes are roasted in the oven with the fish. ","ingredients":["750 g (1 lb 10 oz) new potatoes, quartered lengthways, unpeeled","1 tbsp extra virgin olive oil","4 small trout, about 280 g (10 oz) each, cleaned","4 sprigs of fresh tarragon","1 orange, cut into 8 slices","1 lemon, cut into 8 slices","4 tbsp orange juice","100 g (3½ oz) watercress to garnish","Cucumber sauce","200 g (7 oz) cucumber","150 g (5½ oz) plain low-fat yogurt","2 tbsp chopped fresh mint","salt and pepper"],"directions":["1. Preheat the oven to 200ºC (400ºF, gas mark 6) and put 2 baking sheets in the oven to heat up. Put the potatoes in a large saucepan and pour over enough boiling water to cover them. Bring back to the boil, then simmer for 5 minutes. Drain and return to the pan.","2. Drizzle the oil over the potatoes and toss them quickly to coat. Spread them out on one of the hot baking sheets and roast for 10 minutes. Turn the potatoes over and roast for another 10 minutes, then turn them again and roast for a further 5 minutes or until crisp and tender.","3. Meanwhile, season inside the fish and tuck in the sprigs of tarragon. Cut out 4 squares of foil, each large enough to wrap up a fish. Cut the orange and lemon slices in half. Divide half the fruit slices among the foil squares, lay the fish on top and cover with the remaining slices. Sprinkle 1 tbsp orange juice over each fish.","4. Wrap up the foil to enclose the fish completely, twisting the ends to seal. Lay the parcels on the second hot baking sheet and bake for 20 minutes.","5. While the fish and potatoes are cooking, make the sauce. Grate the cucumber, put it into a sieve and press to squeeze out the water. Mix together the cucumber, yogurt and mint, and season with salt and pepper to taste.","6. Arrange the fish, orange and lemon slices and roasted potatoes on warm plates. Add a garnish of watercress and serve with the cucumber sauce."],"nutritionList":["Calories 440 kcal","protein 43 g","Fat 13 g","Saturated Fat 3 g","Carbohydrates 40 g","Sugars 12 g","Fibre 3.5 g"],"serves":"serves: 4","preparationTime":"Ready in  1 hour 10 mins"}
