{"hash":0,"title":" Olivada ","description":" This is a quick, garlicky Mediterranean olive spread. If you add capers, it will become French tapenade. ","ingredients":["675g (1 1/2 lb) whole, pitted Kalamata olives","5 tablespoons olive oil","2 cloves garlic"],"directions":["1. Place olives and garlic in an electric blender. Add olive oil in a stream while puréeing; process until mixture becomes a thick, but not too smooth paste."],"nutritionList":["Calories 181 kcal","Total Fat 17.8 g","Saturated Fat 2.2 g","Salt 782.5 mg","Protein 0.8 g","Sugars 0 g"],"serves":"serves: 14","preparationTime":"Ready in  15 mins"}
