{"hash":0,"title":" Five-spice pork ","description":" The simple Oriental technique of stir-frying is perfect for preparing meals in a hurry. It is also a great healthy cooking method because it uses just a small amount of oil and cooks vegetables quickly so that most of their beneficial vitamins and minerals are preserved. ","ingredients":["400 g (14 oz) pork fillet, trimmed of fat","250 g (8 ½ oz) medium Chinese egg noodles","1 tbsp sunflower oil","1 large onion, finely chopped","1 large garlic clove, crushed","1 tbsp five-spice powder","300 g (10 ½ oz) mange-tout or sugarsnap peas","2 large red peppers (or 1 red and 1 yellow or orange), seeded and thinly sliced","120 ml (4 fl oz) hot vegetable stock","salt and pepper","fresh coriander leaves to garnish"],"directions":["1. Cut the pork fillet across into 5 mm (¼ in) slices, then cut each slice into 5 mm (¼ in) strips. Cover and set aside.","2. Cook the noodles in a saucepan of boiling water for 4 minutes, or cook or soak them according to the packet instructions. Drain the noodles well and set aside.","3. While the noodles are cooking, heat a wok or a large heavy-based frying pan until hot. Add the oil and swirl to coat the wok, then add the onion and garlic and stir-fry for 1 minute. Add the five-spice powder and stir-fry for another minute.","4. Add the pork strips to the wok and stir-fry for 3 minutes. Add the mange-tout or sugarsnap peas and the peppers and stir-fry for a further 2 minutes. Pour in the stock, stir well and bring to the boil.","5. Add the noodles to the wok and stir and toss for 2–3 minutes or until all the ingredients are well combined. Season to taste and serve immediately, sprinkled with coriander leaves."],"nutritionList":["Calories 467 kcal","protein 34 g","Fat 13 g","Saturated Fat 3 g","Carbohydrates 58 g","Sugars 12 g","Fibre 6 g"],"serves":"serves: 4","preparationTime":"Ready in  35 mins"}
