{"hash":0,"title":" Puerto Rican Coquito ","description":" This creamy coconut and rum libation is a national tradition in Puerto Rico - a quintessential Christmas drink. ","ingredients":["1L coconut milk","6 tablespoons caster sugar","8 egg yolks","2 tsp vanilla essence","125ml dark rum","1/2 teaspoon freshly grated nutmeg"],"directions":["1. Combine the coconut milk and sugar in a saucepan and scald (heat but stop just short of boiling) over medium heat.","2. Beat the egg yolks with the vanilla. Beat in 125ml of the scalded mixture into the egg yolks. Whisk the egg yolk mixture into the scalded mixture. Stirring mixture constantly, cook over low heat until mixture reaches a temperature of 70 C. The mixture should be thick enough to coat the back of a spoon. DO NOT BOIL.","3. Sieve the mixture into a bowl. Stir in the rum and let cool to room temperature. Place cling film on the surface and refrigerate until well chilled. Once chilled, serve with nutmeg sprinkled on top."],"serves":"serves: 8","preparationTime":"Ready in  15 mins"}
