{"hash":0,"title":" Barbecued Portobello Burgers ","description":" Barbecued Portobello Burgers ","ingredients":["4 tablespoons balsamic vinegar","2 tablespoons olive oil","1 teaspoon dried basil","1 teaspoon dried oregano","1 tablespoon minced garlic","salt and freshly ground black pepper to taste","4 portobello mushrooms caps","4 slices mozzarella or Taleggio cheese (optional)"],"directions":["1. In a shallow dish, whisk together vinegar, oil, basil, oregano, garlic, salt and pepper. Place the mushroom caps in the dish and turn to coat with the vinegar mixture. Let stand at room temperature for 15 minutes or so, turning twice.","2. Preheat barbecue for medium-high heat.","3. Place mushrooms on the barbecue, reserving marinade for basting. Cook for 5 to 8 minutes on each side, or until tender. Brush with marinade frequently. Top with cheese during the last 2 minutes of barbecuing."],"nutritionList":["Calories 203.2 kcal","Total Fat 14.6 g","Saturated Fat 5.8 g","Sodium 356.2 mg","Protein 10.3 g"],"serves":"serves: 4","preparationTime":"Ready in  35 mins"}
