{"hash":0,"title":" Greek Dolmades ","description":" Here\u0027s a new, healthy twist on these delicious and popular little Greek parcels made with preserved grape leaves. To boost the fibre and nutrient content, brown rice is used instead of the traditional white. The filling for the vine leaves is flavoured with garlic and fresh herbs, with a hint of sweetness from raisins and crunch from walnuts. ","ingredients":["200 g long-grain brown rice","24 large grape leaves preserved in brine, about 115 g in total when drained","3 tbsp extra virgin olive oil","1 onion, finely chopped","1 large garlic clove, finely chopped","1 tbsp chopped parsley","1 tbsp chopped fresh mint","1 tbsp chopped fresh dill","grated zest and juice of 1 lemon","50 g raisins","50 g walnuts, chopped","salt and pepper","To garnish","lemon wedges","sprigs of fresh dill, parsley or mint"],"directions":["1. Put the rice in a saucepan and add 600 ml water. Bring to the boil. Stir, then cover with a tight-fitting lid and simmer very gently for 30–40 minutes or until the rice is tender and has absorbed all the water. Remove from the heat.","2. While the rice is cooking, drain the vine leaves, rinse with cold water and pat dry with paper napkins.","3. Heat 2 tbsp of the oil in a saucepan over a moderate heat. Add the onion and garlic, and cook, stirring occasionally, for 5–8 minutes or until soft. Remove from the heat and stir in the parsley, mint, dill, lemon zest and raisins.","4. Put the walnuts in a small frying pan and toast them over a moderate heat, stirring constantly, until lightly browned and aromatic.","5. Add the toasted walnuts to the onion mixture. Stir in the cooked rice and add the lemon juice (you may not need all of it), and salt and pepper to taste. Mix well.","6. Spread one of the vine leaves flat and place about 2 spoonfuls of the rice mixture in the centre. Fold over the stalk end, then fold in the sides. Roll up the leaf into a cylinder shape. Repeat with the remaining vine leaves and filling.","7. Place the rolls seam side down in a steamer and brush the tops with the remaining 1 tbsp olive oil. Cover and steam for 10–15 minutes or until piping hot. Serve hot or at room temperature, garnished with lemon wedges and sprigs of fresh herbs."],"nutritionList":["Calories 199 kcal","protein 4 g","Fat 9 g","Saturated Fat 1 g","Carbohydrates 27 g","Sugars 6 g","Fibre 1 g"],"serves":"serves: 8","preparationTime":"Ready in  1 hour 15 mins"}
