{"hash":0,"title":" Bunjal Chicken ","description":" Steamed chicken in a garlic and tomato curry sauce flavoured with garam masala. Traditionally eaten with rice or roti. ","ingredients":["1 whole chicken","1/2 teaspoon salt","2 tablespoons olive oil","1 onion, thinly sliced","1/4 teaspoon freshly ground black pepper","1 tablespoon crushed garlic","1/2 tablespoon tomato purée","1/2 teaspoon garam masala","1 teaspoon curry powder","1/4 teaspoon salt","4 tablespoons water"],"directions":["1. Preheat oven to 180 C / Gas mark 4. Place the chicken in a covered baking dish or casserole with 1/2 teaspoon of salt and olive oil.","2. Bake in the preheated oven for 40 minutes or until chicken is cooked through. Add the onion, pepper, garlic, tomato purée, garam masala, curry powder and 1/4 teaspoon salt. Mix all together, then add water for the ingredients to steam.","3. Return to the oven for 5 more minutes to blend all the flavours. Serve over rice or eat with naan or roti."],"serves":"serves: 6","preparationTime":"Ready in  1 hour"}
