{"hash":0,"title":" Bangan ka Bhurta (Indian Aubergine) ","description":" This is a very simple, quick and more importantly authentic Indian side dish of grilled aubergine and tomato. Best served with naan or roti. It should have a consistency of, um, well, \u0027mush\u0027 when finished - but it\u0027s delicious! ","ingredients":["1 aubergine","1 to 2 teaspoons vegetable oil","1 medium onion, chopped","2 plum tomatoes, chopped","1/4 teaspoon ground cayenne pepper","salt and freshly ground black pepper","4 sprigs fresh coriander, chopped"],"directions":["1. Preheat the oven grill. Place aubergine in a roasting tray, and grill 5 minutes, turning occasionally, until about half the skin is scorched.","2. Place aubergine in microwave safe dish. Cook 5 minutes on High in the microwave, or until tender. Cool enough to handle, then remove skin, leaving some scorched bits. Cut into thick slices.","3. Heat oil in a frying pan over medium heat. Stir in onion and cook until tender. Mix in aubergine and tomatoes. Season with cayenne pepper, salt and black pepper. Continue to cook and stir until soft. Garnish with coriander to serve."],"nutritionList":["Calories 63.9 kcal","Total Fat 1.6 g","Saturated Fat 0.2 g","Sodium 154.3 mg","Protein 2.1 g"],"serves":"serves: 4","preparationTime":"Ready in  30 mins"}
