{"hash":0,"title":" Baked Potato ","description":" A step by step recipe for making a baked potato. Use for jacket potatoes - try soured cream and chives, Cheddar cheese and bacon, chilli con carne or ratatouille. ","ingredients":["1 baking potato"],"directions":["1. Preheat oven to 180 C / Gas mark 4.","2. Scrub the potato and prick it with a fork to prevent steam from building up and causing the potato to explode in your oven.","3. Bake for 1 hour and 30 minutes. Serve hot."],"nutritionList":["Calories 128.8 kcal","Total Fat 0.1 g","Saturated Fat 0 g","Sodium 6.9 mg","Protein 2.7 g","Sugars 2.4 g"],"serves":"serves: 1","preparationTime":"Ready in  1 hour 32 mins"}
