{"hash":0,"title":" Mini fish pizzas ","description":" Ciabatta rolls make an instant base for easy home-made pizzas. These are topped with a mixture of seafood – canned tuna, cooked prawns and squid rings – and are given an authentic Italian flavour with red pesto and mozzarella. Serve with a crisp green leaf and vegetable salad for a nutritious fast meal. ","ingredients":["4 part-baked ciabatta rolls","4 tbsp red pesto","4 medium-sized tomatoes, each cut into 6 slices","1 can sweetcorn, about 200 g, well drained","125 g (4½ oz) mozzarella cheese, coarsely grated","1 can tuna in spring water, about 200 g, drained and flaked","100 g (3½ oz) cooked peeled prawns","100 g (3½ oz) squid rings","8 tsp extra virgin olive oil","salt and pepper","chopped parsley to garnish"],"directions":["1. Preheat the oven to 200°C (400°F, gas mark 6). Put a heavy baking sheet in the oven to heat up.","2. Split the rolls in half and spread the cut sides with the pesto, right to the edges. Arrange 3 slices of tomato on each half and sprinkle with the sweetcorn and grated mozzarella.","3. Divide the tuna, prawns and squid rings among the pizzas. Season with salt and pepper to taste and drizzle each pizza with 1 tsp of oil.","4. Put the pizzas on the hot baking sheet and bake for 10–12 minutes or until the cheese has just melted. Sprinkle with parsley and serve."],"nutritionList":["Calories 633 kcal","protein 44 g","Fat 30 g","Saturated Fat 9 g","Carbohydrates 50 g","Sugars 9 g","Fibre 3 g"],"serves":"serves: 4","preparationTime":"Ready in  22 mins"}
