{"hash":0,"title":" Tomato and Oat Soup ","description":" Don\u0027t be put off by the oats - this is a delicious thick tomato soup made with garlic and fresh coriander. Use vegetable stock if you want to make this vegetarian. ","ingredients":["3 tablespoons olive oil","5 tablespoons porridge oats","5 large tomatoes, halved and sliced","1 onion, chopped","1 clove garlic, chopped","750ml (1 1/4 pints) chicken stock, divided","1/2 bunch fresh coriander","1/2 teaspoon salt"],"directions":["1. Heat the olive oil in a large deep frying pan or casserole over medium low heat. Add the oats; cook and stir until toasted.","2. In a blender or large food processor, combine the tomatoes, onion, garlic, 1/2 of the stock and coriander. Blend until smooth. Pour into the pan with the toasted oats. Stir in the remaining stock, and bring to the boil. Mix in the salt. Cover, and simmer for 15 minutes."],"nutritionList":["Calories 225.7 kcal","Total Fat 12.4 g","Saturated Fat 1.7 g","Sodium 506.9 mg","Protein 5.7 g","Sugars 7.8 g"],"serves":"serves: 4","preparationTime":"Ready in  25 mins"}
