{"hash":0,"title":" Rajasthani besan ki mirch ","description":" Besan is found in most Marwari dishes. Here\u0027s a besan stuffing you can use to make anything. This is a spicy version with green chillies stuffed with besan masala. ","ingredients":["4 tablespoons oil","2 tablespoons besan","1 teaspoon red chilli powder","1/2 taspoon amchoor powder","1/2 teaspoon garam masala powder","1 teaspoon sauf","salt to taste","4-6 long and thick green chillies (cut lengthwise in half, seeds removed)","1/2 teaspoon mustard seeds"],"directions":["1. Heat 2 tablespoon oil in a pan and roast the besan on medium heat until it\u0027s light pink in color. When it cools down a little add all the dry masala to it.","2. Stuff besan masala into the green chillies.","3. Heat oil in a pan and add mustard seeds to it. When the seeds start to crackle, add the stuffed green chillies to the pan. Cook on low heat till green chillies are soft and tender."],"serves":"serves: 4","preparationTime":"Ready in  30 mins"}
