{"hash":0,"title":" Chilled Tomato Basil Soup ","description":" Tomatoes, basil, chicken stock and olive oil are chilled together in this cold soup. Perfect for when tomatoes are in season! ","ingredients":["1.75kg (4 lb) tomatoes, chopped","good handful fresh basil leaves","3 tablespoons white wine vinegar","salt to taste","750ml (1 1/4 pints) chicken stock","4 tablespoons extra virgin olive oil"],"directions":["1. In a blender or food processor, combine tomatoes, basil, vinegar and salt. Purée until smooth. Transfer to a serving dish and stir in stock.","2. Chill in refrigerator until cold, and drizzle olive oil on top just before serving."],"nutritionList":["Calories 239.7 kcal","Total Fat 16.5 g","Saturated Fat 2.4 g","Sodium 1697.1 mg","Protein 5.5 g"],"serves":"serves: 4","preparationTime":"Ready in  10 mins"}
