{"hash":0,"title":" Bacon Wrapped Scallops ","description":" Bacon Wrapped Scallops ","ingredients":["6 slices streaky bacon","12 scallops, rinsed and drained","3 tablespoons fresh lemon juice"],"directions":["1. Preheat oven to 180 C / Gas mark 4.","2. Cut the bacon slices in half and wrap each half around a scallop. Use a cocktail stick to secure in place.","3. Drizzle lemon juice over scallops. Place on a baking tray. Bake in a preheated oven for 15 to 20 minutes or until bacon is crisp. Serve warm."],"nutritionList":["Calories 275.9 kcal","Total Fat 24.5 g","Saturated Fat 9 g","Sodium 379.2 mg","Protein 11.2 g"],"serves":"serves: 4","preparationTime":"Ready in  25 mins"}
