{"hash":0,"title":" Teriyaki Glaze ","description":" This glaze is delicious to baste chicken, steaks and fish. You could also use it as a dipping sauce. ","ingredients":["450ml (16 fl oz) soy sauce","175g (6 oz) dark brown soft sugar, divided","150g (5 oz) caster sugar, divided","8 spring onions, roughly chopped","4 slices fresh root ginger","1 clove garlic, chopped","225g (8 oz) honey"],"directions":["1. Combine soy sauce, 3/4 of the brown sugar, 3/4 of the caster sugar, spring onions, ginger and garlic in a 2 litre saucepan. Bring the mixture to the boil. Reduce the heat to low and simmer for 15 minutes.","2. Pour the remaining sugar and the honey into the saucepan. Bring to the boil. The mixture will rise and foam, when it does this and doubles in size remove the pan from heat and cool."],"nutritionList":["Calories 106.3 kcal","Total Fat 0 g","Saturated Fat 0 g","Sodium 1223.4 mg","Protein 1.3 g"],"serves":"serves: 24","preparationTime":"Ready in  30 mins"}
