{"hash":0,"title":" Rich Lemon Bars ","description":" A buttery base lends sweetness to these tart lemon bars made with double cream for extra richness. ","ingredients":["200g (7 oz) plain flour","100g (3 ¾ oz) cornflour","200g (7 oz) butter, room temperature","100g (3 ¾ oz) sugar","600ml (1 pint) double cream","300g (11 oz) caster sugar","4 eggs","100g (3 ¾ oz) flour","3 large lemons, zested and juiced"],"directions":["1. To make the base, combine flour and cornflour in a medium bowl. Rub the butter in until the mixture resembles breadcrumbs. Add the sugar and keep mixing to form smooth dough. Wrap in clingfilm and put it in the refrigerator for 30 minutes.","2. Preheat the oven to 180 degrees C (Gas Mark 4). Roll the dough out to line a 20x30cm baking tin. Bake for 10 to 15 minutes, or until golden in colour.","3. Meanwhile, make the topping by whisking the cream, sugar and eggs together in a large bowl. Add the flour, lemon zest and juice and continue to whisk until the mixture is smooth.","4. Remove the cooked shortbread base from the oven and IMMEDIATELY pour on the lemon cream mixture. Return to the oven and bake for another 25 minutes, or until the topping is set.","5. Remove from the oven and leave to cool completely before slicing and serving."],"serves":"serves: 25","preparationTime":"Ready in  50 mins"}
