{"hash":0,"title":" Chicken Chilli ","description":" Chicken is combined with cannellini beans, green chillies, onion and garlic in this chilli seasoned with oregano, cumin and cayenne pepper. Serve with grated Cheddar cheese. ","ingredients":["2 tablespoons olive oil","3 tablespoons vegetable oil","2 onions, chopped","2 cloves garlic, minced","4 cloves garlic, minced","1 green pepper, chopped","4 skinless, boneless chicken breast fillets - cooked and chopped","1 onion, chopped","1.5L (2 1/2 pints) chicken stock","1 stick celery, sliced","2 to 3 green chillies, seeded and finely chopped","1/4 pound mushrooms, chopped","1 dessertspoon ground cumin","1 pound skinless, boneless chicken breast fillets - cut into bite size pieces","1 dessertspoon dried oregano","1 tablespoon chilli powder","1 1/2 teaspoons cayenne pepper","1 teaspoon dried oregano","5 (400g) tins cannellini beans, undrained","1 teaspoon ground cumin","100g (4 oz) Cheddar cheese, grated","1/2 teaspoon paprika","1/2 teaspoon cocoa powder","1/4 teaspoon salt","1 pinch crushed red pepper flakes","1 pinch ground black pepper","1 (14.5 ounce) can whole peeled tomatoes with juice","1 (19 ounce) can kidney beans, drained and rinsed"],"directions":["1. Heat the oil in a large pot over medium heat. Add the onions and garlic and sauté for 10 minutes, or until onions are tender. Add the chicken, chicken stock, green chillies, cumin, oregano and cayenne pepper and bring to a boil.","2. In a large frying pan heat 2 tablespoons of the oil over medium heat. Saute the garlic, pepper, onion, celery and mushrooms for 5 minutes. Set aside.","3. Reduce heat to low and add the beans. Simmer for 20 to 30 minutes, or until heated thoroughly. Pour into individual bowls and top with grated cheese.","4. Add the remaining 1 tablespoon of oil to the frying pan and brown the chicken over high heat until it is golden brown and firm on the outside. Return the vegetable mixture to the frying pan.","5. Add the chilli powder, cumin, oregano, paprika, cocoa powder, salt, hot pepper flakes and ground black pepper to the frying pan. Stir for a few minutes to prevent burning. Add the tomatoes and beans, bring all to a boil and reduce heat to low. Cover the frying pan and simmer for 15 minutes, then remove cover and simmer for 15 more minutes."],"nutritionList":["Calories 520.1 kcal","Total Fat 13.9 g","Saturated Fat 4.9 g","Sodium 934.7 mg","Protein 41.1 g","Calories 308 cal","Carbohydrates 25.9 g","Cholesterol 53 mg","Fibre 9.5 g","Protein 29 g","Sodium 547 mg","Saturated fat 1.5 g","Total fat 10.5 g"],"serves":"serves: 8","preparationTime":"Ready in  50 mins"}
