{"hash":0,"title":" Four Bean Salad ","description":" If you are a bean aficionado, you\u0027ll love this salad. There are butter beans, kidney beans, green beans and pinto beans, along with some crunchy celery and green pepper. This recipe calls for jarred pimentos but you can use jarred red peppers instead. A sweet vinaigrette is stirred in, and then it\u0027s chilled for a few hours to let the flavours mingle. ","ingredients":["200g (7 oz) caster sugar","225ml (8 fl oz) white wine vinegar","1 tablespoon vegetable oil","1 onion, chopped","1 green pepper, chopped","6 stalks celery, chopped","1 (400g) tin green beans, drained","1 (400g) tin butter beans, drained","1 (400g) tin kidney beans, drained","1 (400g) tin pinto beans, drained","100g (4 oz) jarred pimentos or red peppers, drained"],"directions":["1. In a large salad bowl, whisk together the sugar, vinegar and oil.","2. Add the onion, green pepper, celery, beans and pimentos or red peppers.","3. Toss to evenly coat and place in large sealed container. Place in refrigerator and turn periodically to mix."],"nutritionList":["Calories 215.6 kcal","Calories from Fat 18.3 kcal","Fat 2 g","Saturated Fat 0.3 g","Cholesterol 0 mg","Sodium 552.6 mg","Carbohydrates 43.8 g","Dietary Fibre 8.4 g","Protein 7.2 g","Vitamin A 156.2 mcg","Vitamin C 24.2 mg","Calcium 59 mg","Iron 2.7 mg"],"serves":"serves: 10","preparationTime":"Ready in  15 mins"}
