{"hash":0,"title":" Light rye bread ","description":" Rye flour is lower in gluten than wheat, so it produces a close-textured, moist loaf. Caraway seeds are a traditional seasoning, complementing the nutty flavour of rye to make an excellent bread that goes well with fish – particularly smoked mackerel, grilled kippers and pickled herrings – and soft cheeses. ","ingredients":["300 g (10½ oz) rye flour","100 g (3½ oz) strong white (bread) flour","½ tsp salt","1 tsp caster sugar","1 sachet easy-blend dried yeast, about 7 g","2 tsp caraway seeds","2 tbsp extra virgin olive oil","200 ml (7 fl oz) tepid water"],"directions":["1. Sift the rye flour, white flour, salt and sugar into a bowl, and stir in the yeast and caraway seeds. Stir the olive oil into the tepid water, then pour this over the flour mixture. Mix the ingredients together with a wooden spoon at first, then with your hand, to make a stiff, but sticky and slightly grainy dough.","2. Turn the dough out onto a floured work surface and knead for about 10 minutes or until smooth. The dough should be very firm. Shape it into an oval loaf about 18 cm (7 in) long, and place it on a greased baking sheet. Cover loosely with cling film and leave to rise in a warm place for about 1 hour or until almost doubled in size. It will be slightly cracked on top.","3. Towards the end of the rising time, preheat the oven to 200ºC (400ºF, gas mark 6). Uncover the loaf and bake for 40–45 minutes or until it is lightly browned and sounds hollow when tapped on the base.","4. Transfer to a wire rack and leave to cool. Once cold, place the loaf in a polythene bag and leave overnight (this allows the crust to soften). After this, the loaf can be kept for up to 2 days."],"nutritionList":["Calories 65 kcal","protein 1.5 g","Fat 1 g","Saturated Fat 0 g","Carbohydrates 13 g","Sugars 0 g","Fibre 1.5 g"],"serves":"serves: 24","preparationTime":"Ready in  2 hours 5 mins"}
