{"hash":0,"title":" Best Guacamole ","description":" The trick to great guacamole is - of course - good avocados. Make sure your avocados are ripe, and the Haas variety is always best. Serve this dip with tortilla crisps or an array of fresh vegetables. ","ingredients":["2 avocados","1/2 lemon, juiced","2 tablespoons chopped onion","1/2 teaspoon salt","2 tablespoons extra virgin olive oil"],"directions":["1. Cut the avocados into halves. Remove the stones, and scoop out the pulp into a small bowl. Use a fork to mash the avocado. Stir in lemon juice, onion, salt and olive oil. Cover the bowl, and refrigerate for up to 1 hour before serving."],"nutritionList":["Calories 56.5 kcal","Total Fat 5.5 g","Saturated Fat 0.8 g","Sodium 75.3 mg","Protein 0.6 g","Sugars 0.4 g"],"serves":"serves: 16","preparationTime":"Ready in  5 mins"}
