{"hash":0,"title":" Butter palak chicken ","description":" This dish is a little different from the traditional butter chicken. You can add an extra spicy kick to this by adding green chillies. ","ingredients":["2 tablespoons butter","1 tablespoon whole garam masala","4 garlic cloves (finely chopped)","2 medium-sized onions (sliced)","2 medium-sized tomatoes (chopped)","1 teaspoon dhaniya powder","pepper to taste","salt to taste","1 bunch spinach leaves (chopped)","1 full chicken (medium cut pieces) - skinned and washed"],"directions":["1. Melt butter in a pan and add the garam masala to it. Add in onion, garlic, spinach, tomatoes, dhaniya powder, pepper and salt. Mix well and sauté until the tomatoes soften.","2. Add the chicken pieces to the pan. Cook on medium heat until chicken is done. Serve with a dollop of butter and enjoy with chapaati or naan."],"serves":"serves: 4","preparationTime":"Ready in  3 hours 30 mins"}
